2024-02-16 12:11:37,521 [Worker-5: Loading available Gradle versions] INFO  o.e.b.c.i.u.g.PublishedGradleVersions - Gradle version information cache is out-of-date. Trying to update.
2024-02-16 12:13:40,345 [Worker-11: Import Getting Started Content] INFO  o.e.m.c.i.e.AbstractTransferListenerAdapter - Downloading https://repo.maven.apache.org/maven2/org/springframework/boot/spring-boot-starter-parent/3.2.2/spring-boot-starter-parent-3.2.2.pom
2024-02-16 12:13:40,366 [Worker-11: Import Getting Started Content] INFO  o.e.m.c.i.e.AbstractTransferListenerAdapter - Downloaded https://repo.maven.apache.org/maven2/org/springframework/boot/spring-boot-starter-parent/3.2.2/spring-boot-starter-parent-3.2.2.pom
2024-02-16 12:13:40,426 [Worker-11: Import Getting Started Content] INFO  o.e.m.c.i.e.AbstractTransferListenerAdapter - Downloading https://repo.maven.apache.org/maven2/org/springframework/boot/spring-boot-dependencies/3.2.2/spring-boot-dependencies-3.2.2.pom
2024-02-16 12:13:40,511 [Worker-11: Import Getting Started Content] INFO  o.e.m.c.i.e.AbstractTransferListenerAdapter - Downloaded https://repo.maven.apache.org/maven2/org/springframework/boot/spring-boot-dependencies/3.2.2/spring-boot-dependencies-3.2.2.pom
2024-02-16 12:13:40,703 [Worker-11: Import Getting Started Content] INFO  o.e.m.c.i.e.AbstractTransferListenerAdapter - Downloading https://repo.maven.apache.org/maven2/org/apache/groovy/groovy-bom/4.0.17/groovy-bom-4.0.17.pom
2024-02-16 12:13:40,725 [Worker-11: Import Getting Started Content] INFO  o.e.m.c.i.e.AbstractTransferListenerAdapter - Downloaded https://repo.maven.apache.org/maven2/org/apache/groovy/groovy-bom/4.0.17/groovy-bom-4.0.17.pom
2024-02-16 12:13:40,857 [Worker-11: Import Getting Started Content] INFO  o.e.m.c.i.e.AbstractTransferListenerAdapter - Downloading https://repo.maven.apache.org/maven2/org/jetbrains/kotlin/kotlin-bom/1.9.22/kotlin-bom-1.9.22.pom
2024-02-16 12:13:40,861 [Worker-11: Import Getting Started Content] INFO  o.e.m.c.i.e.AbstractTransferListenerAdapter - Downloaded https://repo.maven.apache.org/maven2/org/jetbrains/kotlin/kotlin-bom/1.9.22/kotlin-bom-1.9.22.pom
2024-02-16 12:13:40,935 [Worker-11: Import Getting Started Content] INFO  o.e.m.c.i.e.AbstractTransferListenerAdapter - Downloading https://repo.maven.apache.org/maven2/io/micrometer/micrometer-bom/1.12.2/micrometer-bom-1.12.2.pom
2024-02-16 12:13:40,939 [Worker-11: Import Getting Started Content] INFO  o.e.m.c.i.e.AbstractTransferListenerAdapter - Downloaded https://repo.maven.apache.org/maven2/io/micrometer/micrometer-bom/1.12.2/micrometer-bom-1.12.2.pom
2024-02-16 12:13:40,983 [Worker-11: Import Getting Started Content] INFO  o.e.m.c.i.e.AbstractTransferListenerAdapter - Downloading https://repo.maven.apache.org/maven2/io/micrometer/micrometer-tracing-bom/1.2.2/micrometer-tracing-bom-1.2.2.pom
2024-02-16 12:13:40,986 [Worker-11: Import Getting Started Content] INFO  o.e.m.c.i.e.AbstractTransferListenerAdapter - Downloaded https://repo.maven.apache.org/maven2/io/micrometer/micrometer-tracing-bom/1.2.2/micrometer-tracing-bom-1.2.2.pom
2024-02-16 12:13:41,035 [Worker-11: Import Getting Started Content] INFO  o.e.m.c.i.e.AbstractTransferListenerAdapter - Downloading https://repo.maven.apache.org/maven2/io/netty/netty-bom/4.1.105.Final/netty-bom-4.1.105.Final.pom
2024-02-16 12:13:41,040 [Worker-11: Import Getting Started Content] INFO  o.e.m.c.i.e.AbstractTransferListenerAdapter - Downloaded https://repo.maven.apache.org/maven2/io/netty/netty-bom/4.1.105.Final/netty-bom-4.1.105.Final.pom
2024-02-16 12:13:41,107 [Worker-11: Import Getting Started Content] INFO  o.e.m.c.i.e.AbstractTransferListenerAdapter - Downloading https://repo.maven.apache.org/maven2/com/oracle/database/jdbc/ojdbc-bom/21.9.0.0/ojdbc-bom-21.9.0.0.pom
2024-02-16 12:13:41,109 [Worker-11: Import Getting Started Content] INFO  o.e.m.c.i.e.AbstractTransferListenerAdapter - Downloaded https://repo.maven.apache.org/maven2/com/oracle/database/jdbc/ojdbc-bom/21.9.0.0/ojdbc-bom-21.9.0.0.pom
2024-02-16 12:13:41,166 [Worker-11: Import Getting Started Content] INFO  o.e.m.c.i.e.AbstractTransferListenerAdapter - Downloading https://repo.maven.apache.org/maven2/io/projectreactor/reactor-bom/2023.0.2/reactor-bom-2023.0.2.pom
2024-02-16 12:13:41,170 [Worker-11: Import Getting Started Content] INFO  o.e.m.c.i.e.AbstractTransferListenerAdapter - Downloaded https://repo.maven.apache.org/maven2/io/projectreactor/reactor-bom/2023.0.2/reactor-bom-2023.0.2.pom
2024-02-16 12:13:41,286 [Worker-11: Import Getting Started Content] INFO  o.e.m.c.i.e.AbstractTransferListenerAdapter - Downloading https://repo.maven.apache.org/maven2/org/springframework/data/spring-data-bom/2023.1.2/spring-data-bom-2023.1.2.pom
2024-02-16 12:13:41,290 [Worker-11: Import Getting Started Content] INFO  o.e.m.c.i.e.AbstractTransferListenerAdapter - Downloaded https://repo.maven.apache.org/maven2/org/springframework/data/spring-data-bom/2023.1.2/spring-data-bom-2023.1.2.pom
2024-02-16 12:13:41,322 [Worker-11: Import Getting Started Content] INFO  o.e.m.c.i.e.AbstractTransferListenerAdapter - Downloading https://repo.maven.apache.org/maven2/org/springframework/spring-framework-bom/6.1.3/spring-framework-bom-6.1.3.pom
2024-02-16 12:13:41,339 [Worker-11: Import Getting Started Content] INFO  o.e.m.c.i.e.AbstractTransferListenerAdapter - Downloaded https://repo.maven.apache.org/maven2/org/springframework/spring-framework-bom/6.1.3/spring-framework-bom-6.1.3.pom
2024-02-16 12:13:41,382 [Worker-11: Import Getting Started Content] INFO  o.e.m.c.i.e.AbstractTransferListenerAdapter - Downloading https://repo.maven.apache.org/maven2/org/springframework/pulsar/spring-pulsar-bom/1.0.2/spring-pulsar-bom-1.0.2.pom
2024-02-16 12:13:41,387 [Worker-11: Import Getting Started Content] INFO  o.e.m.c.i.e.AbstractTransferListenerAdapter - Downloaded https://repo.maven.apache.org/maven2/org/springframework/pulsar/spring-pulsar-bom/1.0.2/spring-pulsar-bom-1.0.2.pom
2024-02-16 12:13:41,446 [Worker-11: Import Getting Started Content] INFO  o.e.m.c.i.e.AbstractTransferListenerAdapter - Downloading https://repo.maven.apache.org/maven2/org/springframework/ws/spring-ws-bom/4.0.10/spring-ws-bom-4.0.10.pom
2024-02-16 12:13:41,450 [Worker-11: Import Getting Started Content] INFO  o.e.m.c.i.e.AbstractTransferListenerAdapter - Downloaded https://repo.maven.apache.org/maven2/org/springframework/ws/spring-ws-bom/4.0.10/spring-ws-bom-4.0.10.pom
2024-02-16 12:13:42,054 [Worker-11: Import Getting Started Content] INFO  o.e.m.c.i.e.AbstractTransferListenerAdapter - Downloading https://repo.maven.apache.org/maven2/org/springframework/boot/spring-boot-maven-plugin/3.2.2/spring-boot-maven-plugin-3.2.2.pom
2024-02-16 12:13:42,060 [Worker-11: Import Getting Started Content] INFO  o.e.m.c.i.e.AbstractTransferListenerAdapter - Downloaded https://repo.maven.apache.org/maven2/org/springframework/boot/spring-boot-maven-plugin/3.2.2/spring-boot-maven-plugin-3.2.2.pom
2024-02-16 12:13:42,115 [Worker-11: Import Getting Started Content] INFO  o.e.m.c.i.e.AbstractTransferListenerAdapter - Downloading https://repo.maven.apache.org/maven2/org/springframework/boot/spring-boot-maven-plugin/3.2.2/spring-boot-maven-plugin-3.2.2.jar
2024-02-16 12:13:42,192 [Worker-11: Import Getting Started Content] INFO  o.e.m.c.i.e.AbstractTransferListenerAdapter - Downloaded https://repo.maven.apache.org/maven2/org/springframework/boot/spring-boot-maven-plugin/3.2.2/spring-boot-maven-plugin-3.2.2.jar
2024-02-16 12:13:42,774 [Worker-11: Import Getting Started Content] INFO  o.e.m.c.i.l.LifecycleMappingFactory - Using org.eclipse.m2e.jdt.JarLifecycleMapping lifecycle mapping for MavenProject: in.aarav.rubral:SpringBoot2MVCFirst:1.0 @ /Users/aaravrubral/Documents/workspace/SpringBoot2MVCFirst/pom.xml.
2024-02-16 12:13:42,840 [Worker-11: Import Getting Started Content] INFO  o.e.m.c.i.e.AbstractTransferListenerAdapter - Downloading https://repo.maven.apache.org/maven2/org/springframework/boot/spring-boot-starter-web/3.2.2/spring-boot-starter-web-3.2.2.pom
2024-02-16 12:13:42,844 [Worker-11: Import Getting Started Content] INFO  o.e.m.c.i.e.AbstractTransferListenerAdapter - Downloaded https://repo.maven.apache.org/maven2/org/springframework/boot/spring-boot-starter-web/3.2.2/spring-boot-starter-web-3.2.2.pom
2024-02-16 12:13:42,886 [Worker-11: Import Getting Started Content] INFO  o.e.m.c.i.e.AbstractTransferListenerAdapter - Downloading https://repo.maven.apache.org/maven2/org/springframework/boot/spring-boot-starter/3.2.2/spring-boot-starter-3.2.2.pom
2024-02-16 12:13:42,890 [Worker-11: Import Getting Started Content] INFO  o.e.m.c.i.e.AbstractTransferListenerAdapter - Downloaded https://repo.maven.apache.org/maven2/org/springframework/boot/spring-boot-starter/3.2.2/spring-boot-starter-3.2.2.pom
2024-02-16 12:13:42,924 [Worker-11: Import Getting Started Content] INFO  o.e.m.c.i.e.AbstractTransferListenerAdapter - Downloading https://repo.maven.apache.org/maven2/org/springframework/boot/spring-boot/3.2.2/spring-boot-3.2.2.pom
2024-02-16 12:13:42,929 [Worker-11: Import Getting Started Content] INFO  o.e.m.c.i.e.AbstractTransferListenerAdapter - Downloaded https://repo.maven.apache.org/maven2/org/springframework/boot/spring-boot/3.2.2/spring-boot-3.2.2.pom
2024-02-16 12:13:42,979 [Worker-11: Import Getting Started Content] INFO  o.e.m.c.i.e.AbstractTransferListenerAdapter - Downloading https://repo.maven.apache.org/maven2/org/springframework/spring-core/6.1.3/spring-core-6.1.3.pom
2024-02-16 12:13:42,982 [Worker-11: Import Getting Started Content] INFO  o.e.m.c.i.e.AbstractTransferListenerAdapter - Downloaded https://repo.maven.apache.org/maven2/org/springframework/spring-core/6.1.3/spring-core-6.1.3.pom
2024-02-16 12:13:43,017 [Worker-11: Import Getting Started Content] INFO  o.e.m.c.i.e.AbstractTransferListenerAdapter - Downloading https://repo.maven.apache.org/maven2/org/springframework/spring-jcl/6.1.3/spring-jcl-6.1.3.pom
2024-02-16 12:13:43,022 [Worker-11: Import Getting Started Content] INFO  o.e.m.c.i.e.AbstractTransferListenerAdapter - Downloaded https://repo.maven.apache.org/maven2/org/springframework/spring-jcl/6.1.3/spring-jcl-6.1.3.pom
2024-02-16 12:13:43,074 [Worker-11: Import Getting Started Content] INFO  o.e.m.c.i.e.AbstractTransferListenerAdapter - Downloading https://repo.maven.apache.org/maven2/org/springframework/spring-context/6.1.3/spring-context-6.1.3.pom
2024-02-16 12:13:43,080 [Worker-11: Import Getting Started Content] INFO  o.e.m.c.i.e.AbstractTransferListenerAdapter - Downloaded https://repo.maven.apache.org/maven2/org/springframework/spring-context/6.1.3/spring-context-6.1.3.pom
2024-02-16 12:13:43,126 [Worker-11: Import Getting Started Content] INFO  o.e.m.c.i.e.AbstractTransferListenerAdapter - Downloading https://repo.maven.apache.org/maven2/org/springframework/spring-aop/6.1.3/spring-aop-6.1.3.pom
2024-02-16 12:13:43,130 [Worker-11: Import Getting Started Content] INFO  o.e.m.c.i.e.AbstractTransferListenerAdapter - Downloaded https://repo.maven.apache.org/maven2/org/springframework/spring-aop/6.1.3/spring-aop-6.1.3.pom
2024-02-16 12:13:43,171 [Worker-11: Import Getting Started Content] INFO  o.e.m.c.i.e.AbstractTransferListenerAdapter - Downloading https://repo.maven.apache.org/maven2/org/springframework/spring-beans/6.1.3/spring-beans-6.1.3.pom
2024-02-16 12:13:43,174 [Worker-11: Import Getting Started Content] INFO  o.e.m.c.i.e.AbstractTransferListenerAdapter - Downloaded https://repo.maven.apache.org/maven2/org/springframework/spring-beans/6.1.3/spring-beans-6.1.3.pom
2024-02-16 12:13:43,210 [Worker-11: Import Getting Started Content] INFO  o.e.m.c.i.e.AbstractTransferListenerAdapter - Downloading https://repo.maven.apache.org/maven2/org/springframework/spring-expression/6.1.3/spring-expression-6.1.3.pom
2024-02-16 12:13:43,213 [Worker-11: Import Getting Started Content] INFO  o.e.m.c.i.e.AbstractTransferListenerAdapter - Downloaded https://repo.maven.apache.org/maven2/org/springframework/spring-expression/6.1.3/spring-expression-6.1.3.pom
2024-02-16 12:13:43,246 [Worker-11: Import Getting Started Content] INFO  o.e.m.c.i.e.AbstractTransferListenerAdapter - Downloading https://repo.maven.apache.org/maven2/io/micrometer/micrometer-observation/1.12.2/micrometer-observation-1.12.2.pom
2024-02-16 12:13:43,249 [Worker-11: Import Getting Started Content] INFO  o.e.m.c.i.e.AbstractTransferListenerAdapter - Downloaded https://repo.maven.apache.org/maven2/io/micrometer/micrometer-observation/1.12.2/micrometer-observation-1.12.2.pom
2024-02-16 12:13:43,277 [Worker-11: Import Getting Started Content] INFO  o.e.m.c.i.e.AbstractTransferListenerAdapter - Downloading https://repo.maven.apache.org/maven2/io/micrometer/micrometer-commons/1.12.2/micrometer-commons-1.12.2.pom
2024-02-16 12:13:43,281 [Worker-11: Import Getting Started Content] INFO  o.e.m.c.i.e.AbstractTransferListenerAdapter - Downloaded https://repo.maven.apache.org/maven2/io/micrometer/micrometer-commons/1.12.2/micrometer-commons-1.12.2.pom
2024-02-16 12:13:43,312 [Worker-11: Import Getting Started Content] INFO  o.e.m.c.i.e.AbstractTransferListenerAdapter - Downloading https://repo.maven.apache.org/maven2/org/springframework/boot/spring-boot-autoconfigure/3.2.2/spring-boot-autoconfigure-3.2.2.pom
2024-02-16 12:13:43,315 [Worker-11: Import Getting Started Content] INFO  o.e.m.c.i.e.AbstractTransferListenerAdapter - Downloaded https://repo.maven.apache.org/maven2/org/springframework/boot/spring-boot-autoconfigure/3.2.2/spring-boot-autoconfigure-3.2.2.pom
2024-02-16 12:13:43,415 [Worker-11: Import Getting Started Content] INFO  o.e.m.c.i.e.AbstractTransferListenerAdapter - Downloading https://repo.maven.apache.org/maven2/org/springframework/boot/spring-boot-starter-logging/3.2.2/spring-boot-starter-logging-3.2.2.pom
2024-02-16 12:13:43,417 [Worker-11: Import Getting Started Content] INFO  o.e.m.c.i.e.AbstractTransferListenerAdapter - Downloaded https://repo.maven.apache.org/maven2/org/springframework/boot/spring-boot-starter-logging/3.2.2/spring-boot-starter-logging-3.2.2.pom
2024-02-16 12:13:43,466 [Worker-11: Import Getting Started Content] INFO  o.e.m.c.i.e.AbstractTransferListenerAdapter - Downloading https://repo.maven.apache.org/maven2/org/slf4j/slf4j-api/2.0.11/slf4j-api-2.0.11.pom
2024-02-16 12:13:43,469 [Worker-11: Import Getting Started Content] INFO  o.e.m.c.i.e.AbstractTransferListenerAdapter - Downloaded https://repo.maven.apache.org/maven2/org/slf4j/slf4j-api/2.0.11/slf4j-api-2.0.11.pom
2024-02-16 12:13:43,492 [Worker-11: Import Getting Started Content] INFO  o.e.m.c.i.e.AbstractTransferListenerAdapter - Downloading https://repo.maven.apache.org/maven2/org/slf4j/slf4j-parent/2.0.11/slf4j-parent-2.0.11.pom
2024-02-16 12:13:43,497 [Worker-11: Import Getting Started Content] INFO  o.e.m.c.i.e.AbstractTransferListenerAdapter - Downloaded https://repo.maven.apache.org/maven2/org/slf4j/slf4j-parent/2.0.11/slf4j-parent-2.0.11.pom
2024-02-16 12:13:43,532 [Worker-11: Import Getting Started Content] INFO  o.e.m.c.i.e.AbstractTransferListenerAdapter - Downloading https://repo.maven.apache.org/maven2/org/slf4j/slf4j-bom/2.0.11/slf4j-bom-2.0.11.pom
2024-02-16 12:13:43,536 [Worker-11: Import Getting Started Content] INFO  o.e.m.c.i.e.AbstractTransferListenerAdapter - Downloaded https://repo.maven.apache.org/maven2/org/slf4j/slf4j-bom/2.0.11/slf4j-bom-2.0.11.pom
2024-02-16 12:13:43,650 [Worker-11: Import Getting Started Content] INFO  o.e.m.c.i.e.AbstractTransferListenerAdapter - Downloading https://repo.maven.apache.org/maven2/org/slf4j/jul-to-slf4j/2.0.11/jul-to-slf4j-2.0.11.pom
2024-02-16 12:13:43,652 [Worker-11: Import Getting Started Content] INFO  o.e.m.c.i.e.AbstractTransferListenerAdapter - Downloaded https://repo.maven.apache.org/maven2/org/slf4j/jul-to-slf4j/2.0.11/jul-to-slf4j-2.0.11.pom
2024-02-16 12:13:43,693 [Worker-11: Import Getting Started Content] INFO  o.e.m.c.i.e.AbstractTransferListenerAdapter - Downloading https://repo.maven.apache.org/maven2/org/springframework/boot/spring-boot-starter-json/3.2.2/spring-boot-starter-json-3.2.2.pom
2024-02-16 12:13:43,695 [Worker-11: Import Getting Started Content] INFO  o.e.m.c.i.e.AbstractTransferListenerAdapter - Downloaded https://repo.maven.apache.org/maven2/org/springframework/boot/spring-boot-starter-json/3.2.2/spring-boot-starter-json-3.2.2.pom
2024-02-16 12:13:43,743 [Worker-11: Import Getting Started Content] INFO  o.e.m.c.i.e.AbstractTransferListenerAdapter - Downloading https://repo.maven.apache.org/maven2/org/springframework/spring-web/6.1.3/spring-web-6.1.3.pom
2024-02-16 12:13:43,747 [Worker-11: Import Getting Started Content] INFO  o.e.m.c.i.e.AbstractTransferListenerAdapter - Downloaded https://repo.maven.apache.org/maven2/org/springframework/spring-web/6.1.3/spring-web-6.1.3.pom
2024-02-16 12:13:43,786 [Worker-11: Import Getting Started Content] INFO  o.e.m.c.i.e.AbstractTransferListenerAdapter - Downloading https://repo.maven.apache.org/maven2/com/fasterxml/jackson/core/jackson-databind/2.15.3/jackson-databind-2.15.3.pom
2024-02-16 12:13:43,790 [Worker-11: Import Getting Started Content] INFO  o.e.m.c.i.e.AbstractTransferListenerAdapter - Downloaded https://repo.maven.apache.org/maven2/com/fasterxml/jackson/core/jackson-databind/2.15.3/jackson-databind-2.15.3.pom
2024-02-16 12:13:43,823 [Worker-11: Import Getting Started Content] INFO  o.e.m.c.i.e.AbstractTransferListenerAdapter - Downloading https://repo.maven.apache.org/maven2/com/fasterxml/jackson/jackson-base/2.15.3/jackson-base-2.15.3.pom
2024-02-16 12:13:43,829 [Worker-11: Import Getting Started Content] INFO  o.e.m.c.i.e.AbstractTransferListenerAdapter - Downloaded https://repo.maven.apache.org/maven2/com/fasterxml/jackson/jackson-base/2.15.3/jackson-base-2.15.3.pom
2024-02-16 12:13:43,864 [Worker-11: Import Getting Started Content] INFO  o.e.m.c.i.e.AbstractTransferListenerAdapter - Downloading https://repo.maven.apache.org/maven2/org/junit/junit-bom/5.9.2/junit-bom-5.9.2.pom
2024-02-16 12:13:43,873 [Worker-11: Import Getting Started Content] INFO  o.e.m.c.i.e.AbstractTransferListenerAdapter - Downloaded https://repo.maven.apache.org/maven2/org/junit/junit-bom/5.9.2/junit-bom-5.9.2.pom
2024-02-16 12:13:43,953 [Worker-11: Import Getting Started Content] INFO  o.e.m.c.i.e.AbstractTransferListenerAdapter - Downloading https://repo.maven.apache.org/maven2/com/fasterxml/jackson/core/jackson-annotations/2.15.3/jackson-annotations-2.15.3.pom
2024-02-16 12:13:43,958 [Worker-11: Import Getting Started Content] INFO  o.e.m.c.i.e.AbstractTransferListenerAdapter - Downloaded https://repo.maven.apache.org/maven2/com/fasterxml/jackson/core/jackson-annotations/2.15.3/jackson-annotations-2.15.3.pom
2024-02-16 12:13:44,001 [Worker-11: Import Getting Started Content] INFO  o.e.m.c.i.e.AbstractTransferListenerAdapter - Downloading https://repo.maven.apache.org/maven2/com/fasterxml/jackson/core/jackson-core/2.15.3/jackson-core-2.15.3.pom
2024-02-16 12:13:44,005 [Worker-11: Import Getting Started Content] INFO  o.e.m.c.i.e.AbstractTransferListenerAdapter - Downloaded https://repo.maven.apache.org/maven2/com/fasterxml/jackson/core/jackson-core/2.15.3/jackson-core-2.15.3.pom
2024-02-16 12:13:44,084 [Worker-11: Import Getting Started Content] INFO  o.e.m.c.i.e.AbstractTransferListenerAdapter - Downloading https://repo.maven.apache.org/maven2/com/fasterxml/jackson/datatype/jackson-datatype-jdk8/2.15.3/jackson-datatype-jdk8-2.15.3.pom
2024-02-16 12:13:44,088 [Worker-11: Import Getting Started Content] INFO  o.e.m.c.i.e.AbstractTransferListenerAdapter - Downloaded https://repo.maven.apache.org/maven2/com/fasterxml/jackson/datatype/jackson-datatype-jdk8/2.15.3/jackson-datatype-jdk8-2.15.3.pom
2024-02-16 12:13:44,230 [Worker-11: Import Getting Started Content] INFO  o.e.m.c.i.e.AbstractTransferListenerAdapter - Downloading https://repo.maven.apache.org/maven2/com/fasterxml/jackson/module/jackson-modules-java8/2.15.3/jackson-modules-java8-2.15.3.pom
2024-02-16 12:13:44,233 [Worker-11: Import Getting Started Content] INFO  o.e.m.c.i.e.AbstractTransferListenerAdapter - Downloaded https://repo.maven.apache.org/maven2/com/fasterxml/jackson/module/jackson-modules-java8/2.15.3/jackson-modules-java8-2.15.3.pom
2024-02-16 12:13:44,315 [Worker-11: Import Getting Started Content] INFO  o.e.m.c.i.e.AbstractTransferListenerAdapter - Downloading https://repo.maven.apache.org/maven2/com/fasterxml/jackson/datatype/jackson-datatype-jsr310/2.15.3/jackson-datatype-jsr310-2.15.3.pom
2024-02-16 12:13:44,320 [Worker-11: Import Getting Started Content] INFO  o.e.m.c.i.e.AbstractTransferListenerAdapter - Downloaded https://repo.maven.apache.org/maven2/com/fasterxml/jackson/datatype/jackson-datatype-jsr310/2.15.3/jackson-datatype-jsr310-2.15.3.pom
2024-02-16 12:13:44,362 [Worker-11: Import Getting Started Content] INFO  o.e.m.c.i.e.AbstractTransferListenerAdapter - Downloading https://repo.maven.apache.org/maven2/com/fasterxml/jackson/module/jackson-module-parameter-names/2.15.3/jackson-module-parameter-names-2.15.3.pom
2024-02-16 12:13:44,366 [Worker-11: Import Getting Started Content] INFO  o.e.m.c.i.e.AbstractTransferListenerAdapter - Downloaded https://repo.maven.apache.org/maven2/com/fasterxml/jackson/module/jackson-module-parameter-names/2.15.3/jackson-module-parameter-names-2.15.3.pom
2024-02-16 12:13:44,400 [Worker-11: Import Getting Started Content] INFO  o.e.m.c.i.e.AbstractTransferListenerAdapter - Downloading https://repo.maven.apache.org/maven2/org/springframework/boot/spring-boot-starter-tomcat/3.2.2/spring-boot-starter-tomcat-3.2.2.pom
2024-02-16 12:13:44,403 [Worker-11: Import Getting Started Content] INFO  o.e.m.c.i.e.AbstractTransferListenerAdapter - Downloaded https://repo.maven.apache.org/maven2/org/springframework/boot/spring-boot-starter-tomcat/3.2.2/spring-boot-starter-tomcat-3.2.2.pom
2024-02-16 12:13:44,448 [Worker-11: Import Getting Started Content] INFO  o.e.m.c.i.e.AbstractTransferListenerAdapter - Downloading https://repo.maven.apache.org/maven2/org/apache/tomcat/embed/tomcat-embed-core/10.1.18/tomcat-embed-core-10.1.18.pom
2024-02-16 12:13:44,452 [Worker-11: Import Getting Started Content] INFO  o.e.m.c.i.e.AbstractTransferListenerAdapter - Downloaded https://repo.maven.apache.org/maven2/org/apache/tomcat/embed/tomcat-embed-core/10.1.18/tomcat-embed-core-10.1.18.pom
2024-02-16 12:13:44,487 [Worker-11: Import Getting Started Content] INFO  o.e.m.c.i.e.AbstractTransferListenerAdapter - Downloading https://repo.maven.apache.org/maven2/org/apache/tomcat/embed/tomcat-embed-el/10.1.18/tomcat-embed-el-10.1.18.pom
2024-02-16 12:13:44,490 [Worker-11: Import Getting Started Content] INFO  o.e.m.c.i.e.AbstractTransferListenerAdapter - Downloaded https://repo.maven.apache.org/maven2/org/apache/tomcat/embed/tomcat-embed-el/10.1.18/tomcat-embed-el-10.1.18.pom
2024-02-16 12:13:44,526 [Worker-11: Import Getting Started Content] INFO  o.e.m.c.i.e.AbstractTransferListenerAdapter - Downloading https://repo.maven.apache.org/maven2/org/apache/tomcat/embed/tomcat-embed-websocket/10.1.18/tomcat-embed-websocket-10.1.18.pom
2024-02-16 12:13:44,529 [Worker-11: Import Getting Started Content] INFO  o.e.m.c.i.e.AbstractTransferListenerAdapter - Downloaded https://repo.maven.apache.org/maven2/org/apache/tomcat/embed/tomcat-embed-websocket/10.1.18/tomcat-embed-websocket-10.1.18.pom
2024-02-16 12:13:44,576 [Worker-11: Import Getting Started Content] INFO  o.e.m.c.i.e.AbstractTransferListenerAdapter - Downloading https://repo.maven.apache.org/maven2/org/springframework/spring-webmvc/6.1.3/spring-webmvc-6.1.3.pom
2024-02-16 12:13:44,580 [Worker-11: Import Getting Started Content] INFO  o.e.m.c.i.e.AbstractTransferListenerAdapter - Downloaded https://repo.maven.apache.org/maven2/org/springframework/spring-webmvc/6.1.3/spring-webmvc-6.1.3.pom
2024-02-16 12:13:44,626 [Worker-11: Import Getting Started Content] INFO  o.e.m.c.i.e.AbstractTransferListenerAdapter - Downloading https://repo.maven.apache.org/maven2/org/springframework/boot/spring-boot-starter-test/3.2.2/spring-boot-starter-test-3.2.2.pom
2024-02-16 12:13:44,630 [Worker-11: Import Getting Started Content] INFO  o.e.m.c.i.e.AbstractTransferListenerAdapter - Downloaded https://repo.maven.apache.org/maven2/org/springframework/boot/spring-boot-starter-test/3.2.2/spring-boot-starter-test-3.2.2.pom
2024-02-16 12:13:44,677 [Worker-11: Import Getting Started Content] INFO  o.e.m.c.i.e.AbstractTransferListenerAdapter - Downloading https://repo.maven.apache.org/maven2/org/springframework/boot/spring-boot-test/3.2.2/spring-boot-test-3.2.2.pom
2024-02-16 12:13:44,679 [Worker-11: Import Getting Started Content] INFO  o.e.m.c.i.e.AbstractTransferListenerAdapter - Downloaded https://repo.maven.apache.org/maven2/org/springframework/boot/spring-boot-test/3.2.2/spring-boot-test-3.2.2.pom
2024-02-16 12:13:44,738 [Worker-11: Import Getting Started Content] INFO  o.e.m.c.i.e.AbstractTransferListenerAdapter - Downloading https://repo.maven.apache.org/maven2/org/springframework/boot/spring-boot-test-autoconfigure/3.2.2/spring-boot-test-autoconfigure-3.2.2.pom
2024-02-16 12:13:44,741 [Worker-11: Import Getting Started Content] INFO  o.e.m.c.i.e.AbstractTransferListenerAdapter - Downloaded https://repo.maven.apache.org/maven2/org/springframework/boot/spring-boot-test-autoconfigure/3.2.2/spring-boot-test-autoconfigure-3.2.2.pom
2024-02-16 12:13:44,820 [Worker-11: Import Getting Started Content] INFO  o.e.m.c.i.e.AbstractTransferListenerAdapter - Downloading https://repo.maven.apache.org/maven2/net/bytebuddy/byte-buddy/1.14.11/byte-buddy-1.14.11.pom
2024-02-16 12:13:44,825 [Worker-11: Import Getting Started Content] INFO  o.e.m.c.i.e.AbstractTransferListenerAdapter - Downloaded https://repo.maven.apache.org/maven2/net/bytebuddy/byte-buddy/1.14.11/byte-buddy-1.14.11.pom
2024-02-16 12:13:44,875 [Worker-11: Import Getting Started Content] INFO  o.e.m.c.i.e.AbstractTransferListenerAdapter - Downloading https://repo.maven.apache.org/maven2/net/bytebuddy/byte-buddy-parent/1.14.11/byte-buddy-parent-1.14.11.pom
2024-02-16 12:13:44,927 [Worker-11: Import Getting Started Content] INFO  o.e.m.c.i.e.AbstractTransferListenerAdapter - Downloaded https://repo.maven.apache.org/maven2/net/bytebuddy/byte-buddy-parent/1.14.11/byte-buddy-parent-1.14.11.pom
2024-02-16 12:13:45,009 [Worker-11: Import Getting Started Content] INFO  o.e.m.c.i.e.AbstractTransferListenerAdapter - Downloading https://repo.maven.apache.org/maven2/net/bytebuddy/byte-buddy-agent/1.14.11/byte-buddy-agent-1.14.11.pom
2024-02-16 12:13:45,039 [Worker-11: Import Getting Started Content] INFO  o.e.m.c.i.e.AbstractTransferListenerAdapter - Downloaded https://repo.maven.apache.org/maven2/net/bytebuddy/byte-buddy-agent/1.14.11/byte-buddy-agent-1.14.11.pom
2024-02-16 12:13:45,086 [Worker-11: Import Getting Started Content] INFO  o.e.m.c.i.e.AbstractTransferListenerAdapter - Downloading https://repo.maven.apache.org/maven2/org/springframework/spring-test/6.1.3/spring-test-6.1.3.pom
2024-02-16 12:13:45,088 [Worker-11: Import Getting Started Content] INFO  o.e.m.c.i.e.AbstractTransferListenerAdapter - Downloaded https://repo.maven.apache.org/maven2/org/springframework/spring-test/6.1.3/spring-test-6.1.3.pom
2024-02-16 12:13:45,170 [Worker-11: Import Getting Started Content] INFO  o.e.m.c.i.e.AbstractTransferListenerAdapter - Downloading https://repo.maven.apache.org/maven2/org/springframework/boot/spring-boot-starter-web/3.2.2/spring-boot-starter-web-3.2.2.jar
2024-02-16 12:13:45,202 [Worker-11: Import Getting Started Content] INFO  o.e.m.c.i.e.AbstractTransferListenerAdapter - Downloaded https://repo.maven.apache.org/maven2/org/springframework/boot/spring-boot-starter-web/3.2.2/spring-boot-starter-web-3.2.2.jar
2024-02-16 12:13:45,236 [BasicRepositoryConnector-repo.maven.apache.org-0-0] INFO  o.e.m.c.i.e.AbstractTransferListenerAdapter - Downloading https://repo.maven.apache.org/maven2/org/springframework/boot/spring-boot-starter/3.2.2/spring-boot-starter-3.2.2.jar
2024-02-16 12:13:45,243 [BasicRepositoryConnector-repo.maven.apache.org-0-0] INFO  o.e.m.c.i.e.AbstractTransferListenerAdapter - Downloaded https://repo.maven.apache.org/maven2/org/springframework/boot/spring-boot-starter/3.2.2/spring-boot-starter-3.2.2.jar
2024-02-16 12:13:45,279 [BasicRepositoryConnector-repo.maven.apache.org-0-0] INFO  o.e.m.c.i.e.AbstractTransferListenerAdapter - Downloading https://repo.maven.apache.org/maven2/org/springframework/boot/spring-boot-starter-json/3.2.2/spring-boot-starter-json-3.2.2.jar
2024-02-16 12:13:45,283 [BasicRepositoryConnector-repo.maven.apache.org-0-0] INFO  o.e.m.c.i.e.AbstractTransferListenerAdapter - Downloaded https://repo.maven.apache.org/maven2/org/springframework/boot/spring-boot-starter-json/3.2.2/spring-boot-starter-json-3.2.2.jar
2024-02-16 12:13:45,307 [BasicRepositoryConnector-repo.maven.apache.org-0-3] INFO  o.e.m.c.i.e.AbstractTransferListenerAdapter - Downloading https://repo.maven.apache.org/maven2/org/springframework/boot/spring-boot-starter-logging/3.2.2/spring-boot-starter-logging-3.2.2.jar
2024-02-16 12:13:45,311 [BasicRepositoryConnector-repo.maven.apache.org-0-3] INFO  o.e.m.c.i.e.AbstractTransferListenerAdapter - Downloaded https://repo.maven.apache.org/maven2/org/springframework/boot/spring-boot-starter-logging/3.2.2/spring-boot-starter-logging-3.2.2.jar
2024-02-16 12:13:45,382 [BasicRepositoryConnector-repo.maven.apache.org-0-0] INFO  o.e.m.c.i.e.AbstractTransferListenerAdapter - Downloading https://repo.maven.apache.org/maven2/com/fasterxml/jackson/core/jackson-databind/2.15.3/jackson-databind-2.15.3.jar
2024-02-16 12:13:45,383 [BasicRepositoryConnector-repo.maven.apache.org-0-2] INFO  o.e.m.c.i.e.AbstractTransferListenerAdapter - Downloading https://repo.maven.apache.org/maven2/org/springframework/boot/spring-boot-autoconfigure/3.2.2/spring-boot-autoconfigure-3.2.2.jar
2024-02-16 12:13:45,389 [BasicRepositoryConnector-repo.maven.apache.org-0-1] INFO  o.e.m.c.i.e.AbstractTransferListenerAdapter - Downloading https://repo.maven.apache.org/maven2/org/springframework/boot/spring-boot/3.2.2/spring-boot-3.2.2.jar
2024-02-16 12:13:45,391 [BasicRepositoryConnector-repo.maven.apache.org-0-4] INFO  o.e.m.c.i.e.AbstractTransferListenerAdapter - Downloading https://repo.maven.apache.org/maven2/org/slf4j/jul-to-slf4j/2.0.11/jul-to-slf4j-2.0.11.jar
2024-02-16 12:13:45,393 [BasicRepositoryConnector-repo.maven.apache.org-0-3] INFO  o.e.m.c.i.e.AbstractTransferListenerAdapter - Downloading https://repo.maven.apache.org/maven2/com/fasterxml/jackson/core/jackson-annotations/2.15.3/jackson-annotations-2.15.3.jar
2024-02-16 12:13:45,398 [BasicRepositoryConnector-repo.maven.apache.org-0-4] INFO  o.e.m.c.i.e.AbstractTransferListenerAdapter - Downloaded https://repo.maven.apache.org/maven2/org/slf4j/jul-to-slf4j/2.0.11/jul-to-slf4j-2.0.11.jar
2024-02-16 12:13:45,499 [BasicRepositoryConnector-repo.maven.apache.org-0-4] INFO  o.e.m.c.i.e.AbstractTransferListenerAdapter - Downloading https://repo.maven.apache.org/maven2/com/fasterxml/jackson/core/jackson-core/2.15.3/jackson-core-2.15.3.jar
2024-02-16 12:13:45,513 [BasicRepositoryConnector-repo.maven.apache.org-0-3] INFO  o.e.m.c.i.e.AbstractTransferListenerAdapter - Downloaded https://repo.maven.apache.org/maven2/com/fasterxml/jackson/core/jackson-annotations/2.15.3/jackson-annotations-2.15.3.jar
2024-02-16 12:13:45,550 [BasicRepositoryConnector-repo.maven.apache.org-0-3] INFO  o.e.m.c.i.e.AbstractTransferListenerAdapter - Downloading https://repo.maven.apache.org/maven2/com/fasterxml/jackson/datatype/jackson-datatype-jdk8/2.15.3/jackson-datatype-jdk8-2.15.3.jar
2024-02-16 12:13:45,620 [BasicRepositoryConnector-repo.maven.apache.org-0-3] INFO  o.e.m.c.i.e.AbstractTransferListenerAdapter - Downloaded https://repo.maven.apache.org/maven2/com/fasterxml/jackson/datatype/jackson-datatype-jdk8/2.15.3/jackson-datatype-jdk8-2.15.3.jar
2024-02-16 12:13:45,691 [BasicRepositoryConnector-repo.maven.apache.org-0-3] INFO  o.e.m.c.i.e.AbstractTransferListenerAdapter - Downloading https://repo.maven.apache.org/maven2/com/fasterxml/jackson/datatype/jackson-datatype-jsr310/2.15.3/jackson-datatype-jsr310-2.15.3.jar
2024-02-16 12:13:45,856 [BasicRepositoryConnector-repo.maven.apache.org-0-3] INFO  o.e.m.c.i.e.AbstractTransferListenerAdapter - Downloaded https://repo.maven.apache.org/maven2/com/fasterxml/jackson/datatype/jackson-datatype-jsr310/2.15.3/jackson-datatype-jsr310-2.15.3.jar
2024-02-16 12:13:45,890 [BasicRepositoryConnector-repo.maven.apache.org-0-3] INFO  o.e.m.c.i.e.AbstractTransferListenerAdapter - Downloading https://repo.maven.apache.org/maven2/com/fasterxml/jackson/module/jackson-module-parameter-names/2.15.3/jackson-module-parameter-names-2.15.3.jar
2024-02-16 12:13:45,894 [BasicRepositoryConnector-repo.maven.apache.org-0-4] INFO  o.e.m.c.i.e.AbstractTransferListenerAdapter - Downloaded https://repo.maven.apache.org/maven2/com/fasterxml/jackson/core/jackson-core/2.15.3/jackson-core-2.15.3.jar
2024-02-16 12:13:45,911 [BasicRepositoryConnector-repo.maven.apache.org-0-3] INFO  o.e.m.c.i.e.AbstractTransferListenerAdapter - Downloaded https://repo.maven.apache.org/maven2/com/fasterxml/jackson/module/jackson-module-parameter-names/2.15.3/jackson-module-parameter-names-2.15.3.jar
2024-02-16 12:13:45,935 [BasicRepositoryConnector-repo.maven.apache.org-0-4] INFO  o.e.m.c.i.e.AbstractTransferListenerAdapter - Downloading https://repo.maven.apache.org/maven2/org/springframework/boot/spring-boot-starter-tomcat/3.2.2/spring-boot-starter-tomcat-3.2.2.jar
2024-02-16 12:13:45,944 [BasicRepositoryConnector-repo.maven.apache.org-0-4] INFO  o.e.m.c.i.e.AbstractTransferListenerAdapter - Downloaded https://repo.maven.apache.org/maven2/org/springframework/boot/spring-boot-starter-tomcat/3.2.2/spring-boot-starter-tomcat-3.2.2.jar
2024-02-16 12:13:45,950 [BasicRepositoryConnector-repo.maven.apache.org-0-3] INFO  o.e.m.c.i.e.AbstractTransferListenerAdapter - Downloading https://repo.maven.apache.org/maven2/org/apache/tomcat/embed/tomcat-embed-core/10.1.18/tomcat-embed-core-10.1.18.jar
2024-02-16 12:13:45,996 [BasicRepositoryConnector-repo.maven.apache.org-0-4] INFO  o.e.m.c.i.e.AbstractTransferListenerAdapter - Downloading https://repo.maven.apache.org/maven2/org/apache/tomcat/embed/tomcat-embed-el/10.1.18/tomcat-embed-el-10.1.18.jar
2024-02-16 12:13:46,111 [BasicRepositoryConnector-repo.maven.apache.org-0-4] INFO  o.e.m.c.i.e.AbstractTransferListenerAdapter - Downloaded https://repo.maven.apache.org/maven2/org/apache/tomcat/embed/tomcat-embed-el/10.1.18/tomcat-embed-el-10.1.18.jar
2024-02-16 12:13:46,164 [BasicRepositoryConnector-repo.maven.apache.org-0-4] INFO  o.e.m.c.i.e.AbstractTransferListenerAdapter - Downloading https://repo.maven.apache.org/maven2/org/apache/tomcat/embed/tomcat-embed-websocket/10.1.18/tomcat-embed-websocket-10.1.18.jar
2024-02-16 12:13:46,167 [BasicRepositoryConnector-repo.maven.apache.org-0-0] INFO  o.e.m.c.i.e.AbstractTransferListenerAdapter - Downloaded https://repo.maven.apache.org/maven2/com/fasterxml/jackson/core/jackson-databind/2.15.3/jackson-databind-2.15.3.jar
2024-02-16 12:13:46,207 [BasicRepositoryConnector-repo.maven.apache.org-0-0] INFO  o.e.m.c.i.e.AbstractTransferListenerAdapter - Downloading https://repo.maven.apache.org/maven2/org/springframework/spring-web/6.1.3/spring-web-6.1.3.jar
2024-02-16 12:13:46,262 [BasicRepositoryConnector-repo.maven.apache.org-0-4] INFO  o.e.m.c.i.e.AbstractTransferListenerAdapter - Downloaded https://repo.maven.apache.org/maven2/org/apache/tomcat/embed/tomcat-embed-websocket/10.1.18/tomcat-embed-websocket-10.1.18.jar
2024-02-16 12:13:46,340 [BasicRepositoryConnector-repo.maven.apache.org-0-4] INFO  o.e.m.c.i.e.AbstractTransferListenerAdapter - Downloading https://repo.maven.apache.org/maven2/org/springframework/spring-beans/6.1.3/spring-beans-6.1.3.jar
2024-02-16 12:13:46,672 [BasicRepositoryConnector-repo.maven.apache.org-0-1] INFO  o.e.m.c.i.e.AbstractTransferListenerAdapter - Downloaded https://repo.maven.apache.org/maven2/org/springframework/boot/spring-boot/3.2.2/spring-boot-3.2.2.jar
2024-02-16 12:13:46,771 [BasicRepositoryConnector-repo.maven.apache.org-0-1] INFO  o.e.m.c.i.e.AbstractTransferListenerAdapter - Downloading https://repo.maven.apache.org/maven2/io/micrometer/micrometer-observation/1.12.2/micrometer-observation-1.12.2.jar
2024-02-16 12:13:46,772 [BasicRepositoryConnector-repo.maven.apache.org-0-4] INFO  o.e.m.c.i.e.AbstractTransferListenerAdapter - Downloaded https://repo.maven.apache.org/maven2/org/springframework/spring-beans/6.1.3/spring-beans-6.1.3.jar
2024-02-16 12:13:46,795 [BasicRepositoryConnector-repo.maven.apache.org-0-1] INFO  o.e.m.c.i.e.AbstractTransferListenerAdapter - Downloaded https://repo.maven.apache.org/maven2/io/micrometer/micrometer-observation/1.12.2/micrometer-observation-1.12.2.jar
2024-02-16 12:13:46,834 [BasicRepositoryConnector-repo.maven.apache.org-0-4] INFO  o.e.m.c.i.e.AbstractTransferListenerAdapter - Downloading https://repo.maven.apache.org/maven2/io/micrometer/micrometer-commons/1.12.2/micrometer-commons-1.12.2.jar
2024-02-16 12:13:46,885 [BasicRepositoryConnector-repo.maven.apache.org-0-1] INFO  o.e.m.c.i.e.AbstractTransferListenerAdapter - Downloading https://repo.maven.apache.org/maven2/org/springframework/spring-webmvc/6.1.3/spring-webmvc-6.1.3.jar
2024-02-16 12:13:46,893 [BasicRepositoryConnector-repo.maven.apache.org-0-0] INFO  o.e.m.c.i.e.AbstractTransferListenerAdapter - Downloaded https://repo.maven.apache.org/maven2/org/springframework/spring-web/6.1.3/spring-web-6.1.3.jar
2024-02-16 12:13:46,899 [BasicRepositoryConnector-repo.maven.apache.org-0-4] INFO  o.e.m.c.i.e.AbstractTransferListenerAdapter - Downloaded https://repo.maven.apache.org/maven2/io/micrometer/micrometer-commons/1.12.2/micrometer-commons-1.12.2.jar
2024-02-16 12:13:46,915 [BasicRepositoryConnector-repo.maven.apache.org-0-2] INFO  o.e.m.c.i.e.AbstractTransferListenerAdapter - Downloaded https://repo.maven.apache.org/maven2/org/springframework/boot/spring-boot-autoconfigure/3.2.2/spring-boot-autoconfigure-3.2.2.jar
2024-02-16 12:13:46,926 [BasicRepositoryConnector-repo.maven.apache.org-0-0] INFO  o.e.m.c.i.e.AbstractTransferListenerAdapter - Downloading https://repo.maven.apache.org/maven2/org/springframework/spring-aop/6.1.3/spring-aop-6.1.3.jar
2024-02-16 12:13:46,942 [BasicRepositoryConnector-repo.maven.apache.org-0-4] INFO  o.e.m.c.i.e.AbstractTransferListenerAdapter - Downloading https://repo.maven.apache.org/maven2/org/springframework/spring-context/6.1.3/spring-context-6.1.3.jar
2024-02-16 12:13:46,956 [BasicRepositoryConnector-repo.maven.apache.org-0-2] INFO  o.e.m.c.i.e.AbstractTransferListenerAdapter - Downloading https://repo.maven.apache.org/maven2/org/springframework/spring-expression/6.1.3/spring-expression-6.1.3.jar
2024-02-16 12:13:47,035 [BasicRepositoryConnector-repo.maven.apache.org-0-0] INFO  o.e.m.c.i.e.AbstractTransferListenerAdapter - Downloaded https://repo.maven.apache.org/maven2/org/springframework/spring-aop/6.1.3/spring-aop-6.1.3.jar
2024-02-16 12:13:47,117 [BasicRepositoryConnector-repo.maven.apache.org-0-0] INFO  o.e.m.c.i.e.AbstractTransferListenerAdapter - Downloading https://repo.maven.apache.org/maven2/org/springframework/boot/spring-boot-starter-test/3.2.2/spring-boot-starter-test-3.2.2.jar
2024-02-16 12:13:47,122 [BasicRepositoryConnector-repo.maven.apache.org-0-0] INFO  o.e.m.c.i.e.AbstractTransferListenerAdapter - Downloaded https://repo.maven.apache.org/maven2/org/springframework/boot/spring-boot-starter-test/3.2.2/spring-boot-starter-test-3.2.2.jar
2024-02-16 12:13:47,124 [BasicRepositoryConnector-repo.maven.apache.org-0-2] INFO  o.e.m.c.i.e.AbstractTransferListenerAdapter - Downloaded https://repo.maven.apache.org/maven2/org/springframework/spring-expression/6.1.3/spring-expression-6.1.3.jar
2024-02-16 12:13:47,258 [BasicRepositoryConnector-repo.maven.apache.org-0-2] INFO  o.e.m.c.i.e.AbstractTransferListenerAdapter - Downloading https://repo.maven.apache.org/maven2/org/springframework/boot/spring-boot-test-autoconfigure/3.2.2/spring-boot-test-autoconfigure-3.2.2.jar
2024-02-16 12:13:47,264 [BasicRepositoryConnector-repo.maven.apache.org-0-0] INFO  o.e.m.c.i.e.AbstractTransferListenerAdapter - Downloading https://repo.maven.apache.org/maven2/org/springframework/boot/spring-boot-test/3.2.2/spring-boot-test-3.2.2.jar
2024-02-16 12:13:47,323 [BasicRepositoryConnector-repo.maven.apache.org-0-2] INFO  o.e.m.c.i.e.AbstractTransferListenerAdapter - Downloaded https://repo.maven.apache.org/maven2/org/springframework/boot/spring-boot-test-autoconfigure/3.2.2/spring-boot-test-autoconfigure-3.2.2.jar
2024-02-16 12:13:47,401 [BasicRepositoryConnector-repo.maven.apache.org-0-2] INFO  o.e.m.c.i.e.AbstractTransferListenerAdapter - Downloading https://repo.maven.apache.org/maven2/org/slf4j/slf4j-api/2.0.11/slf4j-api-2.0.11.jar
2024-02-16 12:13:47,429 [BasicRepositoryConnector-repo.maven.apache.org-0-0] INFO  o.e.m.c.i.e.AbstractTransferListenerAdapter - Downloaded https://repo.maven.apache.org/maven2/org/springframework/boot/spring-boot-test/3.2.2/spring-boot-test-3.2.2.jar
2024-02-16 12:13:47,432 [BasicRepositoryConnector-repo.maven.apache.org-0-2] INFO  o.e.m.c.i.e.AbstractTransferListenerAdapter - Downloaded https://repo.maven.apache.org/maven2/org/slf4j/slf4j-api/2.0.11/slf4j-api-2.0.11.jar
2024-02-16 12:13:47,496 [BasicRepositoryConnector-repo.maven.apache.org-0-0] INFO  o.e.m.c.i.e.AbstractTransferListenerAdapter - Downloading https://repo.maven.apache.org/maven2/net/bytebuddy/byte-buddy/1.14.11/byte-buddy-1.14.11.jar
2024-02-16 12:13:47,501 [BasicRepositoryConnector-repo.maven.apache.org-0-2] INFO  o.e.m.c.i.e.AbstractTransferListenerAdapter - Downloading https://repo.maven.apache.org/maven2/net/bytebuddy/byte-buddy-agent/1.14.11/byte-buddy-agent-1.14.11.jar
2024-02-16 12:13:47,524 [BasicRepositoryConnector-repo.maven.apache.org-0-1] INFO  o.e.m.c.i.e.AbstractTransferListenerAdapter - Downloaded https://repo.maven.apache.org/maven2/org/springframework/spring-webmvc/6.1.3/spring-webmvc-6.1.3.jar
2024-02-16 12:13:47,570 [BasicRepositoryConnector-repo.maven.apache.org-0-4] INFO  o.e.m.c.i.e.AbstractTransferListenerAdapter - Downloaded https://repo.maven.apache.org/maven2/org/springframework/spring-context/6.1.3/spring-context-6.1.3.jar
2024-02-16 12:13:47,588 [BasicRepositoryConnector-repo.maven.apache.org-0-1] INFO  o.e.m.c.i.e.AbstractTransferListenerAdapter - Downloading https://repo.maven.apache.org/maven2/org/springframework/spring-core/6.1.3/spring-core-6.1.3.jar
2024-02-16 12:13:47,621 [BasicRepositoryConnector-repo.maven.apache.org-0-2] INFO  o.e.m.c.i.e.AbstractTransferListenerAdapter - Downloaded https://repo.maven.apache.org/maven2/net/bytebuddy/byte-buddy-agent/1.14.11/byte-buddy-agent-1.14.11.jar
2024-02-16 12:13:47,637 [BasicRepositoryConnector-repo.maven.apache.org-0-4] INFO  o.e.m.c.i.e.AbstractTransferListenerAdapter - Downloading https://repo.maven.apache.org/maven2/org/springframework/spring-jcl/6.1.3/spring-jcl-6.1.3.jar
2024-02-16 12:13:47,644 [BasicRepositoryConnector-repo.maven.apache.org-0-4] INFO  o.e.m.c.i.e.AbstractTransferListenerAdapter - Downloaded https://repo.maven.apache.org/maven2/org/springframework/spring-jcl/6.1.3/spring-jcl-6.1.3.jar
2024-02-16 12:13:47,674 [BasicRepositoryConnector-repo.maven.apache.org-0-2] INFO  o.e.m.c.i.e.AbstractTransferListenerAdapter - Downloading https://repo.maven.apache.org/maven2/org/springframework/spring-test/6.1.3/spring-test-6.1.3.jar
2024-02-16 12:13:48,060 [BasicRepositoryConnector-repo.maven.apache.org-0-3] INFO  o.e.m.c.i.e.AbstractTransferListenerAdapter - Downloaded https://repo.maven.apache.org/maven2/org/apache/tomcat/embed/tomcat-embed-core/10.1.18/tomcat-embed-core-10.1.18.jar
2024-02-16 12:13:48,106 [BasicRepositoryConnector-repo.maven.apache.org-0-2] INFO  o.e.m.c.i.e.AbstractTransferListenerAdapter - Downloaded https://repo.maven.apache.org/maven2/org/springframework/spring-test/6.1.3/spring-test-6.1.3.jar
2024-02-16 12:13:48,344 [BasicRepositoryConnector-repo.maven.apache.org-0-1] INFO  o.e.m.c.i.e.AbstractTransferListenerAdapter - Downloaded https://repo.maven.apache.org/maven2/org/springframework/spring-core/6.1.3/spring-core-6.1.3.jar
2024-02-16 12:13:48,389 [BasicRepositoryConnector-repo.maven.apache.org-0-0] INFO  o.e.m.c.i.e.AbstractTransferListenerAdapter - Downloaded https://repo.maven.apache.org/maven2/net/bytebuddy/byte-buddy/1.14.11/byte-buddy-1.14.11.jar
2024-02-16 12:13:49,285 [Worker-11: Import Getting Started Content] INFO  o.e.m.j.i.AbstractJavaProjectConfigurator - Adding source folder /SpringBoot2MVCFirst/src/main/java
2024-02-16 12:13:49,286 [Worker-11: Import Getting Started Content] INFO  o.e.m.j.i.AbstractJavaProjectConfigurator - Adding resource folder /SpringBoot2MVCFirst/src/main/resources
2024-02-16 12:13:49,291 [Worker-11: Import Getting Started Content] INFO  o.e.m.j.i.AbstractJavaProjectConfigurator - Adding resource folder /SpringBoot2MVCFirst/src/main/resources
2024-02-16 12:13:49,295 [Worker-11: Import Getting Started Content] INFO  o.e.m.j.i.AbstractJavaProjectConfigurator - Adding source folder /SpringBoot2MVCFirst/src/test/java
2024-02-16 12:13:49,296 [Worker-11: Import Getting Started Content] INFO  o.e.m.j.i.AbstractJavaProjectConfigurator - Adding resource folder /SpringBoot2MVCFirst/src/test/resources
2024-02-16 12:13:50,150 [Worker-2: Download sources and javadoc] INFO  o.e.m.c.i.e.AbstractTransferListenerAdapter - Downloading https://repo.maven.apache.org/maven2/org/springframework/boot/spring-boot-starter-web/3.2.2/spring-boot-starter-web-3.2.2-sources.jar
2024-02-16 12:13:50,154 [Worker-2: Download sources and javadoc] INFO  o.e.m.c.i.e.AbstractTransferListenerAdapter - Downloaded https://repo.maven.apache.org/maven2/org/springframework/boot/spring-boot-starter-web/3.2.2/spring-boot-starter-web-3.2.2-sources.jar
2024-02-16 12:13:50,157 [Worker-2: Download sources and javadoc] INFO  o.e.m.j.internal.DownloadSourcesJob - Downloaded sources for org.springframework.boot:spring-boot-starter-web:3.2.2
2024-02-16 12:13:50,290 [Worker-2: Download sources and javadoc] INFO  o.e.m.c.i.e.AbstractTransferListenerAdapter - Downloading https://repo.maven.apache.org/maven2/org/springframework/boot/spring-boot-starter/3.2.2/spring-boot-starter-3.2.2-sources.jar
2024-02-16 12:13:50,294 [Worker-2: Download sources and javadoc] INFO  o.e.m.c.i.e.AbstractTransferListenerAdapter - Downloaded https://repo.maven.apache.org/maven2/org/springframework/boot/spring-boot-starter/3.2.2/spring-boot-starter-3.2.2-sources.jar
2024-02-16 12:13:50,296 [Worker-2: Download sources and javadoc] INFO  o.e.m.j.internal.DownloadSourcesJob - Downloaded sources for org.springframework.boot:spring-boot-starter:3.2.2
2024-02-16 12:13:50,383 [Worker-2: Download sources and javadoc] INFO  o.e.m.c.i.e.AbstractTransferListenerAdapter - Downloading https://repo.maven.apache.org/maven2/org/springframework/boot/spring-boot/3.2.2/spring-boot-3.2.2-sources.jar
2024-02-16 12:13:50,421 [Worker-11: Import Getting Started Content] INFO  o.e.m.c.i.p.ProjectConfigurationManager - Imported and configured 1 project(s) in 11 sec
2024-02-16 12:13:50,427 [Worker-11: Import Getting Started Content] INFO  o.e.m.c.i.p.ProjectConfigurationManager - Update started
2024-02-16 12:13:50,696 [Worker-2: Download sources and javadoc] INFO  o.e.m.c.i.e.AbstractTransferListenerAdapter - Downloaded https://repo.maven.apache.org/maven2/org/springframework/boot/spring-boot/3.2.2/spring-boot-3.2.2-sources.jar
2024-02-16 12:13:50,699 [Worker-2: Download sources and javadoc] INFO  o.e.m.j.internal.DownloadSourcesJob - Downloaded sources for org.springframework.boot:spring-boot:3.2.2
2024-02-16 12:13:51,762 [Worker-11: Import Getting Started Content] INFO  o.e.m.c.i.l.LifecycleMappingFactory - Using org.eclipse.m2e.jdt.JarLifecycleMapping lifecycle mapping for MavenProject: in.aarav.rubral:SpringBoot2MVCFirst:1.0 @ /Users/aaravrubral/Documents/workspace/SpringBoot2MVCFirst/pom.xml.
2024-02-16 12:13:51,892 [Worker-2: Download sources and javadoc] INFO  o.e.m.c.i.e.AbstractTransferListenerAdapter - Downloading https://repo.maven.apache.org/maven2/org/springframework/boot/spring-boot-autoconfigure/3.2.2/spring-boot-autoconfigure-3.2.2-sources.jar
2024-02-16 12:13:52,129 [Worker-2: Download sources and javadoc] INFO  o.e.m.c.i.e.AbstractTransferListenerAdapter - Downloaded https://repo.maven.apache.org/maven2/org/springframework/boot/spring-boot-autoconfigure/3.2.2/spring-boot-autoconfigure-3.2.2-sources.jar
2024-02-16 12:13:52,132 [Worker-2: Download sources and javadoc] INFO  o.e.m.j.internal.DownloadSourcesJob - Downloaded sources for org.springframework.boot:spring-boot-autoconfigure:3.2.2
2024-02-16 12:13:52,285 [Worker-2: Download sources and javadoc] INFO  o.e.m.c.i.e.AbstractTransferListenerAdapter - Downloading https://repo.maven.apache.org/maven2/org/springframework/boot/spring-boot-starter-logging/3.2.2/spring-boot-starter-logging-3.2.2-sources.jar
2024-02-16 12:13:52,288 [Worker-2: Download sources and javadoc] INFO  o.e.m.c.i.e.AbstractTransferListenerAdapter - Downloaded https://repo.maven.apache.org/maven2/org/springframework/boot/spring-boot-starter-logging/3.2.2/spring-boot-starter-logging-3.2.2-sources.jar
2024-02-16 12:13:52,292 [Worker-2: Download sources and javadoc] INFO  o.e.m.j.internal.DownloadSourcesJob - Downloaded sources for org.springframework.boot:spring-boot-starter-logging:3.2.2
2024-02-16 12:13:52,411 [Worker-2: Download sources and javadoc] INFO  o.e.m.c.i.e.AbstractTransferListenerAdapter - Downloading https://repo.maven.apache.org/maven2/org/slf4j/jul-to-slf4j/2.0.11/jul-to-slf4j-2.0.11-sources.jar
2024-02-16 12:13:52,414 [Worker-2: Download sources and javadoc] INFO  o.e.m.c.i.e.AbstractTransferListenerAdapter - Downloaded https://repo.maven.apache.org/maven2/org/slf4j/jul-to-slf4j/2.0.11/jul-to-slf4j-2.0.11-sources.jar
2024-02-16 12:13:52,419 [Worker-2: Download sources and javadoc] INFO  o.e.m.j.internal.DownloadSourcesJob - Downloaded sources for org.slf4j:jul-to-slf4j:2.0.11
2024-02-16 12:13:52,560 [Worker-2: Download sources and javadoc] INFO  o.e.m.c.i.e.AbstractTransferListenerAdapter - Downloading https://repo.maven.apache.org/maven2/org/springframework/boot/spring-boot-starter-json/3.2.2/spring-boot-starter-json-3.2.2-sources.jar
2024-02-16 12:13:52,563 [Worker-2: Download sources and javadoc] INFO  o.e.m.c.i.e.AbstractTransferListenerAdapter - Downloaded https://repo.maven.apache.org/maven2/org/springframework/boot/spring-boot-starter-json/3.2.2/spring-boot-starter-json-3.2.2-sources.jar
2024-02-16 12:13:52,567 [Worker-2: Download sources and javadoc] INFO  o.e.m.j.internal.DownloadSourcesJob - Downloaded sources for org.springframework.boot:spring-boot-starter-json:3.2.2
2024-02-16 12:13:52,666 [Worker-2: Download sources and javadoc] INFO  o.e.m.c.i.e.AbstractTransferListenerAdapter - Downloading https://repo.maven.apache.org/maven2/com/fasterxml/jackson/core/jackson-databind/2.15.3/jackson-databind-2.15.3-sources.jar
2024-02-16 12:13:52,734 [Worker-11: Import Getting Started Content] INFO  o.e.m.j.i.AbstractJavaProjectConfigurator - Adding source folder /SpringBoot2MVCFirst/src/main/java
2024-02-16 12:13:52,734 [Worker-11: Import Getting Started Content] INFO  o.e.m.j.i.AbstractJavaProjectConfigurator - Adding resource folder /SpringBoot2MVCFirst/src/main/resources
2024-02-16 12:13:52,735 [Worker-11: Import Getting Started Content] INFO  o.e.m.j.i.AbstractJavaProjectConfigurator - Adding resource folder /SpringBoot2MVCFirst/src/main/resources
2024-02-16 12:13:52,736 [Worker-11: Import Getting Started Content] INFO  o.e.m.j.i.AbstractJavaProjectConfigurator - Adding source folder /SpringBoot2MVCFirst/src/test/java
2024-02-16 12:13:52,737 [Worker-11: Import Getting Started Content] INFO  o.e.m.j.i.AbstractJavaProjectConfigurator - Adding resource folder /SpringBoot2MVCFirst/src/test/resources
2024-02-16 12:13:52,965 [Worker-2: Download sources and javadoc] INFO  o.e.m.c.i.e.AbstractTransferListenerAdapter - Downloaded https://repo.maven.apache.org/maven2/com/fasterxml/jackson/core/jackson-databind/2.15.3/jackson-databind-2.15.3-sources.jar
2024-02-16 12:13:52,968 [Worker-2: Download sources and javadoc] INFO  o.e.m.j.internal.DownloadSourcesJob - Downloaded sources for com.fasterxml.jackson.core:jackson-databind:2.15.3
2024-02-16 12:13:53,085 [Worker-2: Download sources and javadoc] INFO  o.e.m.c.i.e.AbstractTransferListenerAdapter - Downloading https://repo.maven.apache.org/maven2/com/fasterxml/jackson/core/jackson-annotations/2.15.3/jackson-annotations-2.15.3-sources.jar
2024-02-16 12:13:53,128 [Worker-2: Download sources and javadoc] INFO  o.e.m.c.i.e.AbstractTransferListenerAdapter - Downloaded https://repo.maven.apache.org/maven2/com/fasterxml/jackson/core/jackson-annotations/2.15.3/jackson-annotations-2.15.3-sources.jar
2024-02-16 12:13:53,131 [Worker-2: Download sources and javadoc] INFO  o.e.m.j.internal.DownloadSourcesJob - Downloaded sources for com.fasterxml.jackson.core:jackson-annotations:2.15.3
2024-02-16 12:13:53,257 [Worker-2: Download sources and javadoc] INFO  o.e.m.c.i.e.AbstractTransferListenerAdapter - Downloading https://repo.maven.apache.org/maven2/com/fasterxml/jackson/core/jackson-core/2.15.3/jackson-core-2.15.3-sources.jar
2024-02-16 12:13:53,587 [Worker-2: Download sources and javadoc] INFO  o.e.m.c.i.e.AbstractTransferListenerAdapter - Downloaded https://repo.maven.apache.org/maven2/com/fasterxml/jackson/core/jackson-core/2.15.3/jackson-core-2.15.3-sources.jar
2024-02-16 12:13:53,590 [Worker-2: Download sources and javadoc] INFO  o.e.m.j.internal.DownloadSourcesJob - Downloaded sources for com.fasterxml.jackson.core:jackson-core:2.15.3
2024-02-16 12:13:53,781 [Worker-2: Download sources and javadoc] INFO  o.e.m.c.i.e.AbstractTransferListenerAdapter - Downloading https://repo.maven.apache.org/maven2/com/fasterxml/jackson/datatype/jackson-datatype-jdk8/2.15.3/jackson-datatype-jdk8-2.15.3-sources.jar
2024-02-16 12:13:53,785 [Worker-2: Download sources and javadoc] INFO  o.e.m.c.i.e.AbstractTransferListenerAdapter - Downloaded https://repo.maven.apache.org/maven2/com/fasterxml/jackson/datatype/jackson-datatype-jdk8/2.15.3/jackson-datatype-jdk8-2.15.3-sources.jar
2024-02-16 12:13:53,788 [Worker-2: Download sources and javadoc] INFO  o.e.m.j.internal.DownloadSourcesJob - Downloaded sources for com.fasterxml.jackson.datatype:jackson-datatype-jdk8:2.15.3
2024-02-16 12:13:53,890 [Worker-2: Download sources and javadoc] INFO  o.e.m.c.i.e.AbstractTransferListenerAdapter - Downloading https://repo.maven.apache.org/maven2/com/fasterxml/jackson/datatype/jackson-datatype-jsr310/2.15.3/jackson-datatype-jsr310-2.15.3-sources.jar
2024-02-16 12:13:54,000 [Worker-2: Download sources and javadoc] INFO  o.e.m.c.i.e.AbstractTransferListenerAdapter - Downloaded https://repo.maven.apache.org/maven2/com/fasterxml/jackson/datatype/jackson-datatype-jsr310/2.15.3/jackson-datatype-jsr310-2.15.3-sources.jar
2024-02-16 12:13:54,024 [Worker-2: Download sources and javadoc] INFO  o.e.m.j.internal.DownloadSourcesJob - Downloaded sources for com.fasterxml.jackson.datatype:jackson-datatype-jsr310:2.15.3
2024-02-16 12:13:54,139 [Worker-2: Download sources and javadoc] INFO  o.e.m.c.i.e.AbstractTransferListenerAdapter - Downloading https://repo.maven.apache.org/maven2/com/fasterxml/jackson/module/jackson-module-parameter-names/2.15.3/jackson-module-parameter-names-2.15.3-sources.jar
2024-02-16 12:13:54,144 [Worker-2: Download sources and javadoc] INFO  o.e.m.c.i.e.AbstractTransferListenerAdapter - Downloaded https://repo.maven.apache.org/maven2/com/fasterxml/jackson/module/jackson-module-parameter-names/2.15.3/jackson-module-parameter-names-2.15.3-sources.jar
2024-02-16 12:13:54,147 [Worker-2: Download sources and javadoc] INFO  o.e.m.j.internal.DownloadSourcesJob - Downloaded sources for com.fasterxml.jackson.module:jackson-module-parameter-names:2.15.3
2024-02-16 12:13:54,254 [Worker-2: Download sources and javadoc] INFO  o.e.m.c.i.e.AbstractTransferListenerAdapter - Downloading https://repo.maven.apache.org/maven2/org/springframework/boot/spring-boot-starter-tomcat/3.2.2/spring-boot-starter-tomcat-3.2.2-sources.jar
2024-02-16 12:13:54,259 [Worker-2: Download sources and javadoc] INFO  o.e.m.c.i.e.AbstractTransferListenerAdapter - Downloaded https://repo.maven.apache.org/maven2/org/springframework/boot/spring-boot-starter-tomcat/3.2.2/spring-boot-starter-tomcat-3.2.2-sources.jar
2024-02-16 12:13:54,263 [Worker-2: Download sources and javadoc] INFO  o.e.m.j.internal.DownloadSourcesJob - Downloaded sources for org.springframework.boot:spring-boot-starter-tomcat:3.2.2
2024-02-16 12:13:54,374 [Worker-2: Download sources and javadoc] INFO  o.e.m.c.i.e.AbstractTransferListenerAdapter - Downloading https://repo.maven.apache.org/maven2/org/apache/tomcat/embed/tomcat-embed-core/10.1.18/tomcat-embed-core-10.1.18-sources.jar
2024-02-16 12:13:54,422 [Worker-11: Import Getting Started Content] INFO  o.e.m.c.i.p.ProjectConfigurationManager - Update completed for 1 poms: local refresh takes 0.00 sec, refresh facades takes 2.00 sec, update config takes 0.00 sec 
2024-02-16 12:13:55,232 [Worker-3: Building] INFO  o.a.m.s.f.DefaultMavenResourcesFiltering - Copying 1 resource from src/main/resources to target/classes
2024-02-16 12:13:55,294 [Worker-3: Building] INFO  o.a.m.s.f.DefaultMavenResourcesFiltering - Copying 0 resource from src/main/resources to target/classes
2024-02-16 12:13:55,310 [Worker-3: Building] INFO  o.a.m.s.f.DefaultMavenResourcesFiltering - skip non existing resourceDirectory /Users/aaravrubral/Documents/workspace/SpringBoot2MVCFirst/src/test/resources
2024-02-16 12:13:55,480 [Worker-2: Download sources and javadoc] INFO  o.e.m.c.i.e.AbstractTransferListenerAdapter - Downloaded https://repo.maven.apache.org/maven2/org/apache/tomcat/embed/tomcat-embed-core/10.1.18/tomcat-embed-core-10.1.18-sources.jar
2024-02-16 12:13:55,483 [Worker-2: Download sources and javadoc] INFO  o.e.m.j.internal.DownloadSourcesJob - Downloaded sources for org.apache.tomcat.embed:tomcat-embed-core:10.1.18
2024-02-16 12:13:55,649 [Worker-2: Download sources and javadoc] INFO  o.e.m.c.i.e.AbstractTransferListenerAdapter - Downloading https://repo.maven.apache.org/maven2/org/apache/tomcat/embed/tomcat-embed-el/10.1.18/tomcat-embed-el-10.1.18-sources.jar
2024-02-16 12:13:55,775 [Worker-2: Download sources and javadoc] INFO  o.e.m.c.i.e.AbstractTransferListenerAdapter - Downloaded https://repo.maven.apache.org/maven2/org/apache/tomcat/embed/tomcat-embed-el/10.1.18/tomcat-embed-el-10.1.18-sources.jar
2024-02-16 12:13:55,798 [Worker-2: Download sources and javadoc] INFO  o.e.m.j.internal.DownloadSourcesJob - Downloaded sources for org.apache.tomcat.embed:tomcat-embed-el:10.1.18
2024-02-16 12:13:55,893 [Worker-2: Download sources and javadoc] INFO  o.e.m.c.i.e.AbstractTransferListenerAdapter - Downloading https://repo.maven.apache.org/maven2/org/apache/tomcat/embed/tomcat-embed-websocket/10.1.18/tomcat-embed-websocket-10.1.18-sources.jar
2024-02-16 12:13:56,039 [Worker-2: Download sources and javadoc] INFO  o.e.m.c.i.e.AbstractTransferListenerAdapter - Downloaded https://repo.maven.apache.org/maven2/org/apache/tomcat/embed/tomcat-embed-websocket/10.1.18/tomcat-embed-websocket-10.1.18-sources.jar
2024-02-16 12:13:56,042 [Worker-2: Download sources and javadoc] INFO  o.e.m.j.internal.DownloadSourcesJob - Downloaded sources for org.apache.tomcat.embed:tomcat-embed-websocket:10.1.18
2024-02-16 12:13:56,169 [Worker-2: Download sources and javadoc] INFO  o.e.m.c.i.e.AbstractTransferListenerAdapter - Downloading https://repo.maven.apache.org/maven2/org/springframework/spring-web/6.1.3/spring-web-6.1.3-sources.jar
2024-02-16 12:13:56,793 [Worker-2: Download sources and javadoc] INFO  o.e.m.c.i.e.AbstractTransferListenerAdapter - Downloaded https://repo.maven.apache.org/maven2/org/springframework/spring-web/6.1.3/spring-web-6.1.3-sources.jar
2024-02-16 12:13:56,796 [Worker-2: Download sources and javadoc] INFO  o.e.m.j.internal.DownloadSourcesJob - Downloaded sources for org.springframework:spring-web:6.1.3
2024-02-16 12:13:56,914 [Worker-2: Download sources and javadoc] INFO  o.e.m.c.i.e.AbstractTransferListenerAdapter - Downloading https://repo.maven.apache.org/maven2/org/springframework/spring-beans/6.1.3/spring-beans-6.1.3-sources.jar
2024-02-16 12:13:57,235 [Worker-2: Download sources and javadoc] INFO  o.e.m.c.i.e.AbstractTransferListenerAdapter - Downloaded https://repo.maven.apache.org/maven2/org/springframework/spring-beans/6.1.3/spring-beans-6.1.3-sources.jar
2024-02-16 12:13:57,238 [Worker-2: Download sources and javadoc] INFO  o.e.m.j.internal.DownloadSourcesJob - Downloaded sources for org.springframework:spring-beans:6.1.3
2024-02-16 12:13:57,360 [Worker-2: Download sources and javadoc] INFO  o.e.m.c.i.e.AbstractTransferListenerAdapter - Downloading https://repo.maven.apache.org/maven2/io/micrometer/micrometer-observation/1.12.2/micrometer-observation-1.12.2-sources.jar
2024-02-16 12:13:57,401 [Worker-2: Download sources and javadoc] INFO  o.e.m.c.i.e.AbstractTransferListenerAdapter - Downloaded https://repo.maven.apache.org/maven2/io/micrometer/micrometer-observation/1.12.2/micrometer-observation-1.12.2-sources.jar
2024-02-16 12:13:57,404 [Worker-2: Download sources and javadoc] INFO  o.e.m.j.internal.DownloadSourcesJob - Downloaded sources for io.micrometer:micrometer-observation:1.12.2
2024-02-16 12:13:57,559 [Worker-2: Download sources and javadoc] INFO  o.e.m.c.i.e.AbstractTransferListenerAdapter - Downloading https://repo.maven.apache.org/maven2/io/micrometer/micrometer-commons/1.12.2/micrometer-commons-1.12.2-sources.jar
2024-02-16 12:13:57,598 [Worker-2: Download sources and javadoc] INFO  o.e.m.c.i.e.AbstractTransferListenerAdapter - Downloaded https://repo.maven.apache.org/maven2/io/micrometer/micrometer-commons/1.12.2/micrometer-commons-1.12.2-sources.jar
2024-02-16 12:13:57,601 [Worker-2: Download sources and javadoc] INFO  o.e.m.j.internal.DownloadSourcesJob - Downloaded sources for io.micrometer:micrometer-commons:1.12.2
2024-02-16 12:13:57,724 [Worker-2: Download sources and javadoc] INFO  o.e.m.c.i.e.AbstractTransferListenerAdapter - Downloading https://repo.maven.apache.org/maven2/org/springframework/spring-webmvc/6.1.3/spring-webmvc-6.1.3-sources.jar
2024-02-16 12:13:57,965 [Worker-2: Download sources and javadoc] INFO  o.e.m.c.i.e.AbstractTransferListenerAdapter - Downloaded https://repo.maven.apache.org/maven2/org/springframework/spring-webmvc/6.1.3/spring-webmvc-6.1.3-sources.jar
2024-02-16 12:13:57,967 [Worker-2: Download sources and javadoc] INFO  o.e.m.j.internal.DownloadSourcesJob - Downloaded sources for org.springframework:spring-webmvc:6.1.3
2024-02-16 12:13:58,081 [Worker-2: Download sources and javadoc] INFO  o.e.m.c.i.e.AbstractTransferListenerAdapter - Downloading https://repo.maven.apache.org/maven2/org/springframework/spring-aop/6.1.3/spring-aop-6.1.3-sources.jar
2024-02-16 12:13:58,374 [Worker-2: Download sources and javadoc] INFO  o.e.m.c.i.e.AbstractTransferListenerAdapter - Downloaded https://repo.maven.apache.org/maven2/org/springframework/spring-aop/6.1.3/spring-aop-6.1.3-sources.jar
2024-02-16 12:13:58,377 [Worker-2: Download sources and javadoc] INFO  o.e.m.j.internal.DownloadSourcesJob - Downloaded sources for org.springframework:spring-aop:6.1.3
2024-02-16 12:13:58,510 [Worker-2: Download sources and javadoc] INFO  o.e.m.c.i.e.AbstractTransferListenerAdapter - Downloading https://repo.maven.apache.org/maven2/org/springframework/spring-context/6.1.3/spring-context-6.1.3-sources.jar
2024-02-16 12:13:59,078 [Worker-2: Download sources and javadoc] INFO  o.e.m.c.i.e.AbstractTransferListenerAdapter - Downloaded https://repo.maven.apache.org/maven2/org/springframework/spring-context/6.1.3/spring-context-6.1.3-sources.jar
2024-02-16 12:13:59,081 [Worker-2: Download sources and javadoc] INFO  o.e.m.j.internal.DownloadSourcesJob - Downloaded sources for org.springframework:spring-context:6.1.3
2024-02-16 12:13:59,233 [Worker-2: Download sources and javadoc] INFO  o.e.m.c.i.e.AbstractTransferListenerAdapter - Downloading https://repo.maven.apache.org/maven2/org/springframework/spring-expression/6.1.3/spring-expression-6.1.3-sources.jar
2024-02-16 12:13:59,406 [Worker-2: Download sources and javadoc] INFO  o.e.m.c.i.e.AbstractTransferListenerAdapter - Downloaded https://repo.maven.apache.org/maven2/org/springframework/spring-expression/6.1.3/spring-expression-6.1.3-sources.jar
2024-02-16 12:13:59,409 [Worker-2: Download sources and javadoc] INFO  o.e.m.j.internal.DownloadSourcesJob - Downloaded sources for org.springframework:spring-expression:6.1.3
2024-02-16 12:13:59,530 [Worker-2: Download sources and javadoc] INFO  o.e.m.c.i.e.AbstractTransferListenerAdapter - Downloading https://repo.maven.apache.org/maven2/org/springframework/boot/spring-boot-starter-test/3.2.2/spring-boot-starter-test-3.2.2-sources.jar
2024-02-16 12:13:59,534 [Worker-2: Download sources and javadoc] INFO  o.e.m.c.i.e.AbstractTransferListenerAdapter - Downloaded https://repo.maven.apache.org/maven2/org/springframework/boot/spring-boot-starter-test/3.2.2/spring-boot-starter-test-3.2.2-sources.jar
2024-02-16 12:13:59,537 [Worker-2: Download sources and javadoc] INFO  o.e.m.j.internal.DownloadSourcesJob - Downloaded sources for org.springframework.boot:spring-boot-starter-test:3.2.2
2024-02-16 12:13:59,668 [Worker-2: Download sources and javadoc] INFO  o.e.m.c.i.e.AbstractTransferListenerAdapter - Downloading https://repo.maven.apache.org/maven2/org/springframework/boot/spring-boot-test/3.2.2/spring-boot-test-3.2.2-sources.jar
2024-02-16 12:13:59,765 [Worker-2: Download sources and javadoc] INFO  o.e.m.c.i.e.AbstractTransferListenerAdapter - Downloaded https://repo.maven.apache.org/maven2/org/springframework/boot/spring-boot-test/3.2.2/spring-boot-test-3.2.2-sources.jar
2024-02-16 12:13:59,768 [Worker-2: Download sources and javadoc] INFO  o.e.m.j.internal.DownloadSourcesJob - Downloaded sources for org.springframework.boot:spring-boot-test:3.2.2
2024-02-16 12:13:59,959 [Worker-2: Download sources and javadoc] INFO  o.e.m.c.i.e.AbstractTransferListenerAdapter - Downloading https://repo.maven.apache.org/maven2/org/springframework/boot/spring-boot-test-autoconfigure/3.2.2/spring-boot-test-autoconfigure-3.2.2-sources.jar
2024-02-16 12:14:00,076 [Worker-2: Download sources and javadoc] INFO  o.e.m.c.i.e.AbstractTransferListenerAdapter - Downloaded https://repo.maven.apache.org/maven2/org/springframework/boot/spring-boot-test-autoconfigure/3.2.2/spring-boot-test-autoconfigure-3.2.2-sources.jar
2024-02-16 12:14:00,079 [Worker-2: Download sources and javadoc] INFO  o.e.m.j.internal.DownloadSourcesJob - Downloaded sources for org.springframework.boot:spring-boot-test-autoconfigure:3.2.2
2024-02-16 12:14:00,175 [Worker-2: Download sources and javadoc] INFO  o.e.m.c.i.e.AbstractTransferListenerAdapter - Downloading https://repo.maven.apache.org/maven2/org/slf4j/slf4j-api/2.0.11/slf4j-api-2.0.11-sources.jar
2024-02-16 12:14:00,242 [Worker-2: Download sources and javadoc] INFO  o.e.m.c.i.e.AbstractTransferListenerAdapter - Downloaded https://repo.maven.apache.org/maven2/org/slf4j/slf4j-api/2.0.11/slf4j-api-2.0.11-sources.jar
2024-02-16 12:14:00,245 [Worker-2: Download sources and javadoc] INFO  o.e.m.j.internal.DownloadSourcesJob - Downloaded sources for org.slf4j:slf4j-api:2.0.11
2024-02-16 12:14:00,348 [Worker-2: Download sources and javadoc] INFO  o.e.m.c.i.e.AbstractTransferListenerAdapter - Downloading https://repo.maven.apache.org/maven2/net/bytebuddy/byte-buddy/1.14.11/byte-buddy-1.14.11-sources.jar
2024-02-16 12:14:00,906 [Worker-2: Download sources and javadoc] INFO  o.e.m.c.i.e.AbstractTransferListenerAdapter - Downloaded https://repo.maven.apache.org/maven2/net/bytebuddy/byte-buddy/1.14.11/byte-buddy-1.14.11-sources.jar
2024-02-16 12:14:00,910 [Worker-2: Download sources and javadoc] INFO  o.e.m.j.internal.DownloadSourcesJob - Downloaded sources for net.bytebuddy:byte-buddy:1.14.11
2024-02-16 12:14:01,017 [Worker-2: Download sources and javadoc] INFO  o.e.m.c.i.e.AbstractTransferListenerAdapter - Downloading https://repo.maven.apache.org/maven2/net/bytebuddy/byte-buddy-agent/1.14.11/byte-buddy-agent-1.14.11-sources.jar
2024-02-16 12:14:01,108 [Worker-2: Download sources and javadoc] INFO  o.e.m.c.i.e.AbstractTransferListenerAdapter - Downloaded https://repo.maven.apache.org/maven2/net/bytebuddy/byte-buddy-agent/1.14.11/byte-buddy-agent-1.14.11-sources.jar
2024-02-16 12:14:01,111 [Worker-2: Download sources and javadoc] INFO  o.e.m.j.internal.DownloadSourcesJob - Downloaded sources for net.bytebuddy:byte-buddy-agent:1.14.11
2024-02-16 12:14:01,266 [Worker-2: Download sources and javadoc] INFO  o.e.m.c.i.e.AbstractTransferListenerAdapter - Downloading https://repo.maven.apache.org/maven2/org/springframework/spring-core/6.1.3/spring-core-6.1.3-sources.jar
2024-02-16 12:14:01,767 [Worker-2: Download sources and javadoc] INFO  o.e.m.c.i.e.AbstractTransferListenerAdapter - Downloaded https://repo.maven.apache.org/maven2/org/springframework/spring-core/6.1.3/spring-core-6.1.3-sources.jar
2024-02-16 12:14:01,770 [Worker-2: Download sources and javadoc] INFO  o.e.m.j.internal.DownloadSourcesJob - Downloaded sources for org.springframework:spring-core:6.1.3
2024-02-16 12:14:01,867 [Worker-2: Download sources and javadoc] INFO  o.e.m.c.i.e.AbstractTransferListenerAdapter - Downloading https://repo.maven.apache.org/maven2/org/springframework/spring-jcl/6.1.3/spring-jcl-6.1.3-sources.jar
2024-02-16 12:14:01,870 [Worker-2: Download sources and javadoc] INFO  o.e.m.c.i.e.AbstractTransferListenerAdapter - Downloaded https://repo.maven.apache.org/maven2/org/springframework/spring-jcl/6.1.3/spring-jcl-6.1.3-sources.jar
2024-02-16 12:14:01,873 [Worker-2: Download sources and javadoc] INFO  o.e.m.j.internal.DownloadSourcesJob - Downloaded sources for org.springframework:spring-jcl:6.1.3
2024-02-16 12:14:01,965 [Worker-2: Download sources and javadoc] INFO  o.e.m.c.i.e.AbstractTransferListenerAdapter - Downloading https://repo.maven.apache.org/maven2/org/springframework/spring-test/6.1.3/spring-test-6.1.3-sources.jar
2024-02-16 12:14:02,482 [Worker-2: Download sources and javadoc] INFO  o.e.m.c.i.e.AbstractTransferListenerAdapter - Downloaded https://repo.maven.apache.org/maven2/org/springframework/spring-test/6.1.3/spring-test-6.1.3-sources.jar
2024-02-16 12:14:02,485 [Worker-2: Download sources and javadoc] INFO  o.e.m.j.internal.DownloadSourcesJob - Downloaded sources for org.springframework:spring-test:6.1.3
2024-02-16 12:14:55,532 [Worker-12: Building] INFO  o.a.m.s.f.DefaultMavenResourcesFiltering - Copying 1 resource from src/main/resources to target/classes
2024-02-16 12:14:55,633 [Worker-12: Building] INFO  o.a.m.s.f.DefaultMavenResourcesFiltering - Copying 0 resource from src/main/resources to target/classes
2024-02-16 12:14:55,641 [Worker-12: Building] INFO  o.a.m.s.f.DefaultMavenResourcesFiltering - skip non existing resourceDirectory /Users/aaravrubral/Documents/workspace/SpringBoot2MVCFirst/src/test/resources
2024-02-16 12:20:44,615 [Worker-17: Building] INFO  o.a.m.s.f.DefaultMavenResourcesFiltering - Copying 0 resource from src/main/resources to target/classes
2024-02-16 12:20:44,616 [Worker-17: Building] INFO  o.a.m.s.f.DefaultMavenResourcesFiltering - Copying 0 resource from src/main/resources to target/classes
2024-02-16 12:20:44,621 [Worker-17: Building] INFO  o.a.m.s.f.DefaultMavenResourcesFiltering - skip non existing resourceDirectory /Users/aaravrubral/Documents/workspace/SpringBoot2MVCFirst/src/test/resources
2024-02-16 12:28:57,661 [Worker-18: Launching SpringBoot2MVCFirst - SpringBoot2MvcFirstApplication] INFO  o.a.m.s.f.DefaultMavenResourcesFiltering - Copying 1 resource from src/main/resources to target/classes
2024-02-16 12:28:57,686 [Worker-18: Launching SpringBoot2MVCFirst - SpringBoot2MvcFirstApplication] INFO  o.a.m.s.f.DefaultMavenResourcesFiltering - Copying 0 resource from src/main/resources to target/classes
2024-02-16 12:28:57,690 [Worker-18: Launching SpringBoot2MVCFirst - SpringBoot2MvcFirstApplication] INFO  o.a.m.s.f.DefaultMavenResourcesFiltering - skip non existing resourceDirectory /Users/aaravrubral/Documents/workspace/SpringBoot2MVCFirst/src/test/resources
2024-02-16 12:32:54,561 [Worker-24: Building] INFO  o.e.m.c.i.l.LifecycleMappingFactory - Using org.eclipse.m2e.jdt.JarLifecycleMapping lifecycle mapping for MavenProject: in.aarav.rubral:SpringBoot2MVCFirst:1.0 @ /Users/aaravrubral/Documents/workspace/SpringBoot2MVCFirst/pom.xml.
2024-02-16 12:32:54,944 [Worker-24: Building] INFO  o.e.m.c.i.e.AbstractTransferListenerAdapter - Downloading https://repo.maven.apache.org/maven2/org/apache/tomcat/tomcat-jasper/11.0.0-M16/tomcat-jasper-11.0.0-M16.pom
2024-02-16 12:32:54,949 [Worker-24: Building] INFO  o.e.m.c.i.e.AbstractTransferListenerAdapter - Downloaded https://repo.maven.apache.org/maven2/org/apache/tomcat/tomcat-jasper/11.0.0-M16/tomcat-jasper-11.0.0-M16.pom
2024-02-16 12:32:55,048 [Worker-24: Building] INFO  o.e.m.c.i.e.AbstractTransferListenerAdapter - Downloading https://repo.maven.apache.org/maven2/org/apache/tomcat/tomcat-servlet-api/11.0.0-M16/tomcat-servlet-api-11.0.0-M16.pom
2024-02-16 12:32:55,051 [Worker-24: Building] INFO  o.e.m.c.i.e.AbstractTransferListenerAdapter - Downloaded https://repo.maven.apache.org/maven2/org/apache/tomcat/tomcat-servlet-api/11.0.0-M16/tomcat-servlet-api-11.0.0-M16.pom
2024-02-16 12:32:55,092 [Worker-24: Building] INFO  o.e.m.c.i.e.AbstractTransferListenerAdapter - Downloading https://repo.maven.apache.org/maven2/org/apache/tomcat/tomcat-juli/11.0.0-M16/tomcat-juli-11.0.0-M16.pom
2024-02-16 12:32:55,095 [Worker-24: Building] INFO  o.e.m.c.i.e.AbstractTransferListenerAdapter - Downloaded https://repo.maven.apache.org/maven2/org/apache/tomcat/tomcat-juli/11.0.0-M16/tomcat-juli-11.0.0-M16.pom
2024-02-16 12:32:55,138 [Worker-24: Building] INFO  o.e.m.c.i.e.AbstractTransferListenerAdapter - Downloading https://repo.maven.apache.org/maven2/org/apache/tomcat/tomcat-jsp-api/10.1.18/tomcat-jsp-api-10.1.18.pom
2024-02-16 12:32:55,140 [Worker-24: Building] INFO  o.e.m.c.i.e.AbstractTransferListenerAdapter - Downloaded https://repo.maven.apache.org/maven2/org/apache/tomcat/tomcat-jsp-api/10.1.18/tomcat-jsp-api-10.1.18.pom
2024-02-16 12:32:55,179 [Worker-24: Building] INFO  o.e.m.c.i.e.AbstractTransferListenerAdapter - Downloading https://repo.maven.apache.org/maven2/org/apache/tomcat/tomcat-el-api/10.1.18/tomcat-el-api-10.1.18.pom
2024-02-16 12:32:55,182 [Worker-24: Building] INFO  o.e.m.c.i.e.AbstractTransferListenerAdapter - Downloaded https://repo.maven.apache.org/maven2/org/apache/tomcat/tomcat-el-api/10.1.18/tomcat-el-api-10.1.18.pom
2024-02-16 12:32:55,218 [Worker-24: Building] INFO  o.e.m.c.i.e.AbstractTransferListenerAdapter - Downloading https://repo.maven.apache.org/maven2/org/apache/tomcat/tomcat-servlet-api/10.1.18/tomcat-servlet-api-10.1.18.pom
2024-02-16 12:32:55,221 [Worker-24: Building] INFO  o.e.m.c.i.e.AbstractTransferListenerAdapter - Downloaded https://repo.maven.apache.org/maven2/org/apache/tomcat/tomcat-servlet-api/10.1.18/tomcat-servlet-api-10.1.18.pom
2024-02-16 12:32:55,262 [Worker-24: Building] INFO  o.e.m.c.i.e.AbstractTransferListenerAdapter - Downloading https://repo.maven.apache.org/maven2/org/apache/tomcat/tomcat-el-api/11.0.0-M16/tomcat-el-api-11.0.0-M16.pom
2024-02-16 12:32:55,265 [Worker-24: Building] INFO  o.e.m.c.i.e.AbstractTransferListenerAdapter - Downloaded https://repo.maven.apache.org/maven2/org/apache/tomcat/tomcat-el-api/11.0.0-M16/tomcat-el-api-11.0.0-M16.pom
2024-02-16 12:32:55,314 [Worker-24: Building] INFO  o.e.m.c.i.e.AbstractTransferListenerAdapter - Downloading https://repo.maven.apache.org/maven2/org/eclipse/jdt/ecj/3.36.0/ecj-3.36.0.pom
2024-02-16 12:32:55,316 [Worker-24: Building] INFO  o.e.m.c.i.e.AbstractTransferListenerAdapter - Downloaded https://repo.maven.apache.org/maven2/org/eclipse/jdt/ecj/3.36.0/ecj-3.36.0.pom
2024-02-16 12:32:55,359 [Worker-24: Building] INFO  o.e.m.c.i.e.AbstractTransferListenerAdapter - Downloading https://repo.maven.apache.org/maven2/org/apache/tomcat/tomcat-jasper-el/11.0.0-M16/tomcat-jasper-el-11.0.0-M16.pom
2024-02-16 12:32:55,361 [Worker-24: Building] INFO  o.e.m.c.i.e.AbstractTransferListenerAdapter - Downloaded https://repo.maven.apache.org/maven2/org/apache/tomcat/tomcat-jasper-el/11.0.0-M16/tomcat-jasper-el-11.0.0-M16.pom
2024-02-16 12:32:55,394 [Worker-24: Building] INFO  o.e.m.c.i.e.AbstractTransferListenerAdapter - Downloading https://repo.maven.apache.org/maven2/org/apache/tomcat/tomcat-api/11.0.0-M16/tomcat-api-11.0.0-M16.pom
2024-02-16 12:32:55,398 [Worker-24: Building] INFO  o.e.m.c.i.e.AbstractTransferListenerAdapter - Downloaded https://repo.maven.apache.org/maven2/org/apache/tomcat/tomcat-api/11.0.0-M16/tomcat-api-11.0.0-M16.pom
2024-02-16 12:32:55,434 [Worker-24: Building] INFO  o.e.m.c.i.e.AbstractTransferListenerAdapter - Downloading https://repo.maven.apache.org/maven2/org/apache/tomcat/tomcat-util-scan/11.0.0-M16/tomcat-util-scan-11.0.0-M16.pom
2024-02-16 12:32:55,438 [Worker-24: Building] INFO  o.e.m.c.i.e.AbstractTransferListenerAdapter - Downloaded https://repo.maven.apache.org/maven2/org/apache/tomcat/tomcat-util-scan/11.0.0-M16/tomcat-util-scan-11.0.0-M16.pom
2024-02-16 12:32:55,490 [Worker-24: Building] INFO  o.e.m.c.i.e.AbstractTransferListenerAdapter - Downloading https://repo.maven.apache.org/maven2/org/apache/tomcat/tomcat-util/11.0.0-M16/tomcat-util-11.0.0-M16.pom
2024-02-16 12:32:55,494 [Worker-24: Building] INFO  o.e.m.c.i.e.AbstractTransferListenerAdapter - Downloaded https://repo.maven.apache.org/maven2/org/apache/tomcat/tomcat-util/11.0.0-M16/tomcat-util-11.0.0-M16.pom
2024-02-16 12:32:55,710 [Worker-24: Building] INFO  o.e.m.c.i.e.AbstractTransferListenerAdapter - Downloading https://repo.maven.apache.org/maven2/org/apache/tomcat/tomcat-jasper/11.0.0-M16/tomcat-jasper-11.0.0-M16.jar
2024-02-16 12:32:55,844 [Worker-24: Building] INFO  o.e.m.c.i.e.AbstractTransferListenerAdapter - Downloaded https://repo.maven.apache.org/maven2/org/apache/tomcat/tomcat-jasper/11.0.0-M16/tomcat-jasper-11.0.0-M16.jar
2024-02-16 12:32:55,893 [BasicRepositoryConnector-repo.maven.apache.org-1-1] INFO  o.e.m.c.i.e.AbstractTransferListenerAdapter - Downloading https://repo.maven.apache.org/maven2/org/apache/tomcat/tomcat-juli/11.0.0-M16/tomcat-juli-11.0.0-M16.jar
2024-02-16 12:32:55,907 [BasicRepositoryConnector-repo.maven.apache.org-1-1] INFO  o.e.m.c.i.e.AbstractTransferListenerAdapter - Downloaded https://repo.maven.apache.org/maven2/org/apache/tomcat/tomcat-juli/11.0.0-M16/tomcat-juli-11.0.0-M16.jar
2024-02-16 12:32:55,955 [BasicRepositoryConnector-repo.maven.apache.org-1-1] INFO  o.e.m.c.i.e.AbstractTransferListenerAdapter - Downloading https://repo.maven.apache.org/maven2/org/apache/tomcat/tomcat-jasper-el/11.0.0-M16/tomcat-jasper-el-11.0.0-M16.jar
2024-02-16 12:32:55,970 [BasicRepositoryConnector-repo.maven.apache.org-1-2] INFO  o.e.m.c.i.e.AbstractTransferListenerAdapter - Downloading https://repo.maven.apache.org/maven2/org/apache/tomcat/tomcat-jsp-api/10.1.18/tomcat-jsp-api-10.1.18.jar
2024-02-16 12:32:55,972 [BasicRepositoryConnector-repo.maven.apache.org-1-1] INFO  o.e.m.c.i.e.AbstractTransferListenerAdapter - Downloaded https://repo.maven.apache.org/maven2/org/apache/tomcat/tomcat-jasper-el/11.0.0-M16/tomcat-jasper-el-11.0.0-M16.jar
2024-02-16 12:32:55,990 [BasicRepositoryConnector-repo.maven.apache.org-1-3] INFO  o.e.m.c.i.e.AbstractTransferListenerAdapter - Downloading https://repo.maven.apache.org/maven2/org/apache/tomcat/tomcat-el-api/11.0.0-M16/tomcat-el-api-11.0.0-M16.jar
2024-02-16 12:32:55,994 [BasicRepositoryConnector-repo.maven.apache.org-1-0] INFO  o.e.m.c.i.e.AbstractTransferListenerAdapter - Downloading https://repo.maven.apache.org/maven2/org/apache/tomcat/tomcat-servlet-api/11.0.0-M16/tomcat-servlet-api-11.0.0-M16.jar
2024-02-16 12:32:55,995 [BasicRepositoryConnector-repo.maven.apache.org-1-4] INFO  o.e.m.c.i.e.AbstractTransferListenerAdapter - Downloading https://repo.maven.apache.org/maven2/org/eclipse/jdt/ecj/3.36.0/ecj-3.36.0.jar
2024-02-16 12:32:56,004 [BasicRepositoryConnector-repo.maven.apache.org-1-1] INFO  o.e.m.c.i.e.AbstractTransferListenerAdapter - Downloading https://repo.maven.apache.org/maven2/org/apache/tomcat/tomcat-api/11.0.0-M16/tomcat-api-11.0.0-M16.jar
2024-02-16 12:32:56,007 [BasicRepositoryConnector-repo.maven.apache.org-1-1] INFO  o.e.m.c.i.e.AbstractTransferListenerAdapter - Downloaded https://repo.maven.apache.org/maven2/org/apache/tomcat/tomcat-api/11.0.0-M16/tomcat-api-11.0.0-M16.jar
2024-02-16 12:32:56,009 [BasicRepositoryConnector-repo.maven.apache.org-1-2] INFO  o.e.m.c.i.e.AbstractTransferListenerAdapter - Downloaded https://repo.maven.apache.org/maven2/org/apache/tomcat/tomcat-jsp-api/10.1.18/tomcat-jsp-api-10.1.18.jar
2024-02-16 12:32:56,058 [BasicRepositoryConnector-repo.maven.apache.org-1-3] INFO  o.e.m.c.i.e.AbstractTransferListenerAdapter - Downloaded https://repo.maven.apache.org/maven2/org/apache/tomcat/tomcat-el-api/11.0.0-M16/tomcat-el-api-11.0.0-M16.jar
2024-02-16 12:32:56,059 [BasicRepositoryConnector-repo.maven.apache.org-1-1] INFO  o.e.m.c.i.e.AbstractTransferListenerAdapter - Downloading https://repo.maven.apache.org/maven2/org/apache/tomcat/tomcat-util-scan/11.0.0-M16/tomcat-util-scan-11.0.0-M16.jar
2024-02-16 12:32:56,150 [BasicRepositoryConnector-repo.maven.apache.org-1-2] INFO  o.e.m.c.i.e.AbstractTransferListenerAdapter - Downloading https://repo.maven.apache.org/maven2/org/apache/tomcat/tomcat-util/11.0.0-M16/tomcat-util-11.0.0-M16.jar
2024-02-16 12:32:56,171 [BasicRepositoryConnector-repo.maven.apache.org-1-2] INFO  o.e.m.c.i.e.AbstractTransferListenerAdapter - Downloaded https://repo.maven.apache.org/maven2/org/apache/tomcat/tomcat-util/11.0.0-M16/tomcat-util-11.0.0-M16.jar
2024-02-16 12:32:56,214 [BasicRepositoryConnector-repo.maven.apache.org-1-0] INFO  o.e.m.c.i.e.AbstractTransferListenerAdapter - Downloaded https://repo.maven.apache.org/maven2/org/apache/tomcat/tomcat-servlet-api/11.0.0-M16/tomcat-servlet-api-11.0.0-M16.jar
2024-02-16 12:32:56,347 [BasicRepositoryConnector-repo.maven.apache.org-1-1] INFO  o.e.m.c.i.e.AbstractTransferListenerAdapter - Downloaded https://repo.maven.apache.org/maven2/org/apache/tomcat/tomcat-util-scan/11.0.0-M16/tomcat-util-scan-11.0.0-M16.jar
2024-02-16 12:32:57,205 [BasicRepositoryConnector-repo.maven.apache.org-1-4] INFO  o.e.m.c.i.e.AbstractTransferListenerAdapter - Downloaded https://repo.maven.apache.org/maven2/org/eclipse/jdt/ecj/3.36.0/ecj-3.36.0.jar
2024-02-16 12:32:57,440 [Worker-24: Building] INFO  o.a.m.s.f.DefaultMavenResourcesFiltering - Copying 0 resource from src/main/resources to target/classes
2024-02-16 12:32:57,441 [Worker-24: Building] INFO  o.a.m.s.f.DefaultMavenResourcesFiltering - Copying 0 resource from src/main/resources to target/classes
2024-02-16 12:32:57,445 [Worker-24: Building] INFO  o.a.m.s.f.DefaultMavenResourcesFiltering - skip non existing resourceDirectory /Users/aaravrubral/Documents/workspace/SpringBoot2MVCFirst/src/test/resources
2024-02-16 12:32:58,429 [Worker-23: Download sources and javadoc] INFO  o.e.m.c.i.e.AbstractTransferListenerAdapter - Downloading https://repo.maven.apache.org/maven2/org/apache/tomcat/tomcat-jasper/11.0.0-M16/tomcat-jasper-11.0.0-M16-sources.jar
2024-02-16 12:32:58,531 [Worker-23: Download sources and javadoc] INFO  o.e.m.c.i.e.AbstractTransferListenerAdapter - Downloaded https://repo.maven.apache.org/maven2/org/apache/tomcat/tomcat-jasper/11.0.0-M16/tomcat-jasper-11.0.0-M16-sources.jar
2024-02-16 12:32:58,535 [Worker-23: Download sources and javadoc] INFO  o.e.m.j.internal.DownloadSourcesJob - Downloaded sources for org.apache.tomcat:tomcat-jasper:11.0.0-M16
2024-02-16 12:32:58,626 [Worker-23: Download sources and javadoc] INFO  o.e.m.c.i.e.AbstractTransferListenerAdapter - Downloading https://repo.maven.apache.org/maven2/org/apache/tomcat/tomcat-servlet-api/11.0.0-M16/tomcat-servlet-api-11.0.0-M16-sources.jar
2024-02-16 12:32:58,833 [Worker-23: Download sources and javadoc] INFO  o.e.m.c.i.e.AbstractTransferListenerAdapter - Downloaded https://repo.maven.apache.org/maven2/org/apache/tomcat/tomcat-servlet-api/11.0.0-M16/tomcat-servlet-api-11.0.0-M16-sources.jar
2024-02-16 12:32:58,836 [Worker-23: Download sources and javadoc] INFO  o.e.m.j.internal.DownloadSourcesJob - Downloaded sources for org.apache.tomcat:tomcat-servlet-api:11.0.0-M16
2024-02-16 12:32:58,991 [Worker-23: Download sources and javadoc] INFO  o.e.m.c.i.e.AbstractTransferListenerAdapter - Downloading https://repo.maven.apache.org/maven2/org/apache/tomcat/tomcat-juli/11.0.0-M16/tomcat-juli-11.0.0-M16-sources.jar
2024-02-16 12:32:58,996 [Worker-23: Download sources and javadoc] INFO  o.e.m.c.i.e.AbstractTransferListenerAdapter - Downloaded https://repo.maven.apache.org/maven2/org/apache/tomcat/tomcat-juli/11.0.0-M16/tomcat-juli-11.0.0-M16-sources.jar
2024-02-16 12:32:58,999 [Worker-23: Download sources and javadoc] INFO  o.e.m.j.internal.DownloadSourcesJob - Downloaded sources for org.apache.tomcat:tomcat-juli:11.0.0-M16
2024-02-16 12:32:59,092 [Worker-23: Download sources and javadoc] INFO  o.e.m.c.i.e.AbstractTransferListenerAdapter - Downloading https://repo.maven.apache.org/maven2/org/apache/tomcat/tomcat-jsp-api/10.1.18/tomcat-jsp-api-10.1.18-sources.jar
2024-02-16 12:32:59,139 [Worker-23: Download sources and javadoc] INFO  o.e.m.c.i.e.AbstractTransferListenerAdapter - Downloaded https://repo.maven.apache.org/maven2/org/apache/tomcat/tomcat-jsp-api/10.1.18/tomcat-jsp-api-10.1.18-sources.jar
2024-02-16 12:32:59,142 [Worker-23: Download sources and javadoc] INFO  o.e.m.j.internal.DownloadSourcesJob - Downloaded sources for org.apache.tomcat:tomcat-jsp-api:10.1.18
2024-02-16 12:32:59,232 [Worker-23: Download sources and javadoc] INFO  o.e.m.c.i.e.AbstractTransferListenerAdapter - Downloading https://repo.maven.apache.org/maven2/org/apache/tomcat/tomcat-el-api/11.0.0-M16/tomcat-el-api-11.0.0-M16-sources.jar
2024-02-16 12:32:59,275 [Worker-23: Download sources and javadoc] INFO  o.e.m.c.i.e.AbstractTransferListenerAdapter - Downloaded https://repo.maven.apache.org/maven2/org/apache/tomcat/tomcat-el-api/11.0.0-M16/tomcat-el-api-11.0.0-M16-sources.jar
2024-02-16 12:32:59,280 [Worker-23: Download sources and javadoc] INFO  o.e.m.j.internal.DownloadSourcesJob - Downloaded sources for org.apache.tomcat:tomcat-el-api:11.0.0-M16
2024-02-16 12:32:59,368 [Worker-23: Download sources and javadoc] INFO  o.e.m.c.i.e.AbstractTransferListenerAdapter - Downloading https://repo.maven.apache.org/maven2/org/eclipse/jdt/ecj/3.36.0/ecj-3.36.0-sources.jar
2024-02-16 12:32:59,727 [Worker-23: Download sources and javadoc] INFO  o.e.m.c.i.e.AbstractTransferListenerAdapter - Downloaded https://repo.maven.apache.org/maven2/org/eclipse/jdt/ecj/3.36.0/ecj-3.36.0-sources.jar
2024-02-16 12:32:59,730 [Worker-23: Download sources and javadoc] INFO  o.e.m.j.internal.DownloadSourcesJob - Downloaded sources for org.eclipse.jdt:ecj:3.36.0
2024-02-16 12:32:59,872 [Worker-23: Download sources and javadoc] INFO  o.e.m.c.i.e.AbstractTransferListenerAdapter - Downloading https://repo.maven.apache.org/maven2/org/apache/tomcat/tomcat-jasper-el/11.0.0-M16/tomcat-jasper-el-11.0.0-M16-sources.jar
2024-02-16 12:32:59,948 [Worker-23: Download sources and javadoc] INFO  o.e.m.c.i.e.AbstractTransferListenerAdapter - Downloaded https://repo.maven.apache.org/maven2/org/apache/tomcat/tomcat-jasper-el/11.0.0-M16/tomcat-jasper-el-11.0.0-M16-sources.jar
2024-02-16 12:32:59,956 [Worker-23: Download sources and javadoc] INFO  o.e.m.j.internal.DownloadSourcesJob - Downloaded sources for org.apache.tomcat:tomcat-jasper-el:11.0.0-M16
2024-02-16 12:33:00,064 [Worker-23: Download sources and javadoc] INFO  o.e.m.c.i.e.AbstractTransferListenerAdapter - Downloading https://repo.maven.apache.org/maven2/org/apache/tomcat/tomcat-api/11.0.0-M16/tomcat-api-11.0.0-M16-sources.jar
2024-02-16 12:33:00,070 [Worker-23: Download sources and javadoc] INFO  o.e.m.c.i.e.AbstractTransferListenerAdapter - Downloaded https://repo.maven.apache.org/maven2/org/apache/tomcat/tomcat-api/11.0.0-M16/tomcat-api-11.0.0-M16-sources.jar
2024-02-16 12:33:00,075 [Worker-23: Download sources and javadoc] INFO  o.e.m.j.internal.DownloadSourcesJob - Downloaded sources for org.apache.tomcat:tomcat-api:11.0.0-M16
2024-02-16 12:33:00,179 [Worker-23: Download sources and javadoc] INFO  o.e.m.c.i.e.AbstractTransferListenerAdapter - Downloading https://repo.maven.apache.org/maven2/org/apache/tomcat/tomcat-util-scan/11.0.0-M16/tomcat-util-scan-11.0.0-M16-sources.jar
2024-02-16 12:33:00,258 [Worker-23: Download sources and javadoc] INFO  o.e.m.c.i.e.AbstractTransferListenerAdapter - Downloaded https://repo.maven.apache.org/maven2/org/apache/tomcat/tomcat-util-scan/11.0.0-M16/tomcat-util-scan-11.0.0-M16-sources.jar
2024-02-16 12:33:00,261 [Worker-23: Download sources and javadoc] INFO  o.e.m.j.internal.DownloadSourcesJob - Downloaded sources for org.apache.tomcat:tomcat-util-scan:11.0.0-M16
2024-02-16 12:33:00,385 [Worker-23: Download sources and javadoc] INFO  o.e.m.c.i.e.AbstractTransferListenerAdapter - Downloading https://repo.maven.apache.org/maven2/org/apache/tomcat/tomcat-util/11.0.0-M16/tomcat-util-11.0.0-M16-sources.jar
2024-02-16 12:33:00,493 [Worker-23: Download sources and javadoc] INFO  o.e.m.c.i.e.AbstractTransferListenerAdapter - Downloaded https://repo.maven.apache.org/maven2/org/apache/tomcat/tomcat-util/11.0.0-M16/tomcat-util-11.0.0-M16-sources.jar
2024-02-16 12:33:00,497 [Worker-23: Download sources and javadoc] INFO  o.e.m.j.internal.DownloadSourcesJob - Downloaded sources for org.apache.tomcat:tomcat-util:11.0.0-M16
2024-02-16 12:33:12,259 [Worker-19: Building] INFO  o.e.m.c.i.l.LifecycleMappingFactory - Using org.eclipse.m2e.jdt.JarLifecycleMapping lifecycle mapping for MavenProject: in.aarav.rubral:SpringBoot2MVCFirst:1.0 @ /Users/aaravrubral/Documents/workspace/SpringBoot2MVCFirst/pom.xml.
2024-02-16 12:33:12,416 [Worker-19: Building] ERROR o.e.m.c.i.p.ProjectConfigurationManager - Could not read maven project
org.eclipse.core.runtime.CoreException: Could not read maven project
	at org.eclipse.m2e.core.internal.embedder.MavenImpl.lambda$3(MavenImpl.java:415)
	at org.eclipse.m2e.core.internal.embedder.MavenExecutionContext.executeBare(MavenExecutionContext.java:394)
	at org.eclipse.m2e.core.internal.embedder.MavenExecutionContext.execute(MavenExecutionContext.java:228)
	at org.eclipse.m2e.core.internal.embedder.MavenExecutionContext.execute(MavenExecutionContext.java:214)
	at org.eclipse.m2e.core.internal.embedder.MavenImpl.readProject(MavenImpl.java:405)
	at org.eclipse.m2e.mavenarchiver.internal.AbstractMavenArchiverConfigurator.lambda$4(AbstractMavenArchiverConfigurator.java:576)
	at org.eclipse.m2e.core.internal.embedder.MavenExecutionContext.executeBare(MavenExecutionContext.java:394)
	at org.eclipse.m2e.core.internal.embedder.MavenExecutionContext.execute(MavenExecutionContext.java:275)
	at org.eclipse.m2e.mavenarchiver.internal.AbstractMavenArchiverConfigurator.loadParentHierarchy(AbstractMavenArchiverConfigurator.java:568)
	at org.eclipse.m2e.mavenarchiver.internal.AbstractMavenArchiverConfigurator.generateManifest(AbstractMavenArchiverConfigurator.java:365)
	at org.eclipse.m2e.mavenarchiver.internal.AbstractMavenArchiverConfigurator.mavenProjectChanged(AbstractMavenArchiverConfigurator.java:228)
	at org.eclipse.m2e.mavenarchiver.internal.AbstractMavenArchiverConfigurator.mavenProjectChanged(AbstractMavenArchiverConfigurator.java:220)
	at org.eclipse.m2e.core.internal.project.ProjectConfigurationManager.mavenProjectChanged(ProjectConfigurationManager.java:882)
	at org.eclipse.m2e.core.internal.project.registry.ProjectRegistryManager.notifyProjectChangeListeners(ProjectRegistryManager.java:888)
	at org.eclipse.m2e.core.internal.project.registry.ProjectRegistryManager.applyMutableProjectRegistry(ProjectRegistryManager.java:1040)
	at org.eclipse.m2e.core.internal.project.registry.ProjectRegistryManager.refresh(ProjectRegistryManager.java:320)
	at org.eclipse.m2e.core.internal.builder.MavenBuilder$BuildMethod.getProjectFacade(MavenBuilder.java:146)
	at org.eclipse.m2e.core.internal.builder.MavenBuilder$BuildMethod.lambda$0(MavenBuilder.java:84)
	at org.eclipse.m2e.core.internal.embedder.MavenExecutionContext.executeBare(MavenExecutionContext.java:394)
	at org.eclipse.m2e.core.internal.embedder.MavenExecutionContext.execute(MavenExecutionContext.java:275)
	at org.eclipse.m2e.core.internal.embedder.MavenExecutionContext.execute(MavenExecutionContext.java:214)
	at org.eclipse.m2e.core.internal.builder.MavenBuilder$BuildMethod.execute(MavenBuilder.java:83)
	at org.eclipse.m2e.core.internal.builder.MavenBuilder.build(MavenBuilder.java:192)
	at org.eclipse.core.internal.events.BuildManager$2.run(BuildManager.java:1079)
	at org.eclipse.core.runtime.SafeRunner.run(SafeRunner.java:47)
	at org.eclipse.core.internal.events.BuildManager.basicBuild(BuildManager.java:296)
	at org.eclipse.core.internal.events.BuildManager.basicBuild(BuildManager.java:352)
	at org.eclipse.core.internal.events.BuildManager$1.run(BuildManager.java:441)
	at org.eclipse.core.runtime.SafeRunner.run(SafeRunner.java:47)
	at org.eclipse.core.internal.events.BuildManager.basicBuild(BuildManager.java:444)
	at org.eclipse.core.internal.events.BuildManager.basicBuildLoop(BuildManager.java:555)
	at org.eclipse.core.internal.events.BuildManager.basicBuildLoop(BuildManager.java:503)
	at org.eclipse.core.internal.events.BuildManager.build(BuildManager.java:585)
	at org.eclipse.core.internal.events.AutoBuildJob.doBuild(AutoBuildJob.java:207)
	at org.eclipse.core.internal.events.AutoBuildJob.run(AutoBuildJob.java:300)
	at org.eclipse.core.internal.jobs.Worker.run(Worker.java:63)
Caused by: org.apache.maven.project.ProjectBuildingException: 1 problem was encountered while building the effective model
[FATAL] Non-readable POM /Users/aaravrubral/Documents/workspace/SpringBoot2MVCFirst: /Users/aaravrubral/Documents/workspace/SpringBoot2MVCFirst (Is a directory) @ 
 for project  at /Users/aaravrubral/Documents/workspace/SpringBoot2MVCFirst
	at org.apache.maven.project.DefaultProjectBuilder.build(DefaultProjectBuilder.java:180)
	at org.apache.maven.project.DefaultProjectBuilder.build(DefaultProjectBuilder.java:123)
	at org.eclipse.m2e.core.internal.embedder.MavenImpl.lambda$3(MavenImpl.java:413)
	... 35 common frames omitted
Caused by: org.apache.maven.model.building.ModelBuildingException: 1 problem was encountered while building the effective model
[FATAL] Non-readable POM /Users/aaravrubral/Documents/workspace/SpringBoot2MVCFirst: /Users/aaravrubral/Documents/workspace/SpringBoot2MVCFirst (Is a directory) @ 

	at org.apache.maven.model.building.DefaultModelProblemCollector.newModelBuildingException(DefaultModelProblemCollector.java:176)
	at org.apache.maven.model.building.DefaultModelBuilder.readModel(DefaultModelBuilder.java:600)
	at org.apache.maven.model.building.DefaultModelBuilder.build(DefaultModelBuilder.java:257)
	at org.apache.maven.model.building.DefaultModelBuilder.build(DefaultModelBuilder.java:243)
	at org.apache.maven.project.DefaultProjectBuilder.build(DefaultProjectBuilder.java:176)
	... 37 common frames omitted
2024-02-16 12:33:33,818 [Worker-22: Building] INFO  o.e.m.c.i.l.LifecycleMappingFactory - Using org.eclipse.m2e.jdt.JarLifecycleMapping lifecycle mapping for MavenProject: in.aarav.rubral:SpringBoot2MVCFirst:1.0 @ /Users/aaravrubral/Documents/workspace/SpringBoot2MVCFirst/pom.xml.
2024-02-16 12:33:34,203 [Worker-22: Building] INFO  o.a.m.s.f.DefaultMavenResourcesFiltering - Copying 1 resource from src/main/resources to target/classes
2024-02-16 12:33:34,221 [Worker-22: Building] INFO  o.a.m.s.f.DefaultMavenResourcesFiltering - Copying 0 resource from src/main/resources to target/classes
2024-02-16 12:33:34,225 [Worker-22: Building] INFO  o.a.m.s.f.DefaultMavenResourcesFiltering - skip non existing resourceDirectory /Users/aaravrubral/Documents/workspace/SpringBoot2MVCFirst/src/test/resources
2024-02-16 12:35:01,100 [Worker-22: Building] INFO  o.a.m.s.f.DefaultMavenResourcesFiltering - Copying 1 resource from src/main/resources to target/classes
2024-02-16 12:35:01,103 [Worker-22: Building] INFO  o.a.m.s.f.DefaultMavenResourcesFiltering - Copying 0 resource from src/main/resources to target/classes
2024-02-16 12:35:01,112 [Worker-22: Building] INFO  o.a.m.s.f.DefaultMavenResourcesFiltering - skip non existing resourceDirectory /Users/aaravrubral/Documents/workspace/SpringBoot2MVCFirst/src/test/resources
2024-02-16 12:35:21,167 [Worker-19: Building] INFO  o.a.m.s.f.DefaultMavenResourcesFiltering - Copying 1 resource from src/main/resources to target/classes
2024-02-16 12:35:21,172 [Worker-19: Building] INFO  o.a.m.s.f.DefaultMavenResourcesFiltering - Copying 0 resource from src/main/resources to target/classes
2024-02-16 12:35:21,176 [Worker-19: Building] INFO  o.a.m.s.f.DefaultMavenResourcesFiltering - skip non existing resourceDirectory /Users/aaravrubral/Documents/workspace/SpringBoot2MVCFirst/src/test/resources
2024-02-16 12:38:46,712 [Worker-23: Building] INFO  o.a.m.s.f.DefaultMavenResourcesFiltering - Copying 1 resource from src/main/resources to target/classes
2024-02-16 12:38:46,717 [Worker-23: Building] INFO  o.a.m.s.f.DefaultMavenResourcesFiltering - Copying 0 resource from src/main/resources to target/classes
2024-02-16 12:38:46,719 [Worker-23: Building] INFO  o.a.m.s.f.DefaultMavenResourcesFiltering - skip non existing resourceDirectory /Users/aaravrubral/Documents/workspace/SpringBoot2MVCFirst/src/test/resources
2024-02-16 12:52:44,226 [Worker-39: Updating Maven Dependencies] INFO  o.e.m.c.i.l.LifecycleMappingFactory - Using org.eclipse.m2e.jdt.JarLifecycleMapping lifecycle mapping for MavenProject: in.aarav.rubral:SpringBoot2MVCFirst:1.0 @ /Users/aaravrubral/Documents/workspace/SpringBoot2MVCFirst/pom.xml.
2024-02-16 12:54:52,301 [Worker-41: Building] INFO  o.e.m.c.i.l.LifecycleMappingFactory - Using org.eclipse.m2e.jdt.JarLifecycleMapping lifecycle mapping for MavenProject: in.aarav.rubral:SpringBoot2MVCFirst:1.0 @ /Users/aaravrubral/Documents/workspace/SpringBoot2MVCFirst/pom.xml.
2024-02-16 12:54:52,640 [Worker-41: Building] INFO  o.e.m.c.i.e.AbstractTransferListenerAdapter - Downloading https://repo.maven.apache.org/maven2/javax/servlet/servlet-api/3.0-alpha-1/servlet-api-3.0-alpha-1.pom
2024-02-16 12:54:52,645 [Worker-41: Building] INFO  o.e.m.c.i.e.AbstractTransferListenerAdapter - Downloaded https://repo.maven.apache.org/maven2/javax/servlet/servlet-api/3.0-alpha-1/servlet-api-3.0-alpha-1.pom
2024-02-16 12:54:52,704 [Worker-41: Building] INFO  o.e.m.c.i.e.AbstractTransferListenerAdapter - Downloading https://repo.maven.apache.org/maven2/org/glassfish/api/api/1/api-1.pom
2024-02-16 12:54:52,707 [Worker-41: Building] INFO  o.e.m.c.i.e.AbstractTransferListenerAdapter - Downloaded https://repo.maven.apache.org/maven2/org/glassfish/api/api/1/api-1.pom
2024-02-16 12:54:52,737 [Worker-41: Building] INFO  o.e.m.c.i.e.AbstractTransferListenerAdapter - Downloading https://repo.maven.apache.org/maven2/org/glassfish/pom/2/pom-2.pom
2024-02-16 12:54:52,742 [Worker-41: Building] INFO  o.e.m.c.i.e.AbstractTransferListenerAdapter - Downloaded https://repo.maven.apache.org/maven2/org/glassfish/pom/2/pom-2.pom
2024-02-16 12:54:52,808 [Worker-41: Building] INFO  o.e.m.c.i.e.AbstractTransferListenerAdapter - Downloading https://repo.maven.apache.org/maven2/javax/servlet/servlet-api/3.0-alpha-1/servlet-api-3.0-alpha-1.jar
2024-02-16 12:54:52,886 [Worker-41: Building] INFO  o.e.m.c.i.e.AbstractTransferListenerAdapter - Downloaded https://repo.maven.apache.org/maven2/javax/servlet/servlet-api/3.0-alpha-1/servlet-api-3.0-alpha-1.jar
2024-02-16 12:54:53,173 [Worker-41: Building] INFO  o.a.m.s.f.DefaultMavenResourcesFiltering - Copying 1 resource from src/main/resources to target/classes
2024-02-16 12:54:53,193 [Worker-41: Building] INFO  o.a.m.s.f.DefaultMavenResourcesFiltering - Copying 0 resource from src/main/resources to target/classes
2024-02-16 12:54:53,198 [Worker-41: Building] INFO  o.a.m.s.f.DefaultMavenResourcesFiltering - skip non existing resourceDirectory /Users/aaravrubral/Documents/workspace/SpringBoot2MVCFirst/src/test/resources
2024-02-16 12:54:54,089 [Worker-34: Download sources and javadoc] INFO  o.e.m.c.i.e.AbstractTransferListenerAdapter - Downloading https://repo.maven.apache.org/maven2/javax/servlet/servlet-api/3.0-alpha-1/servlet-api-3.0-alpha-1-sources.jar
2024-02-16 12:54:54,147 [Worker-34: Download sources and javadoc] INFO  o.e.m.c.i.e.AbstractTransferListenerAdapter - Downloaded https://repo.maven.apache.org/maven2/javax/servlet/servlet-api/3.0-alpha-1/servlet-api-3.0-alpha-1-sources.jar
2024-02-16 12:54:54,149 [Worker-34: Download sources and javadoc] INFO  o.e.m.j.internal.DownloadSourcesJob - Downloaded sources for javax.servlet:servlet-api:3.0-alpha-1
2024-02-16 12:55:56,262 [Worker-51: Launching SpringBoot2MVCFirst - SpringBoot2MvcFirstApplication] INFO  o.a.m.s.f.DefaultMavenResourcesFiltering - Copying 1 resource from src/main/resources to target/classes
2024-02-16 12:55:56,282 [Worker-51: Launching SpringBoot2MVCFirst - SpringBoot2MvcFirstApplication] INFO  o.a.m.s.f.DefaultMavenResourcesFiltering - Copying 0 resource from src/main/resources to target/classes
2024-02-16 12:55:56,291 [Worker-51: Launching SpringBoot2MVCFirst - SpringBoot2MvcFirstApplication] INFO  o.a.m.s.f.DefaultMavenResourcesFiltering - skip non existing resourceDirectory /Users/aaravrubral/Documents/workspace/SpringBoot2MVCFirst/src/test/resources
2024-02-16 12:56:11,971 [Worker-43: Building] INFO  o.a.m.s.f.DefaultMavenResourcesFiltering - Copying 1 resource from src/main/resources to target/classes
2024-02-16 12:56:12,002 [Worker-43: Building] INFO  o.a.m.s.f.DefaultMavenResourcesFiltering - Copying 0 resource from src/main/resources to target/classes
2024-02-16 12:56:12,005 [Worker-43: Building] INFO  o.a.m.s.f.DefaultMavenResourcesFiltering - skip non existing resourceDirectory /Users/aaravrubral/Documents/workspace/SpringBoot2MVCFirst/src/test/resources
2024-02-16 12:58:06,168 [Worker-49: Building] INFO  o.e.m.c.i.l.LifecycleMappingFactory - Using org.eclipse.m2e.jdt.JarLifecycleMapping lifecycle mapping for MavenProject: in.aarav.rubral:SpringBoot2MVCFirst:1.0 @ /Users/aaravrubral/Documents/workspace/SpringBoot2MVCFirst/pom.xml.
2024-02-16 12:58:07,001 [Worker-49: Building] INFO  o.e.m.c.i.e.AbstractTransferListenerAdapter - Downloading https://repo.maven.apache.org/maven2/javax/servlet/jsp-api/2.0/jsp-api-2.0.pom
2024-02-16 12:58:07,005 [Worker-49: Building] INFO  o.e.m.c.i.e.AbstractTransferListenerAdapter - Downloaded https://repo.maven.apache.org/maven2/javax/servlet/jsp-api/2.0/jsp-api-2.0.pom
2024-02-16 12:58:07,053 [Worker-49: Building] INFO  o.e.m.c.i.e.AbstractTransferListenerAdapter - Downloading https://repo.maven.apache.org/maven2/javax/servlet/servlet-api/2.4/servlet-api-2.4.pom
2024-02-16 12:58:07,055 [Worker-49: Building] INFO  o.e.m.c.i.e.AbstractTransferListenerAdapter - Downloaded https://repo.maven.apache.org/maven2/javax/servlet/servlet-api/2.4/servlet-api-2.4.pom
2024-02-16 12:58:07,151 [Worker-49: Building] INFO  o.e.m.c.i.e.AbstractTransferListenerAdapter - Downloading https://repo.maven.apache.org/maven2/javax/servlet/jsp-api/2.0/jsp-api-2.0.jar
2024-02-16 12:58:07,172 [Worker-49: Building] INFO  o.e.m.c.i.e.AbstractTransferListenerAdapter - Downloaded https://repo.maven.apache.org/maven2/javax/servlet/jsp-api/2.0/jsp-api-2.0.jar
2024-02-16 12:58:07,489 [Worker-49: Building] INFO  o.a.m.s.f.DefaultMavenResourcesFiltering - Copying 0 resource from src/main/resources to target/classes
2024-02-16 12:58:07,489 [Worker-49: Building] INFO  o.a.m.s.f.DefaultMavenResourcesFiltering - Copying 0 resource from src/main/resources to target/classes
2024-02-16 12:58:07,496 [Worker-49: Building] INFO  o.a.m.s.f.DefaultMavenResourcesFiltering - skip non existing resourceDirectory /Users/aaravrubral/Documents/workspace/SpringBoot2MVCFirst/src/test/resources
2024-02-16 12:58:08,661 [Worker-45: Download sources and javadoc] INFO  o.e.m.c.i.e.AbstractTransferListenerAdapter - Downloaded https://repo.maven.apache.org/maven2/javax/servlet/jsp-api/2.0/jsp-api-2.0-sources.jar
2024-02-16 12:58:08,664 [Worker-45: Download sources and javadoc] ERROR o.e.m.j.internal.DownloadSourcesJob - Could not download sources for javax.servlet:jsp-api:2.0
org.eclipse.core.runtime.CoreException: Could not resolve artifact javax.servlet:jsp-api:jar:sources:2.0
	at org.eclipse.m2e.core.internal.embedder.MavenImpl.lambda$6(MavenImpl.java:584)
	at org.eclipse.m2e.core.internal.embedder.MavenExecutionContext.executeBare(MavenExecutionContext.java:394)
	at org.eclipse.m2e.core.internal.embedder.MavenExecutionContext.execute(MavenExecutionContext.java:228)
	at org.eclipse.m2e.core.internal.embedder.MavenExecutionContext.execute(MavenExecutionContext.java:214)
	at org.eclipse.m2e.core.internal.embedder.MavenImpl.resolve(MavenImpl.java:553)
	at org.eclipse.m2e.core.internal.embedder.MavenImpl.resolve(MavenImpl.java:538)
	at org.eclipse.m2e.jdt.internal.DownloadSourcesJob.download(DownloadSourcesJob.java:308)
	at org.eclipse.m2e.jdt.internal.DownloadSourcesJob.downloadAttachments(DownloadSourcesJob.java:282)
	at org.eclipse.m2e.jdt.internal.DownloadSourcesJob.downloadMaven(DownloadSourcesJob.java:252)
	at org.eclipse.m2e.jdt.internal.DownloadSourcesJob.downloadFilesAndPopulateToUpdate(DownloadSourcesJob.java:220)
	at org.eclipse.m2e.jdt.internal.DownloadSourcesJob.lambda$0(DownloadSourcesJob.java:149)
	at org.eclipse.m2e.core.internal.embedder.MavenExecutionContext.executeBare(MavenExecutionContext.java:394)
	at org.eclipse.m2e.core.internal.embedder.MavenExecutionContext.execute(MavenExecutionContext.java:275)
	at org.eclipse.m2e.core.internal.embedder.MavenExecutionContext.execute(MavenExecutionContext.java:214)
	at org.eclipse.m2e.core.embedder.IMaven.execute(IMaven.java:294)
	at org.eclipse.m2e.jdt.internal.DownloadSourcesJob.run(DownloadSourcesJob.java:149)
	at org.eclipse.core.internal.jobs.Worker.run(Worker.java:63)
2024-02-16 12:58:20,164 [Worker-53: Download sources and javadoc] INFO  o.e.m.c.i.e.AbstractTransferListenerAdapter - Downloaded https://repo.maven.apache.org/maven2/javax/servlet/jsp-api/2.0/jsp-api-2.0-javadoc.jar
2024-02-16 12:58:20,167 [Worker-53: Download sources and javadoc] ERROR o.e.m.j.internal.DownloadSourcesJob - Could not download javadoc for javax.servlet:jsp-api:2.0
org.eclipse.core.runtime.CoreException: Could not resolve artifact javax.servlet:jsp-api:jar:javadoc:2.0
	at org.eclipse.m2e.core.internal.embedder.MavenImpl.lambda$6(MavenImpl.java:584)
	at org.eclipse.m2e.core.internal.embedder.MavenExecutionContext.executeBare(MavenExecutionContext.java:394)
	at org.eclipse.m2e.core.internal.embedder.MavenExecutionContext.execute(MavenExecutionContext.java:228)
	at org.eclipse.m2e.core.internal.embedder.MavenExecutionContext.execute(MavenExecutionContext.java:214)
	at org.eclipse.m2e.core.internal.embedder.MavenImpl.resolve(MavenImpl.java:553)
	at org.eclipse.m2e.core.internal.embedder.MavenImpl.resolve(MavenImpl.java:538)
	at org.eclipse.m2e.jdt.internal.DownloadSourcesJob.download(DownloadSourcesJob.java:308)
	at org.eclipse.m2e.jdt.internal.DownloadSourcesJob.downloadAttachments(DownloadSourcesJob.java:294)
	at org.eclipse.m2e.jdt.internal.DownloadSourcesJob.downloadMaven(DownloadSourcesJob.java:252)
	at org.eclipse.m2e.jdt.internal.DownloadSourcesJob.downloadFilesAndPopulateToUpdate(DownloadSourcesJob.java:220)
	at org.eclipse.m2e.jdt.internal.DownloadSourcesJob.lambda$0(DownloadSourcesJob.java:149)
	at org.eclipse.m2e.core.internal.embedder.MavenExecutionContext.executeBare(MavenExecutionContext.java:394)
	at org.eclipse.m2e.core.internal.embedder.MavenExecutionContext.execute(MavenExecutionContext.java:275)
	at org.eclipse.m2e.core.internal.embedder.MavenExecutionContext.execute(MavenExecutionContext.java:214)
	at org.eclipse.m2e.core.embedder.IMaven.execute(IMaven.java:294)
	at org.eclipse.m2e.jdt.internal.DownloadSourcesJob.run(DownloadSourcesJob.java:149)
	at org.eclipse.core.internal.jobs.Worker.run(Worker.java:63)
2024-02-16 12:59:37,101 [Worker-51: Building] INFO  o.e.m.c.i.l.LifecycleMappingFactory - Using org.eclipse.m2e.jdt.JarLifecycleMapping lifecycle mapping for MavenProject: in.aarav.rubral:SpringBoot2MVCFirst:1.0 @ /Users/aaravrubral/Documents/workspace/SpringBoot2MVCFirst/pom.xml.
2024-02-16 12:59:37,509 [Worker-51: Building] INFO  o.e.m.c.i.e.AbstractTransferListenerAdapter - Downloading https://repo.maven.apache.org/maven2/javax/servlet/jstl/1.2/jstl-1.2.pom
2024-02-16 12:59:37,511 [Worker-51: Building] INFO  o.e.m.c.i.e.AbstractTransferListenerAdapter - Downloaded https://repo.maven.apache.org/maven2/javax/servlet/jstl/1.2/jstl-1.2.pom
2024-02-16 12:59:37,566 [Worker-51: Building] INFO  o.e.m.c.i.e.AbstractTransferListenerAdapter - Downloading https://repo.maven.apache.org/maven2/javax/servlet/jstl/1.2/jstl-1.2.jar
2024-02-16 12:59:37,716 [Worker-51: Building] INFO  o.e.m.c.i.e.AbstractTransferListenerAdapter - Downloaded https://repo.maven.apache.org/maven2/javax/servlet/jstl/1.2/jstl-1.2.jar
2024-02-16 12:59:37,951 [Worker-51: Building] INFO  o.a.m.s.f.DefaultMavenResourcesFiltering - Copying 1 resource from src/main/resources to target/classes
2024-02-16 12:59:37,967 [Worker-51: Building] INFO  o.a.m.s.f.DefaultMavenResourcesFiltering - Copying 0 resource from src/main/resources to target/classes
2024-02-16 12:59:37,971 [Worker-51: Building] INFO  o.a.m.s.f.DefaultMavenResourcesFiltering - skip non existing resourceDirectory /Users/aaravrubral/Documents/workspace/SpringBoot2MVCFirst/src/test/resources
2024-02-16 12:59:38,918 [Worker-56: Download sources and javadoc] INFO  o.e.m.c.i.e.AbstractTransferListenerAdapter - Downloading https://repo.maven.apache.org/maven2/javax/servlet/jstl/1.2/jstl-1.2-sources.jar
2024-02-16 12:59:39,139 [Worker-56: Download sources and javadoc] INFO  o.e.m.c.i.e.AbstractTransferListenerAdapter - Downloaded https://repo.maven.apache.org/maven2/javax/servlet/jstl/1.2/jstl-1.2-sources.jar
2024-02-16 12:59:39,142 [Worker-56: Download sources and javadoc] INFO  o.e.m.j.internal.DownloadSourcesJob - Downloaded sources for javax.servlet:jstl:1.2
2024-02-16 13:00:44,900 [Worker-45: Launching SpringBoot2MVCFirst - SpringBoot2MvcFirstApplication] INFO  o.a.m.s.f.DefaultMavenResourcesFiltering - Copying 1 resource from src/main/resources to target/classes
2024-02-16 13:00:44,904 [Worker-45: Launching SpringBoot2MVCFirst - SpringBoot2MvcFirstApplication] INFO  o.a.m.s.f.DefaultMavenResourcesFiltering - Copying 0 resource from src/main/resources to target/classes
2024-02-16 13:00:44,907 [Worker-45: Launching SpringBoot2MVCFirst - SpringBoot2MvcFirstApplication] INFO  o.a.m.s.f.DefaultMavenResourcesFiltering - skip non existing resourceDirectory /Users/aaravrubral/Documents/workspace/SpringBoot2MVCFirst/src/test/resources
2024-02-16 13:01:00,081 [Worker-46: Building] INFO  o.a.m.s.f.DefaultMavenResourcesFiltering - Copying 1 resource from src/main/resources to target/classes
2024-02-16 13:01:00,105 [Worker-46: Building] INFO  o.a.m.s.f.DefaultMavenResourcesFiltering - Copying 0 resource from src/main/resources to target/classes
2024-02-16 13:01:00,110 [Worker-46: Building] INFO  o.a.m.s.f.DefaultMavenResourcesFiltering - skip non existing resourceDirectory /Users/aaravrubral/Documents/workspace/SpringBoot2MVCFirst/src/test/resources
2024-02-16 13:03:30,149 [Worker-53: Building] INFO  o.a.m.s.f.DefaultMavenResourcesFiltering - Copying 1 resource from src/main/resources to target/classes
2024-02-16 13:03:30,159 [Worker-53: Building] INFO  o.a.m.s.f.DefaultMavenResourcesFiltering - Copying 0 resource from src/main/resources to target/classes
2024-02-16 13:03:30,161 [Worker-53: Building] INFO  o.a.m.s.f.DefaultMavenResourcesFiltering - skip non existing resourceDirectory /Users/aaravrubral/Documents/workspace/SpringBoot2MVCFirst/src/test/resources
2024-02-16 13:04:41,398 [Worker-58: Launching SpringBoot2MVCFirst - SpringBoot2MvcFirstApplication] INFO  o.a.m.s.f.DefaultMavenResourcesFiltering - Copying 1 resource from src/main/resources to target/classes
2024-02-16 13:04:41,444 [Worker-58: Launching SpringBoot2MVCFirst - SpringBoot2MvcFirstApplication] INFO  o.a.m.s.f.DefaultMavenResourcesFiltering - Copying 0 resource from src/main/resources to target/classes
2024-02-16 13:04:41,448 [Worker-58: Launching SpringBoot2MVCFirst - SpringBoot2MvcFirstApplication] INFO  o.a.m.s.f.DefaultMavenResourcesFiltering - skip non existing resourceDirectory /Users/aaravrubral/Documents/workspace/SpringBoot2MVCFirst/src/test/resources
2024-02-16 13:06:08,290 [Worker-57: Building] INFO  o.a.m.s.f.DefaultMavenResourcesFiltering - Copying 1 resource from src/main/resources to target/classes
2024-02-16 13:06:08,332 [Worker-57: Building] INFO  o.a.m.s.f.DefaultMavenResourcesFiltering - Copying 0 resource from src/main/resources to target/classes
2024-02-16 13:06:08,335 [Worker-57: Building] INFO  o.a.m.s.f.DefaultMavenResourcesFiltering - skip non existing resourceDirectory /Users/aaravrubral/Documents/workspace/SpringBoot2MVCFirst/src/test/resources
2024-02-16 13:07:58,262 [Worker-59: Building] INFO  o.a.m.s.f.DefaultMavenResourcesFiltering - Copying 0 resource from src/main/resources to target/classes
2024-02-16 13:07:58,262 [Worker-59: Building] INFO  o.a.m.s.f.DefaultMavenResourcesFiltering - Copying 0 resource from src/main/resources to target/classes
2024-02-16 13:07:58,264 [Worker-59: Building] INFO  o.a.m.s.f.DefaultMavenResourcesFiltering - skip non existing resourceDirectory /Users/aaravrubral/Documents/workspace/SpringBoot2MVCFirst/src/test/resources
2024-02-16 13:08:12,173 [Worker-61: Building] INFO  o.a.m.s.f.DefaultMavenResourcesFiltering - Copying 0 resource from src/main/resources to target/classes
2024-02-16 13:08:12,174 [Worker-61: Building] INFO  o.a.m.s.f.DefaultMavenResourcesFiltering - Copying 0 resource from src/main/resources to target/classes
2024-02-16 13:08:12,178 [Worker-61: Building] INFO  o.a.m.s.f.DefaultMavenResourcesFiltering - skip non existing resourceDirectory /Users/aaravrubral/Documents/workspace/SpringBoot2MVCFirst/src/test/resources
2024-02-16 13:09:01,885 [Worker-59: Building] INFO  o.a.m.s.f.DefaultMavenResourcesFiltering - Copying 0 resource from src/main/resources to target/classes
2024-02-16 13:09:01,886 [Worker-59: Building] INFO  o.a.m.s.f.DefaultMavenResourcesFiltering - Copying 0 resource from src/main/resources to target/classes
2024-02-16 13:09:01,888 [Worker-59: Building] INFO  o.a.m.s.f.DefaultMavenResourcesFiltering - skip non existing resourceDirectory /Users/aaravrubral/Documents/workspace/SpringBoot2MVCFirst/src/test/resources
2024-02-20 20:28:18,064 [Worker-0: Loading available Gradle versions] INFO  o.e.b.c.i.u.g.PublishedGradleVersions - Gradle version information cache is out-of-date. Trying to update.
2024-02-20 20:36:24,136 [Worker-17: Launching SpringBoot2MVCFirst - SpringBoot2MvcFirstApplication] INFO  o.a.m.s.f.DefaultMavenResourcesFiltering - Copying 1 resource from src/main/resources to target/classes
2024-02-20 20:36:24,159 [Worker-17: Launching SpringBoot2MVCFirst - SpringBoot2MvcFirstApplication] INFO  o.a.m.s.f.DefaultMavenResourcesFiltering - Copying 0 resource from src/main/resources to target/classes
2024-02-20 20:36:24,164 [Worker-17: Launching SpringBoot2MVCFirst - SpringBoot2MvcFirstApplication] INFO  o.a.m.s.f.DefaultMavenResourcesFiltering - skip non existing resourceDirectory /Users/aaravrubral/Documents/workspace/SpringBoot2MVCFirst/src/test/resources
2024-02-20 20:39:26,530 [Worker-11: Launching SpringBoot2MVCFirst - SpringBoot2MvcFirstApplication] INFO  o.a.m.s.f.DefaultMavenResourcesFiltering - Copying 1 resource from src/main/resources to target/classes
2024-02-20 20:39:26,540 [Worker-11: Launching SpringBoot2MVCFirst - SpringBoot2MvcFirstApplication] INFO  o.a.m.s.f.DefaultMavenResourcesFiltering - Copying 0 resource from src/main/resources to target/classes
2024-02-20 20:39:26,547 [Worker-11: Launching SpringBoot2MVCFirst - SpringBoot2MvcFirstApplication] INFO  o.a.m.s.f.DefaultMavenResourcesFiltering - skip non existing resourceDirectory /Users/aaravrubral/Documents/workspace/SpringBoot2MVCFirst/src/test/resources
2024-02-20 20:43:52,191 [Worker-11: Launching SpringBoot2MVCFirst - SpringBoot2MvcFirstApplication] INFO  o.a.m.s.f.DefaultMavenResourcesFiltering - Copying 1 resource from src/main/resources to target/classes
2024-02-20 20:43:52,203 [Worker-11: Launching SpringBoot2MVCFirst - SpringBoot2MvcFirstApplication] INFO  o.a.m.s.f.DefaultMavenResourcesFiltering - Copying 0 resource from src/main/resources to target/classes
2024-02-20 20:43:52,209 [Worker-11: Launching SpringBoot2MVCFirst - SpringBoot2MvcFirstApplication] INFO  o.a.m.s.f.DefaultMavenResourcesFiltering - skip non existing resourceDirectory /Users/aaravrubral/Documents/workspace/SpringBoot2MVCFirst/src/test/resources
2024-02-22 14:00:50,224 [Worker-4: Loading available Gradle versions] INFO  o.e.b.c.i.u.g.PublishedGradleVersions - Gradle version information cache is out-of-date. Trying to update.
2024-02-22 14:14:01,697 [Worker-13: Import Getting Started Content] INFO  o.e.m.c.i.l.LifecycleMappingFactory - Using org.eclipse.m2e.jdt.JarLifecycleMapping lifecycle mapping for MavenProject: in.aarav.rubral:SpringBoot2RestProducerBasic:1.0 @ /Users/aaravrubral/Documents/workspace/SpringBoot2RestProducerBasic/pom.xml.
2024-02-22 14:14:02,819 [Worker-13: Import Getting Started Content] INFO  o.e.m.j.i.AbstractJavaProjectConfigurator - Adding source folder /SpringBoot2RestProducerBasic/src/main/java
2024-02-22 14:14:02,819 [Worker-13: Import Getting Started Content] INFO  o.e.m.j.i.AbstractJavaProjectConfigurator - Adding resource folder /SpringBoot2RestProducerBasic/src/main/resources
2024-02-22 14:14:02,822 [Worker-13: Import Getting Started Content] INFO  o.e.m.j.i.AbstractJavaProjectConfigurator - Adding resource folder /SpringBoot2RestProducerBasic/src/main/resources
2024-02-22 14:14:02,827 [Worker-13: Import Getting Started Content] INFO  o.e.m.j.i.AbstractJavaProjectConfigurator - Adding source folder /SpringBoot2RestProducerBasic/src/test/java
2024-02-22 14:14:02,828 [Worker-13: Import Getting Started Content] INFO  o.e.m.j.i.AbstractJavaProjectConfigurator - Adding resource folder /SpringBoot2RestProducerBasic/src/test/resources
2024-02-22 14:14:03,019 [Worker-13: Import Getting Started Content] INFO  o.e.m.c.i.p.ProjectConfigurationManager - Imported and configured 1 project(s) in 2 sec
2024-02-22 14:14:03,023 [Worker-13: Import Getting Started Content] INFO  o.e.m.c.i.p.ProjectConfigurationManager - Update started
2024-02-22 14:14:03,362 [Worker-13: Import Getting Started Content] INFO  o.e.m.c.i.l.LifecycleMappingFactory - Using org.eclipse.m2e.jdt.JarLifecycleMapping lifecycle mapping for MavenProject: in.aarav.rubral:SpringBoot2RestProducerBasic:1.0 @ /Users/aaravrubral/Documents/workspace/SpringBoot2RestProducerBasic/pom.xml.
2024-02-22 14:14:03,733 [Worker-13: Import Getting Started Content] INFO  o.e.m.j.i.AbstractJavaProjectConfigurator - Adding source folder /SpringBoot2RestProducerBasic/src/main/java
2024-02-22 14:14:03,733 [Worker-13: Import Getting Started Content] INFO  o.e.m.j.i.AbstractJavaProjectConfigurator - Adding resource folder /SpringBoot2RestProducerBasic/src/main/resources
2024-02-22 14:14:03,734 [Worker-13: Import Getting Started Content] INFO  o.e.m.j.i.AbstractJavaProjectConfigurator - Adding resource folder /SpringBoot2RestProducerBasic/src/main/resources
2024-02-22 14:14:03,736 [Worker-13: Import Getting Started Content] INFO  o.e.m.j.i.AbstractJavaProjectConfigurator - Adding source folder /SpringBoot2RestProducerBasic/src/test/java
2024-02-22 14:14:03,737 [Worker-13: Import Getting Started Content] INFO  o.e.m.j.i.AbstractJavaProjectConfigurator - Adding resource folder /SpringBoot2RestProducerBasic/src/test/resources
2024-02-22 14:14:04,075 [Worker-13: Import Getting Started Content] INFO  o.e.m.c.i.p.ProjectConfigurationManager - Update completed for 1 poms: local refresh takes 0.00 sec, refresh facades takes 0.00 sec, update config takes 0.00 sec 
2024-02-22 14:14:04,622 [Worker-19: Building] INFO  o.a.m.s.f.DefaultMavenResourcesFiltering - Copying 1 resource from src/main/resources to target/classes
2024-02-22 14:14:04,639 [Worker-19: Building] INFO  o.a.m.s.f.DefaultMavenResourcesFiltering - Copying 0 resource from src/main/resources to target/classes
2024-02-22 14:14:04,645 [Worker-19: Building] INFO  o.a.m.s.f.DefaultMavenResourcesFiltering - skip non existing resourceDirectory /Users/aaravrubral/Documents/workspace/SpringBoot2RestProducerBasic/src/test/resources
2024-02-22 14:15:02,051 [Worker-17: Building] INFO  o.a.m.s.f.DefaultMavenResourcesFiltering - Copying 1 resource from src/main/resources to target/classes
2024-02-22 14:15:02,057 [Worker-17: Building] INFO  o.a.m.s.f.DefaultMavenResourcesFiltering - Copying 0 resource from src/main/resources to target/classes
2024-02-22 14:15:02,061 [Worker-17: Building] INFO  o.a.m.s.f.DefaultMavenResourcesFiltering - skip non existing resourceDirectory /Users/aaravrubral/Documents/workspace/SpringBoot2RestProducerBasic/src/test/resources
2024-02-22 14:28:47,528 [Worker-27: Building] INFO  o.a.m.s.f.DefaultMavenResourcesFiltering - Copying 1 resource from src/main/resources to target/classes
2024-02-22 14:28:47,543 [Worker-27: Building] INFO  o.a.m.s.f.DefaultMavenResourcesFiltering - Copying 0 resource from src/main/resources to target/classes
2024-02-22 14:28:47,548 [Worker-27: Building] INFO  o.a.m.s.f.DefaultMavenResourcesFiltering - skip non existing resourceDirectory /Users/aaravrubral/Documents/workspace/SpringBoot2RestProducerBasic/src/test/resources
2024-02-22 14:56:23,625 [Worker-33: Building] INFO  o.a.m.s.f.DefaultMavenResourcesFiltering - Copying 1 resource from src/main/resources to target/classes
2024-02-22 14:56:23,660 [Worker-33: Building] INFO  o.a.m.s.f.DefaultMavenResourcesFiltering - Copying 0 resource from src/main/resources to target/classes
2024-02-22 14:56:23,665 [Worker-33: Building] INFO  o.a.m.s.f.DefaultMavenResourcesFiltering - skip non existing resourceDirectory /Users/aaravrubral/Documents/workspace/SpringBoot2RestProducerBasic/src/test/resources
2024-02-22 15:18:36,874 [Worker-42: Launching SpringBoot2MVCFirst - SpringBoot2MvcFirstApplication] INFO  o.a.m.s.f.DefaultMavenResourcesFiltering - Copying 1 resource from src/main/resources to target/classes
2024-02-22 15:18:36,897 [Worker-42: Launching SpringBoot2MVCFirst - SpringBoot2MvcFirstApplication] INFO  o.a.m.s.f.DefaultMavenResourcesFiltering - Copying 0 resource from src/main/resources to target/classes
2024-02-22 15:18:36,907 [Worker-42: Launching SpringBoot2MVCFirst - SpringBoot2MvcFirstApplication] INFO  o.a.m.s.f.DefaultMavenResourcesFiltering - skip non existing resourceDirectory /Users/aaravrubral/Documents/workspace/SpringBoot2MVCFirst/src/test/resources
2024-02-23 13:54:20,608 [Worker-6: Loading available Gradle versions] INFO  o.e.b.c.i.u.g.PublishedGradleVersions - Gradle version information cache is up-to-date. Trying to read.
2024-02-23 13:58:20,288 [Worker-5: Loading available Gradle versions] INFO  o.e.b.c.i.u.g.PublishedGradleVersions - Gradle version information cache is up-to-date. Trying to read.
2024-02-23 13:59:24,538 [Worker-4: Import Getting Started Content] INFO  o.e.m.c.i.e.AbstractTransferListenerAdapter - Downloading https://repo.maven.apache.org/maven2/org/springframework/boot/spring-boot-starter-parent/3.2.3/spring-boot-starter-parent-3.2.3.pom
2024-02-23 13:59:24,561 [Worker-4: Import Getting Started Content] INFO  o.e.m.c.i.e.AbstractTransferListenerAdapter - Downloaded https://repo.maven.apache.org/maven2/org/springframework/boot/spring-boot-starter-parent/3.2.3/spring-boot-starter-parent-3.2.3.pom
2024-02-23 13:59:24,611 [Worker-4: Import Getting Started Content] INFO  o.e.m.c.i.e.AbstractTransferListenerAdapter - Downloading https://repo.maven.apache.org/maven2/org/springframework/boot/spring-boot-dependencies/3.2.3/spring-boot-dependencies-3.2.3.pom
2024-02-23 13:59:24,670 [Worker-4: Import Getting Started Content] INFO  o.e.m.c.i.e.AbstractTransferListenerAdapter - Downloaded https://repo.maven.apache.org/maven2/org/springframework/boot/spring-boot-dependencies/3.2.3/spring-boot-dependencies-3.2.3.pom
2024-02-23 13:59:24,818 [Worker-4: Import Getting Started Content] INFO  o.e.m.c.i.e.AbstractTransferListenerAdapter - Downloading https://repo.maven.apache.org/maven2/io/dropwizard/metrics/metrics-bom/4.2.25/metrics-bom-4.2.25.pom
2024-02-23 13:59:24,823 [Worker-4: Import Getting Started Content] INFO  o.e.m.c.i.e.AbstractTransferListenerAdapter - Downloaded https://repo.maven.apache.org/maven2/io/dropwizard/metrics/metrics-bom/4.2.25/metrics-bom-4.2.25.pom
2024-02-23 13:59:24,856 [Worker-4: Import Getting Started Content] INFO  o.e.m.c.i.e.AbstractTransferListenerAdapter - Downloading https://repo.maven.apache.org/maven2/io/dropwizard/metrics/metrics-parent/4.2.25/metrics-parent-4.2.25.pom
2024-02-23 13:59:24,869 [Worker-4: Import Getting Started Content] INFO  o.e.m.c.i.e.AbstractTransferListenerAdapter - Downloaded https://repo.maven.apache.org/maven2/io/dropwizard/metrics/metrics-parent/4.2.25/metrics-parent-4.2.25.pom
2024-02-23 13:59:24,918 [Worker-4: Import Getting Started Content] INFO  o.e.m.c.i.e.AbstractTransferListenerAdapter - Downloading https://repo.maven.apache.org/maven2/org/apache/groovy/groovy-bom/4.0.18/groovy-bom-4.0.18.pom
2024-02-23 13:59:24,935 [Worker-4: Import Getting Started Content] INFO  o.e.m.c.i.e.AbstractTransferListenerAdapter - Downloaded https://repo.maven.apache.org/maven2/org/apache/groovy/groovy-bom/4.0.18/groovy-bom-4.0.18.pom
2024-02-23 13:59:24,980 [Worker-4: Import Getting Started Content] INFO  o.e.m.c.i.e.AbstractTransferListenerAdapter - Downloading https://repo.maven.apache.org/maven2/org/infinispan/infinispan-bom/14.0.24.Final/infinispan-bom-14.0.24.Final.pom
2024-02-23 13:59:24,993 [Worker-4: Import Getting Started Content] INFO  o.e.m.c.i.e.AbstractTransferListenerAdapter - Downloaded https://repo.maven.apache.org/maven2/org/infinispan/infinispan-bom/14.0.24.Final/infinispan-bom-14.0.24.Final.pom
2024-02-23 13:59:25,049 [Worker-4: Import Getting Started Content] INFO  o.e.m.c.i.e.AbstractTransferListenerAdapter - Downloading https://repo.maven.apache.org/maven2/org/infinispan/infinispan-build-configuration-parent/14.0.24.Final/infinispan-build-configuration-parent-14.0.24.Final.pom
2024-02-23 13:59:25,058 [Worker-4: Import Getting Started Content] INFO  o.e.m.c.i.e.AbstractTransferListenerAdapter - Downloaded https://repo.maven.apache.org/maven2/org/infinispan/infinispan-build-configuration-parent/14.0.24.Final/infinispan-build-configuration-parent-14.0.24.Final.pom
2024-02-23 13:59:25,122 [Worker-4: Import Getting Started Content] INFO  o.e.m.c.i.e.AbstractTransferListenerAdapter - Downloading https://repo.maven.apache.org/maven2/com/fasterxml/jackson/jackson-bom/2.15.4/jackson-bom-2.15.4.pom
2024-02-23 13:59:25,127 [Worker-4: Import Getting Started Content] INFO  o.e.m.c.i.e.AbstractTransferListenerAdapter - Downloaded https://repo.maven.apache.org/maven2/com/fasterxml/jackson/jackson-bom/2.15.4/jackson-bom-2.15.4.pom
2024-02-23 13:59:25,171 [Worker-4: Import Getting Started Content] INFO  o.e.m.c.i.e.AbstractTransferListenerAdapter - Downloading https://repo.maven.apache.org/maven2/org/eclipse/jetty/ee10/jetty-ee10-bom/12.0.6/jetty-ee10-bom-12.0.6.pom
2024-02-23 13:59:25,181 [Worker-4: Import Getting Started Content] INFO  o.e.m.c.i.e.AbstractTransferListenerAdapter - Downloaded https://repo.maven.apache.org/maven2/org/eclipse/jetty/ee10/jetty-ee10-bom/12.0.6/jetty-ee10-bom-12.0.6.pom
2024-02-23 13:59:25,212 [Worker-4: Import Getting Started Content] INFO  o.e.m.c.i.e.AbstractTransferListenerAdapter - Downloading https://repo.maven.apache.org/maven2/org/eclipse/jetty/jetty-bom/12.0.6/jetty-bom-12.0.6.pom
2024-02-23 13:59:25,220 [Worker-4: Import Getting Started Content] INFO  o.e.m.c.i.e.AbstractTransferListenerAdapter - Downloaded https://repo.maven.apache.org/maven2/org/eclipse/jetty/jetty-bom/12.0.6/jetty-bom-12.0.6.pom
2024-02-23 13:59:25,252 [Worker-4: Import Getting Started Content] INFO  o.e.m.c.i.e.AbstractTransferListenerAdapter - Downloading https://repo.maven.apache.org/maven2/org/junit/junit-bom/5.10.2/junit-bom-5.10.2.pom
2024-02-23 13:59:25,259 [Worker-4: Import Getting Started Content] INFO  o.e.m.c.i.e.AbstractTransferListenerAdapter - Downloaded https://repo.maven.apache.org/maven2/org/junit/junit-bom/5.10.2/junit-bom-5.10.2.pom
2024-02-23 13:59:25,297 [Worker-4: Import Getting Started Content] INFO  o.e.m.c.i.e.AbstractTransferListenerAdapter - Downloading https://repo.maven.apache.org/maven2/org/jetbrains/kotlinx/kotlinx-serialization-bom/1.6.3/kotlinx-serialization-bom-1.6.3.pom
2024-02-23 13:59:25,302 [Worker-4: Import Getting Started Content] INFO  o.e.m.c.i.e.AbstractTransferListenerAdapter - Downloaded https://repo.maven.apache.org/maven2/org/jetbrains/kotlinx/kotlinx-serialization-bom/1.6.3/kotlinx-serialization-bom-1.6.3.pom
2024-02-23 13:59:25,354 [Worker-4: Import Getting Started Content] INFO  o.e.m.c.i.e.AbstractTransferListenerAdapter - Downloading https://repo.maven.apache.org/maven2/io/micrometer/micrometer-bom/1.12.3/micrometer-bom-1.12.3.pom
2024-02-23 13:59:25,359 [Worker-4: Import Getting Started Content] INFO  o.e.m.c.i.e.AbstractTransferListenerAdapter - Downloaded https://repo.maven.apache.org/maven2/io/micrometer/micrometer-bom/1.12.3/micrometer-bom-1.12.3.pom
2024-02-23 13:59:25,393 [Worker-4: Import Getting Started Content] INFO  o.e.m.c.i.e.AbstractTransferListenerAdapter - Downloading https://repo.maven.apache.org/maven2/io/micrometer/micrometer-tracing-bom/1.2.3/micrometer-tracing-bom-1.2.3.pom
2024-02-23 13:59:25,400 [Worker-4: Import Getting Started Content] INFO  o.e.m.c.i.e.AbstractTransferListenerAdapter - Downloaded https://repo.maven.apache.org/maven2/io/micrometer/micrometer-tracing-bom/1.2.3/micrometer-tracing-bom-1.2.3.pom
2024-02-23 13:59:25,436 [Worker-4: Import Getting Started Content] INFO  o.e.m.c.i.e.AbstractTransferListenerAdapter - Downloading https://repo.maven.apache.org/maven2/io/netty/netty-bom/4.1.107.Final/netty-bom-4.1.107.Final.pom
2024-02-23 13:59:25,452 [Worker-4: Import Getting Started Content] INFO  o.e.m.c.i.e.AbstractTransferListenerAdapter - Downloaded https://repo.maven.apache.org/maven2/io/netty/netty-bom/4.1.107.Final/netty-bom-4.1.107.Final.pom
2024-02-23 13:59:25,517 [Worker-4: Import Getting Started Content] INFO  o.e.m.c.i.e.AbstractTransferListenerAdapter - Downloading https://repo.maven.apache.org/maven2/io/projectreactor/reactor-bom/2023.0.3/reactor-bom-2023.0.3.pom
2024-02-23 13:59:25,520 [Worker-4: Import Getting Started Content] INFO  o.e.m.c.i.e.AbstractTransferListenerAdapter - Downloaded https://repo.maven.apache.org/maven2/io/projectreactor/reactor-bom/2023.0.3/reactor-bom-2023.0.3.pom
2024-02-23 13:59:25,563 [Worker-4: Import Getting Started Content] INFO  o.e.m.c.i.e.AbstractTransferListenerAdapter - Downloading https://repo.maven.apache.org/maven2/org/springframework/amqp/spring-amqp-bom/3.1.2/spring-amqp-bom-3.1.2.pom
2024-02-23 13:59:25,568 [Worker-4: Import Getting Started Content] INFO  o.e.m.c.i.e.AbstractTransferListenerAdapter - Downloaded https://repo.maven.apache.org/maven2/org/springframework/amqp/spring-amqp-bom/3.1.2/spring-amqp-bom-3.1.2.pom
2024-02-23 13:59:25,602 [Worker-4: Import Getting Started Content] INFO  o.e.m.c.i.e.AbstractTransferListenerAdapter - Downloading https://repo.maven.apache.org/maven2/org/springframework/batch/spring-batch-bom/5.1.1/spring-batch-bom-5.1.1.pom
2024-02-23 13:59:25,606 [Worker-4: Import Getting Started Content] INFO  o.e.m.c.i.e.AbstractTransferListenerAdapter - Downloaded https://repo.maven.apache.org/maven2/org/springframework/batch/spring-batch-bom/5.1.1/spring-batch-bom-5.1.1.pom
2024-02-23 13:59:25,649 [Worker-4: Import Getting Started Content] INFO  o.e.m.c.i.e.AbstractTransferListenerAdapter - Downloading https://repo.maven.apache.org/maven2/org/springframework/data/spring-data-bom/2023.1.3/spring-data-bom-2023.1.3.pom
2024-02-23 13:59:25,653 [Worker-4: Import Getting Started Content] INFO  o.e.m.c.i.e.AbstractTransferListenerAdapter - Downloaded https://repo.maven.apache.org/maven2/org/springframework/data/spring-data-bom/2023.1.3/spring-data-bom-2023.1.3.pom
2024-02-23 13:59:25,687 [Worker-4: Import Getting Started Content] INFO  o.e.m.c.i.e.AbstractTransferListenerAdapter - Downloading https://repo.maven.apache.org/maven2/org/springframework/spring-framework-bom/6.1.4/spring-framework-bom-6.1.4.pom
2024-02-23 13:59:25,692 [Worker-4: Import Getting Started Content] INFO  o.e.m.c.i.e.AbstractTransferListenerAdapter - Downloaded https://repo.maven.apache.org/maven2/org/springframework/spring-framework-bom/6.1.4/spring-framework-bom-6.1.4.pom
2024-02-23 13:59:25,727 [Worker-4: Import Getting Started Content] INFO  o.e.m.c.i.e.AbstractTransferListenerAdapter - Downloading https://repo.maven.apache.org/maven2/org/springframework/integration/spring-integration-bom/6.2.2/spring-integration-bom-6.2.2.pom
2024-02-23 13:59:25,740 [Worker-4: Import Getting Started Content] INFO  o.e.m.c.i.e.AbstractTransferListenerAdapter - Downloaded https://repo.maven.apache.org/maven2/org/springframework/integration/spring-integration-bom/6.2.2/spring-integration-bom-6.2.2.pom
2024-02-23 13:59:25,777 [Worker-4: Import Getting Started Content] INFO  o.e.m.c.i.e.AbstractTransferListenerAdapter - Downloading https://repo.maven.apache.org/maven2/org/springframework/pulsar/spring-pulsar-bom/1.0.3/spring-pulsar-bom-1.0.3.pom
2024-02-23 13:59:25,781 [Worker-4: Import Getting Started Content] INFO  o.e.m.c.i.e.AbstractTransferListenerAdapter - Downloaded https://repo.maven.apache.org/maven2/org/springframework/pulsar/spring-pulsar-bom/1.0.3/spring-pulsar-bom-1.0.3.pom
2024-02-23 13:59:25,818 [Worker-4: Import Getting Started Content] INFO  o.e.m.c.i.e.AbstractTransferListenerAdapter - Downloading https://repo.maven.apache.org/maven2/org/springframework/security/spring-security-bom/6.2.2/spring-security-bom-6.2.2.pom
2024-02-23 13:59:25,822 [Worker-4: Import Getting Started Content] INFO  o.e.m.c.i.e.AbstractTransferListenerAdapter - Downloaded https://repo.maven.apache.org/maven2/org/springframework/security/spring-security-bom/6.2.2/spring-security-bom-6.2.2.pom
2024-02-23 13:59:25,868 [Worker-4: Import Getting Started Content] INFO  o.e.m.c.i.e.AbstractTransferListenerAdapter - Downloading https://repo.maven.apache.org/maven2/org/testcontainers/testcontainers-bom/1.19.5/testcontainers-bom-1.19.5.pom
2024-02-23 13:59:25,873 [Worker-4: Import Getting Started Content] INFO  o.e.m.c.i.e.AbstractTransferListenerAdapter - Downloaded https://repo.maven.apache.org/maven2/org/testcontainers/testcontainers-bom/1.19.5/testcontainers-bom-1.19.5.pom
2024-02-23 13:59:26,501 [Worker-4: Import Getting Started Content] INFO  o.e.m.c.i.e.AbstractTransferListenerAdapter - Downloading https://repo.maven.apache.org/maven2/org/springframework/boot/spring-boot-maven-plugin/3.2.3/spring-boot-maven-plugin-3.2.3.pom
2024-02-23 13:59:26,511 [Worker-4: Import Getting Started Content] INFO  o.e.m.c.i.e.AbstractTransferListenerAdapter - Downloaded https://repo.maven.apache.org/maven2/org/springframework/boot/spring-boot-maven-plugin/3.2.3/spring-boot-maven-plugin-3.2.3.pom
2024-02-23 13:59:26,565 [Worker-4: Import Getting Started Content] INFO  o.e.m.c.i.e.AbstractTransferListenerAdapter - Downloading https://repo.maven.apache.org/maven2/org/springframework/boot/spring-boot-maven-plugin/3.2.3/spring-boot-maven-plugin-3.2.3.jar
2024-02-23 13:59:26,623 [Worker-4: Import Getting Started Content] INFO  o.e.m.c.i.e.AbstractTransferListenerAdapter - Downloaded https://repo.maven.apache.org/maven2/org/springframework/boot/spring-boot-maven-plugin/3.2.3/spring-boot-maven-plugin-3.2.3.jar
2024-02-23 13:59:27,130 [Worker-4: Import Getting Started Content] INFO  o.e.m.c.i.l.LifecycleMappingFactory - Using org.eclipse.m2e.jdt.JarLifecycleMapping lifecycle mapping for MavenProject: in.aarav.rubral:SpringBoot2RestMediaTypeEx:1.0 @ /Users/aaravrubral/Documents/workspace/SpringBoot2RestMediaTypeEx/pom.xml.
2024-02-23 13:59:27,179 [Worker-4: Import Getting Started Content] INFO  o.e.m.c.i.e.AbstractTransferListenerAdapter - Downloading https://repo.maven.apache.org/maven2/org/springframework/boot/spring-boot-starter-web/3.2.3/spring-boot-starter-web-3.2.3.pom
2024-02-23 13:59:27,183 [Worker-4: Import Getting Started Content] INFO  o.e.m.c.i.e.AbstractTransferListenerAdapter - Downloaded https://repo.maven.apache.org/maven2/org/springframework/boot/spring-boot-starter-web/3.2.3/spring-boot-starter-web-3.2.3.pom
2024-02-23 13:59:27,217 [Worker-4: Import Getting Started Content] INFO  o.e.m.c.i.e.AbstractTransferListenerAdapter - Downloading https://repo.maven.apache.org/maven2/org/springframework/boot/spring-boot-starter/3.2.3/spring-boot-starter-3.2.3.pom
2024-02-23 13:59:27,221 [Worker-4: Import Getting Started Content] INFO  o.e.m.c.i.e.AbstractTransferListenerAdapter - Downloaded https://repo.maven.apache.org/maven2/org/springframework/boot/spring-boot-starter/3.2.3/spring-boot-starter-3.2.3.pom
2024-02-23 13:59:27,258 [Worker-4: Import Getting Started Content] INFO  o.e.m.c.i.e.AbstractTransferListenerAdapter - Downloading https://repo.maven.apache.org/maven2/org/springframework/boot/spring-boot/3.2.3/spring-boot-3.2.3.pom
2024-02-23 13:59:27,262 [Worker-4: Import Getting Started Content] INFO  o.e.m.c.i.e.AbstractTransferListenerAdapter - Downloaded https://repo.maven.apache.org/maven2/org/springframework/boot/spring-boot/3.2.3/spring-boot-3.2.3.pom
2024-02-23 13:59:27,361 [Worker-4: Import Getting Started Content] INFO  o.e.m.c.i.e.AbstractTransferListenerAdapter - Downloading https://repo.maven.apache.org/maven2/org/springframework/spring-core/6.1.4/spring-core-6.1.4.pom
2024-02-23 13:59:27,364 [Worker-4: Import Getting Started Content] INFO  o.e.m.c.i.e.AbstractTransferListenerAdapter - Downloaded https://repo.maven.apache.org/maven2/org/springframework/spring-core/6.1.4/spring-core-6.1.4.pom
2024-02-23 13:59:27,403 [Worker-4: Import Getting Started Content] INFO  o.e.m.c.i.e.AbstractTransferListenerAdapter - Downloading https://repo.maven.apache.org/maven2/org/springframework/spring-jcl/6.1.4/spring-jcl-6.1.4.pom
2024-02-23 13:59:27,406 [Worker-4: Import Getting Started Content] INFO  o.e.m.c.i.e.AbstractTransferListenerAdapter - Downloaded https://repo.maven.apache.org/maven2/org/springframework/spring-jcl/6.1.4/spring-jcl-6.1.4.pom
2024-02-23 13:59:27,440 [Worker-4: Import Getting Started Content] INFO  o.e.m.c.i.e.AbstractTransferListenerAdapter - Downloading https://repo.maven.apache.org/maven2/org/springframework/spring-context/6.1.4/spring-context-6.1.4.pom
2024-02-23 13:59:27,444 [Worker-4: Import Getting Started Content] INFO  o.e.m.c.i.e.AbstractTransferListenerAdapter - Downloaded https://repo.maven.apache.org/maven2/org/springframework/spring-context/6.1.4/spring-context-6.1.4.pom
2024-02-23 13:59:27,478 [Worker-4: Import Getting Started Content] INFO  o.e.m.c.i.e.AbstractTransferListenerAdapter - Downloading https://repo.maven.apache.org/maven2/org/springframework/spring-aop/6.1.4/spring-aop-6.1.4.pom
2024-02-23 13:59:27,483 [Worker-4: Import Getting Started Content] INFO  o.e.m.c.i.e.AbstractTransferListenerAdapter - Downloaded https://repo.maven.apache.org/maven2/org/springframework/spring-aop/6.1.4/spring-aop-6.1.4.pom
2024-02-23 13:59:27,518 [Worker-4: Import Getting Started Content] INFO  o.e.m.c.i.e.AbstractTransferListenerAdapter - Downloading https://repo.maven.apache.org/maven2/org/springframework/spring-beans/6.1.4/spring-beans-6.1.4.pom
2024-02-23 13:59:27,521 [Worker-4: Import Getting Started Content] INFO  o.e.m.c.i.e.AbstractTransferListenerAdapter - Downloaded https://repo.maven.apache.org/maven2/org/springframework/spring-beans/6.1.4/spring-beans-6.1.4.pom
2024-02-23 13:59:27,557 [Worker-4: Import Getting Started Content] INFO  o.e.m.c.i.e.AbstractTransferListenerAdapter - Downloading https://repo.maven.apache.org/maven2/org/springframework/spring-expression/6.1.4/spring-expression-6.1.4.pom
2024-02-23 13:59:27,560 [Worker-4: Import Getting Started Content] INFO  o.e.m.c.i.e.AbstractTransferListenerAdapter - Downloaded https://repo.maven.apache.org/maven2/org/springframework/spring-expression/6.1.4/spring-expression-6.1.4.pom
2024-02-23 13:59:27,590 [Worker-4: Import Getting Started Content] INFO  o.e.m.c.i.e.AbstractTransferListenerAdapter - Downloading https://repo.maven.apache.org/maven2/io/micrometer/micrometer-observation/1.12.3/micrometer-observation-1.12.3.pom
2024-02-23 13:59:27,596 [Worker-4: Import Getting Started Content] INFO  o.e.m.c.i.e.AbstractTransferListenerAdapter - Downloaded https://repo.maven.apache.org/maven2/io/micrometer/micrometer-observation/1.12.3/micrometer-observation-1.12.3.pom
2024-02-23 13:59:27,631 [Worker-4: Import Getting Started Content] INFO  o.e.m.c.i.e.AbstractTransferListenerAdapter - Downloading https://repo.maven.apache.org/maven2/io/micrometer/micrometer-commons/1.12.3/micrometer-commons-1.12.3.pom
2024-02-23 13:59:27,634 [Worker-4: Import Getting Started Content] INFO  o.e.m.c.i.e.AbstractTransferListenerAdapter - Downloaded https://repo.maven.apache.org/maven2/io/micrometer/micrometer-commons/1.12.3/micrometer-commons-1.12.3.pom
2024-02-23 13:59:27,666 [Worker-4: Import Getting Started Content] INFO  o.e.m.c.i.e.AbstractTransferListenerAdapter - Downloading https://repo.maven.apache.org/maven2/org/springframework/boot/spring-boot-autoconfigure/3.2.3/spring-boot-autoconfigure-3.2.3.pom
2024-02-23 13:59:27,669 [Worker-4: Import Getting Started Content] INFO  o.e.m.c.i.e.AbstractTransferListenerAdapter - Downloaded https://repo.maven.apache.org/maven2/org/springframework/boot/spring-boot-autoconfigure/3.2.3/spring-boot-autoconfigure-3.2.3.pom
2024-02-23 13:59:27,701 [Worker-4: Import Getting Started Content] INFO  o.e.m.c.i.e.AbstractTransferListenerAdapter - Downloading https://repo.maven.apache.org/maven2/org/springframework/boot/spring-boot-starter-logging/3.2.3/spring-boot-starter-logging-3.2.3.pom
2024-02-23 13:59:27,705 [Worker-4: Import Getting Started Content] INFO  o.e.m.c.i.e.AbstractTransferListenerAdapter - Downloaded https://repo.maven.apache.org/maven2/org/springframework/boot/spring-boot-starter-logging/3.2.3/spring-boot-starter-logging-3.2.3.pom
2024-02-23 13:59:27,748 [Worker-4: Import Getting Started Content] INFO  o.e.m.c.i.e.AbstractTransferListenerAdapter - Downloading https://repo.maven.apache.org/maven2/org/slf4j/slf4j-api/2.0.12/slf4j-api-2.0.12.pom
2024-02-23 13:59:27,751 [Worker-4: Import Getting Started Content] INFO  o.e.m.c.i.e.AbstractTransferListenerAdapter - Downloaded https://repo.maven.apache.org/maven2/org/slf4j/slf4j-api/2.0.12/slf4j-api-2.0.12.pom
2024-02-23 13:59:27,782 [Worker-4: Import Getting Started Content] INFO  o.e.m.c.i.e.AbstractTransferListenerAdapter - Downloading https://repo.maven.apache.org/maven2/org/slf4j/slf4j-parent/2.0.12/slf4j-parent-2.0.12.pom
2024-02-23 13:59:27,785 [Worker-4: Import Getting Started Content] INFO  o.e.m.c.i.e.AbstractTransferListenerAdapter - Downloaded https://repo.maven.apache.org/maven2/org/slf4j/slf4j-parent/2.0.12/slf4j-parent-2.0.12.pom
2024-02-23 13:59:27,818 [Worker-4: Import Getting Started Content] INFO  o.e.m.c.i.e.AbstractTransferListenerAdapter - Downloading https://repo.maven.apache.org/maven2/org/slf4j/slf4j-bom/2.0.12/slf4j-bom-2.0.12.pom
2024-02-23 13:59:27,821 [Worker-4: Import Getting Started Content] INFO  o.e.m.c.i.e.AbstractTransferListenerAdapter - Downloaded https://repo.maven.apache.org/maven2/org/slf4j/slf4j-bom/2.0.12/slf4j-bom-2.0.12.pom
2024-02-23 13:59:27,916 [Worker-4: Import Getting Started Content] INFO  o.e.m.c.i.e.AbstractTransferListenerAdapter - Downloading https://repo.maven.apache.org/maven2/org/slf4j/jul-to-slf4j/2.0.12/jul-to-slf4j-2.0.12.pom
2024-02-23 13:59:27,919 [Worker-4: Import Getting Started Content] INFO  o.e.m.c.i.e.AbstractTransferListenerAdapter - Downloaded https://repo.maven.apache.org/maven2/org/slf4j/jul-to-slf4j/2.0.12/jul-to-slf4j-2.0.12.pom
2024-02-23 13:59:27,961 [Worker-4: Import Getting Started Content] INFO  o.e.m.c.i.e.AbstractTransferListenerAdapter - Downloading https://repo.maven.apache.org/maven2/org/springframework/boot/spring-boot-starter-json/3.2.3/spring-boot-starter-json-3.2.3.pom
2024-02-23 13:59:27,965 [Worker-4: Import Getting Started Content] INFO  o.e.m.c.i.e.AbstractTransferListenerAdapter - Downloaded https://repo.maven.apache.org/maven2/org/springframework/boot/spring-boot-starter-json/3.2.3/spring-boot-starter-json-3.2.3.pom
2024-02-23 13:59:28,005 [Worker-4: Import Getting Started Content] INFO  o.e.m.c.i.e.AbstractTransferListenerAdapter - Downloading https://repo.maven.apache.org/maven2/org/springframework/spring-web/6.1.4/spring-web-6.1.4.pom
2024-02-23 13:59:28,008 [Worker-4: Import Getting Started Content] INFO  o.e.m.c.i.e.AbstractTransferListenerAdapter - Downloaded https://repo.maven.apache.org/maven2/org/springframework/spring-web/6.1.4/spring-web-6.1.4.pom
2024-02-23 13:59:28,048 [Worker-4: Import Getting Started Content] INFO  o.e.m.c.i.e.AbstractTransferListenerAdapter - Downloading https://repo.maven.apache.org/maven2/com/fasterxml/jackson/core/jackson-databind/2.15.4/jackson-databind-2.15.4.pom
2024-02-23 13:59:28,060 [Worker-4: Import Getting Started Content] INFO  o.e.m.c.i.e.AbstractTransferListenerAdapter - Downloaded https://repo.maven.apache.org/maven2/com/fasterxml/jackson/core/jackson-databind/2.15.4/jackson-databind-2.15.4.pom
2024-02-23 13:59:28,102 [Worker-4: Import Getting Started Content] INFO  o.e.m.c.i.e.AbstractTransferListenerAdapter - Downloading https://repo.maven.apache.org/maven2/com/fasterxml/jackson/jackson-base/2.15.4/jackson-base-2.15.4.pom
2024-02-23 13:59:28,110 [Worker-4: Import Getting Started Content] INFO  o.e.m.c.i.e.AbstractTransferListenerAdapter - Downloaded https://repo.maven.apache.org/maven2/com/fasterxml/jackson/jackson-base/2.15.4/jackson-base-2.15.4.pom
2024-02-23 13:59:28,148 [Worker-4: Import Getting Started Content] INFO  o.e.m.c.i.e.AbstractTransferListenerAdapter - Downloading https://repo.maven.apache.org/maven2/com/fasterxml/jackson/core/jackson-annotations/2.15.4/jackson-annotations-2.15.4.pom
2024-02-23 13:59:28,153 [Worker-4: Import Getting Started Content] INFO  o.e.m.c.i.e.AbstractTransferListenerAdapter - Downloaded https://repo.maven.apache.org/maven2/com/fasterxml/jackson/core/jackson-annotations/2.15.4/jackson-annotations-2.15.4.pom
2024-02-23 13:59:28,188 [Worker-4: Import Getting Started Content] INFO  o.e.m.c.i.e.AbstractTransferListenerAdapter - Downloading https://repo.maven.apache.org/maven2/com/fasterxml/jackson/core/jackson-core/2.15.4/jackson-core-2.15.4.pom
2024-02-23 13:59:28,192 [Worker-4: Import Getting Started Content] INFO  o.e.m.c.i.e.AbstractTransferListenerAdapter - Downloaded https://repo.maven.apache.org/maven2/com/fasterxml/jackson/core/jackson-core/2.15.4/jackson-core-2.15.4.pom
2024-02-23 13:59:28,228 [Worker-4: Import Getting Started Content] INFO  o.e.m.c.i.e.AbstractTransferListenerAdapter - Downloading https://repo.maven.apache.org/maven2/com/fasterxml/jackson/datatype/jackson-datatype-jdk8/2.15.4/jackson-datatype-jdk8-2.15.4.pom
2024-02-23 13:59:28,233 [Worker-4: Import Getting Started Content] INFO  o.e.m.c.i.e.AbstractTransferListenerAdapter - Downloaded https://repo.maven.apache.org/maven2/com/fasterxml/jackson/datatype/jackson-datatype-jdk8/2.15.4/jackson-datatype-jdk8-2.15.4.pom
2024-02-23 13:59:28,270 [Worker-4: Import Getting Started Content] INFO  o.e.m.c.i.e.AbstractTransferListenerAdapter - Downloading https://repo.maven.apache.org/maven2/com/fasterxml/jackson/module/jackson-modules-java8/2.15.4/jackson-modules-java8-2.15.4.pom
2024-02-23 13:59:28,273 [Worker-4: Import Getting Started Content] INFO  o.e.m.c.i.e.AbstractTransferListenerAdapter - Downloaded https://repo.maven.apache.org/maven2/com/fasterxml/jackson/module/jackson-modules-java8/2.15.4/jackson-modules-java8-2.15.4.pom
2024-02-23 13:59:28,318 [Worker-4: Import Getting Started Content] INFO  o.e.m.c.i.e.AbstractTransferListenerAdapter - Downloading https://repo.maven.apache.org/maven2/com/fasterxml/jackson/datatype/jackson-datatype-jsr310/2.15.4/jackson-datatype-jsr310-2.15.4.pom
2024-02-23 13:59:28,323 [Worker-4: Import Getting Started Content] INFO  o.e.m.c.i.e.AbstractTransferListenerAdapter - Downloaded https://repo.maven.apache.org/maven2/com/fasterxml/jackson/datatype/jackson-datatype-jsr310/2.15.4/jackson-datatype-jsr310-2.15.4.pom
2024-02-23 13:59:28,364 [Worker-4: Import Getting Started Content] INFO  o.e.m.c.i.e.AbstractTransferListenerAdapter - Downloading https://repo.maven.apache.org/maven2/com/fasterxml/jackson/module/jackson-module-parameter-names/2.15.4/jackson-module-parameter-names-2.15.4.pom
2024-02-23 13:59:28,368 [Worker-4: Import Getting Started Content] INFO  o.e.m.c.i.e.AbstractTransferListenerAdapter - Downloaded https://repo.maven.apache.org/maven2/com/fasterxml/jackson/module/jackson-module-parameter-names/2.15.4/jackson-module-parameter-names-2.15.4.pom
2024-02-23 13:59:28,408 [Worker-4: Import Getting Started Content] INFO  o.e.m.c.i.e.AbstractTransferListenerAdapter - Downloading https://repo.maven.apache.org/maven2/org/springframework/boot/spring-boot-starter-tomcat/3.2.3/spring-boot-starter-tomcat-3.2.3.pom
2024-02-23 13:59:28,412 [Worker-4: Import Getting Started Content] INFO  o.e.m.c.i.e.AbstractTransferListenerAdapter - Downloaded https://repo.maven.apache.org/maven2/org/springframework/boot/spring-boot-starter-tomcat/3.2.3/spring-boot-starter-tomcat-3.2.3.pom
2024-02-23 13:59:28,452 [Worker-4: Import Getting Started Content] INFO  o.e.m.c.i.e.AbstractTransferListenerAdapter - Downloading https://repo.maven.apache.org/maven2/org/apache/tomcat/embed/tomcat-embed-core/10.1.19/tomcat-embed-core-10.1.19.pom
2024-02-23 13:59:28,456 [Worker-4: Import Getting Started Content] INFO  o.e.m.c.i.e.AbstractTransferListenerAdapter - Downloaded https://repo.maven.apache.org/maven2/org/apache/tomcat/embed/tomcat-embed-core/10.1.19/tomcat-embed-core-10.1.19.pom
2024-02-23 13:59:28,491 [Worker-4: Import Getting Started Content] INFO  o.e.m.c.i.e.AbstractTransferListenerAdapter - Downloading https://repo.maven.apache.org/maven2/org/apache/tomcat/embed/tomcat-embed-el/10.1.19/tomcat-embed-el-10.1.19.pom
2024-02-23 13:59:28,495 [Worker-4: Import Getting Started Content] INFO  o.e.m.c.i.e.AbstractTransferListenerAdapter - Downloaded https://repo.maven.apache.org/maven2/org/apache/tomcat/embed/tomcat-embed-el/10.1.19/tomcat-embed-el-10.1.19.pom
2024-02-23 13:59:28,529 [Worker-4: Import Getting Started Content] INFO  o.e.m.c.i.e.AbstractTransferListenerAdapter - Downloading https://repo.maven.apache.org/maven2/org/apache/tomcat/embed/tomcat-embed-websocket/10.1.19/tomcat-embed-websocket-10.1.19.pom
2024-02-23 13:59:28,532 [Worker-4: Import Getting Started Content] INFO  o.e.m.c.i.e.AbstractTransferListenerAdapter - Downloaded https://repo.maven.apache.org/maven2/org/apache/tomcat/embed/tomcat-embed-websocket/10.1.19/tomcat-embed-websocket-10.1.19.pom
2024-02-23 13:59:28,575 [Worker-4: Import Getting Started Content] INFO  o.e.m.c.i.e.AbstractTransferListenerAdapter - Downloading https://repo.maven.apache.org/maven2/org/springframework/spring-webmvc/6.1.4/spring-webmvc-6.1.4.pom
2024-02-23 13:59:28,579 [Worker-4: Import Getting Started Content] INFO  o.e.m.c.i.e.AbstractTransferListenerAdapter - Downloaded https://repo.maven.apache.org/maven2/org/springframework/spring-webmvc/6.1.4/spring-webmvc-6.1.4.pom
2024-02-23 13:59:28,624 [Worker-4: Import Getting Started Content] INFO  o.e.m.c.i.e.AbstractTransferListenerAdapter - Downloading https://repo.maven.apache.org/maven2/org/springframework/boot/spring-boot-devtools/3.2.3/spring-boot-devtools-3.2.3.pom
2024-02-23 13:59:28,627 [Worker-4: Import Getting Started Content] INFO  o.e.m.c.i.e.AbstractTransferListenerAdapter - Downloaded https://repo.maven.apache.org/maven2/org/springframework/boot/spring-boot-devtools/3.2.3/spring-boot-devtools-3.2.3.pom
2024-02-23 13:59:28,668 [Worker-4: Import Getting Started Content] INFO  o.e.m.c.i.e.AbstractTransferListenerAdapter - Downloading https://repo.maven.apache.org/maven2/org/springframework/boot/spring-boot-starter-test/3.2.3/spring-boot-starter-test-3.2.3.pom
2024-02-23 13:59:28,672 [Worker-4: Import Getting Started Content] INFO  o.e.m.c.i.e.AbstractTransferListenerAdapter - Downloaded https://repo.maven.apache.org/maven2/org/springframework/boot/spring-boot-starter-test/3.2.3/spring-boot-starter-test-3.2.3.pom
2024-02-23 13:59:28,711 [Worker-4: Import Getting Started Content] INFO  o.e.m.c.i.e.AbstractTransferListenerAdapter - Downloading https://repo.maven.apache.org/maven2/org/springframework/boot/spring-boot-test/3.2.3/spring-boot-test-3.2.3.pom
2024-02-23 13:59:28,715 [Worker-4: Import Getting Started Content] INFO  o.e.m.c.i.e.AbstractTransferListenerAdapter - Downloaded https://repo.maven.apache.org/maven2/org/springframework/boot/spring-boot-test/3.2.3/spring-boot-test-3.2.3.pom
2024-02-23 13:59:28,751 [Worker-4: Import Getting Started Content] INFO  o.e.m.c.i.e.AbstractTransferListenerAdapter - Downloading https://repo.maven.apache.org/maven2/org/springframework/boot/spring-boot-test-autoconfigure/3.2.3/spring-boot-test-autoconfigure-3.2.3.pom
2024-02-23 13:59:28,756 [Worker-4: Import Getting Started Content] INFO  o.e.m.c.i.e.AbstractTransferListenerAdapter - Downloaded https://repo.maven.apache.org/maven2/org/springframework/boot/spring-boot-test-autoconfigure/3.2.3/spring-boot-test-autoconfigure-3.2.3.pom
2024-02-23 13:59:28,794 [Worker-4: Import Getting Started Content] INFO  o.e.m.c.i.e.AbstractTransferListenerAdapter - Downloading https://repo.maven.apache.org/maven2/com/jayway/jsonpath/json-path/2.9.0/json-path-2.9.0.pom
2024-02-23 13:59:28,797 [Worker-4: Import Getting Started Content] INFO  o.e.m.c.i.e.AbstractTransferListenerAdapter - Downloaded https://repo.maven.apache.org/maven2/com/jayway/jsonpath/json-path/2.9.0/json-path-2.9.0.pom
2024-02-23 13:59:28,853 [Worker-4: Import Getting Started Content] INFO  o.e.m.c.i.e.AbstractTransferListenerAdapter - Downloading https://repo.maven.apache.org/maven2/net/bytebuddy/byte-buddy/1.14.12/byte-buddy-1.14.12.pom
2024-02-23 13:59:28,859 [Worker-4: Import Getting Started Content] INFO  o.e.m.c.i.e.AbstractTransferListenerAdapter - Downloaded https://repo.maven.apache.org/maven2/net/bytebuddy/byte-buddy/1.14.12/byte-buddy-1.14.12.pom
2024-02-23 13:59:28,893 [Worker-4: Import Getting Started Content] INFO  o.e.m.c.i.e.AbstractTransferListenerAdapter - Downloading https://repo.maven.apache.org/maven2/net/bytebuddy/byte-buddy-parent/1.14.12/byte-buddy-parent-1.14.12.pom
2024-02-23 13:59:28,914 [Worker-4: Import Getting Started Content] INFO  o.e.m.c.i.e.AbstractTransferListenerAdapter - Downloaded https://repo.maven.apache.org/maven2/net/bytebuddy/byte-buddy-parent/1.14.12/byte-buddy-parent-1.14.12.pom
2024-02-23 13:59:28,952 [Worker-4: Import Getting Started Content] INFO  o.e.m.c.i.e.AbstractTransferListenerAdapter - Downloading https://repo.maven.apache.org/maven2/org/junit/jupiter/junit-jupiter/5.10.2/junit-jupiter-5.10.2.pom
2024-02-23 13:59:28,955 [Worker-4: Import Getting Started Content] INFO  o.e.m.c.i.e.AbstractTransferListenerAdapter - Downloaded https://repo.maven.apache.org/maven2/org/junit/jupiter/junit-jupiter/5.10.2/junit-jupiter-5.10.2.pom
2024-02-23 13:59:28,986 [Worker-4: Import Getting Started Content] INFO  o.e.m.c.i.e.AbstractTransferListenerAdapter - Downloading https://repo.maven.apache.org/maven2/org/junit/jupiter/junit-jupiter-api/5.10.2/junit-jupiter-api-5.10.2.pom
2024-02-23 13:59:28,988 [Worker-4: Import Getting Started Content] INFO  o.e.m.c.i.e.AbstractTransferListenerAdapter - Downloaded https://repo.maven.apache.org/maven2/org/junit/jupiter/junit-jupiter-api/5.10.2/junit-jupiter-api-5.10.2.pom
2024-02-23 13:59:29,022 [Worker-4: Import Getting Started Content] INFO  o.e.m.c.i.e.AbstractTransferListenerAdapter - Downloading https://repo.maven.apache.org/maven2/org/junit/platform/junit-platform-commons/1.10.2/junit-platform-commons-1.10.2.pom
2024-02-23 13:59:29,024 [Worker-4: Import Getting Started Content] INFO  o.e.m.c.i.e.AbstractTransferListenerAdapter - Downloaded https://repo.maven.apache.org/maven2/org/junit/platform/junit-platform-commons/1.10.2/junit-platform-commons-1.10.2.pom
2024-02-23 13:59:29,056 [Worker-4: Import Getting Started Content] INFO  o.e.m.c.i.e.AbstractTransferListenerAdapter - Downloading https://repo.maven.apache.org/maven2/org/junit/jupiter/junit-jupiter-params/5.10.2/junit-jupiter-params-5.10.2.pom
2024-02-23 13:59:29,059 [Worker-4: Import Getting Started Content] INFO  o.e.m.c.i.e.AbstractTransferListenerAdapter - Downloaded https://repo.maven.apache.org/maven2/org/junit/jupiter/junit-jupiter-params/5.10.2/junit-jupiter-params-5.10.2.pom
2024-02-23 13:59:29,091 [Worker-4: Import Getting Started Content] INFO  o.e.m.c.i.e.AbstractTransferListenerAdapter - Downloading https://repo.maven.apache.org/maven2/org/junit/jupiter/junit-jupiter-engine/5.10.2/junit-jupiter-engine-5.10.2.pom
2024-02-23 13:59:29,094 [Worker-4: Import Getting Started Content] INFO  o.e.m.c.i.e.AbstractTransferListenerAdapter - Downloaded https://repo.maven.apache.org/maven2/org/junit/jupiter/junit-jupiter-engine/5.10.2/junit-jupiter-engine-5.10.2.pom
2024-02-23 13:59:29,135 [Worker-4: Import Getting Started Content] INFO  o.e.m.c.i.e.AbstractTransferListenerAdapter - Downloading https://repo.maven.apache.org/maven2/org/junit/platform/junit-platform-engine/1.10.2/junit-platform-engine-1.10.2.pom
2024-02-23 13:59:29,138 [Worker-4: Import Getting Started Content] INFO  o.e.m.c.i.e.AbstractTransferListenerAdapter - Downloaded https://repo.maven.apache.org/maven2/org/junit/platform/junit-platform-engine/1.10.2/junit-platform-engine-1.10.2.pom
2024-02-23 13:59:29,172 [Worker-4: Import Getting Started Content] INFO  o.e.m.c.i.e.AbstractTransferListenerAdapter - Downloading https://repo.maven.apache.org/maven2/net/bytebuddy/byte-buddy-agent/1.14.12/byte-buddy-agent-1.14.12.pom
2024-02-23 13:59:29,183 [Worker-4: Import Getting Started Content] INFO  o.e.m.c.i.e.AbstractTransferListenerAdapter - Downloaded https://repo.maven.apache.org/maven2/net/bytebuddy/byte-buddy-agent/1.14.12/byte-buddy-agent-1.14.12.pom
2024-02-23 13:59:29,234 [Worker-4: Import Getting Started Content] INFO  o.e.m.c.i.e.AbstractTransferListenerAdapter - Downloading https://repo.maven.apache.org/maven2/org/springframework/spring-test/6.1.4/spring-test-6.1.4.pom
2024-02-23 13:59:29,237 [Worker-4: Import Getting Started Content] INFO  o.e.m.c.i.e.AbstractTransferListenerAdapter - Downloaded https://repo.maven.apache.org/maven2/org/springframework/spring-test/6.1.4/spring-test-6.1.4.pom
2024-02-23 13:59:29,313 [Worker-4: Import Getting Started Content] INFO  o.e.m.c.i.e.AbstractTransferListenerAdapter - Downloading https://repo.maven.apache.org/maven2/org/springframework/boot/spring-boot-starter-web/3.2.3/spring-boot-starter-web-3.2.3.jar
2024-02-23 13:59:29,319 [Worker-4: Import Getting Started Content] INFO  o.e.m.c.i.e.AbstractTransferListenerAdapter - Downloaded https://repo.maven.apache.org/maven2/org/springframework/boot/spring-boot-starter-web/3.2.3/spring-boot-starter-web-3.2.3.jar
2024-02-23 13:59:29,358 [BasicRepositoryConnector-repo.maven.apache.org-0-0] INFO  o.e.m.c.i.e.AbstractTransferListenerAdapter - Downloading https://repo.maven.apache.org/maven2/org/springframework/boot/spring-boot-starter/3.2.3/spring-boot-starter-3.2.3.jar
2024-02-23 13:59:29,364 [BasicRepositoryConnector-repo.maven.apache.org-0-0] INFO  o.e.m.c.i.e.AbstractTransferListenerAdapter - Downloaded https://repo.maven.apache.org/maven2/org/springframework/boot/spring-boot-starter/3.2.3/spring-boot-starter-3.2.3.jar
2024-02-23 13:59:29,398 [BasicRepositoryConnector-repo.maven.apache.org-0-0] INFO  o.e.m.c.i.e.AbstractTransferListenerAdapter - Downloading https://repo.maven.apache.org/maven2/com/fasterxml/jackson/core/jackson-annotations/2.15.4/jackson-annotations-2.15.4.jar
2024-02-23 13:59:29,420 [BasicRepositoryConnector-repo.maven.apache.org-0-0] INFO  o.e.m.c.i.e.AbstractTransferListenerAdapter - Downloaded https://repo.maven.apache.org/maven2/com/fasterxml/jackson/core/jackson-annotations/2.15.4/jackson-annotations-2.15.4.jar
2024-02-23 13:59:29,441 [BasicRepositoryConnector-repo.maven.apache.org-0-1] INFO  o.e.m.c.i.e.AbstractTransferListenerAdapter - Downloading https://repo.maven.apache.org/maven2/org/springframework/boot/spring-boot-starter-logging/3.2.3/spring-boot-starter-logging-3.2.3.jar
2024-02-23 13:59:29,441 [BasicRepositoryConnector-repo.maven.apache.org-0-4] INFO  o.e.m.c.i.e.AbstractTransferListenerAdapter - Downloading https://repo.maven.apache.org/maven2/com/fasterxml/jackson/core/jackson-databind/2.15.4/jackson-databind-2.15.4.jar
2024-02-23 13:59:29,446 [BasicRepositoryConnector-repo.maven.apache.org-0-1] INFO  o.e.m.c.i.e.AbstractTransferListenerAdapter - Downloaded https://repo.maven.apache.org/maven2/org/springframework/boot/spring-boot-starter-logging/3.2.3/spring-boot-starter-logging-3.2.3.jar
2024-02-23 13:59:29,451 [BasicRepositoryConnector-repo.maven.apache.org-0-2] INFO  o.e.m.c.i.e.AbstractTransferListenerAdapter - Downloading https://repo.maven.apache.org/maven2/org/slf4j/jul-to-slf4j/2.0.12/jul-to-slf4j-2.0.12.jar
2024-02-23 13:59:29,453 [BasicRepositoryConnector-repo.maven.apache.org-0-0] INFO  o.e.m.c.i.e.AbstractTransferListenerAdapter - Downloading https://repo.maven.apache.org/maven2/com/fasterxml/jackson/core/jackson-core/2.15.4/jackson-core-2.15.4.jar
2024-02-23 13:59:29,457 [BasicRepositoryConnector-repo.maven.apache.org-0-2] INFO  o.e.m.c.i.e.AbstractTransferListenerAdapter - Downloaded https://repo.maven.apache.org/maven2/org/slf4j/jul-to-slf4j/2.0.12/jul-to-slf4j-2.0.12.jar
2024-02-23 13:59:29,463 [BasicRepositoryConnector-repo.maven.apache.org-0-3] INFO  o.e.m.c.i.e.AbstractTransferListenerAdapter - Downloading https://repo.maven.apache.org/maven2/org/springframework/boot/spring-boot-starter-json/3.2.3/spring-boot-starter-json-3.2.3.jar
2024-02-23 13:59:29,469 [BasicRepositoryConnector-repo.maven.apache.org-0-3] INFO  o.e.m.c.i.e.AbstractTransferListenerAdapter - Downloaded https://repo.maven.apache.org/maven2/org/springframework/boot/spring-boot-starter-json/3.2.3/spring-boot-starter-json-3.2.3.jar
2024-02-23 13:59:29,499 [BasicRepositoryConnector-repo.maven.apache.org-0-1] INFO  o.e.m.c.i.e.AbstractTransferListenerAdapter - Downloading https://repo.maven.apache.org/maven2/com/fasterxml/jackson/datatype/jackson-datatype-jdk8/2.15.4/jackson-datatype-jdk8-2.15.4.jar
2024-02-23 13:59:29,509 [BasicRepositoryConnector-repo.maven.apache.org-0-2] INFO  o.e.m.c.i.e.AbstractTransferListenerAdapter - Downloading https://repo.maven.apache.org/maven2/com/fasterxml/jackson/datatype/jackson-datatype-jsr310/2.15.4/jackson-datatype-jsr310-2.15.4.jar
2024-02-23 13:59:29,519 [BasicRepositoryConnector-repo.maven.apache.org-0-1] INFO  o.e.m.c.i.e.AbstractTransferListenerAdapter - Downloaded https://repo.maven.apache.org/maven2/com/fasterxml/jackson/datatype/jackson-datatype-jdk8/2.15.4/jackson-datatype-jdk8-2.15.4.jar
2024-02-23 13:59:29,560 [BasicRepositoryConnector-repo.maven.apache.org-0-1] INFO  o.e.m.c.i.e.AbstractTransferListenerAdapter - Downloading https://repo.maven.apache.org/maven2/org/springframework/boot/spring-boot-starter-tomcat/3.2.3/spring-boot-starter-tomcat-3.2.3.jar
2024-02-23 13:59:29,565 [BasicRepositoryConnector-repo.maven.apache.org-0-3] INFO  o.e.m.c.i.e.AbstractTransferListenerAdapter - Downloading https://repo.maven.apache.org/maven2/com/fasterxml/jackson/module/jackson-module-parameter-names/2.15.4/jackson-module-parameter-names-2.15.4.jar
2024-02-23 13:59:29,566 [BasicRepositoryConnector-repo.maven.apache.org-0-1] INFO  o.e.m.c.i.e.AbstractTransferListenerAdapter - Downloaded https://repo.maven.apache.org/maven2/org/springframework/boot/spring-boot-starter-tomcat/3.2.3/spring-boot-starter-tomcat-3.2.3.jar
2024-02-23 13:59:29,572 [BasicRepositoryConnector-repo.maven.apache.org-0-3] INFO  o.e.m.c.i.e.AbstractTransferListenerAdapter - Downloaded https://repo.maven.apache.org/maven2/com/fasterxml/jackson/module/jackson-module-parameter-names/2.15.4/jackson-module-parameter-names-2.15.4.jar
2024-02-23 13:59:29,630 [BasicRepositoryConnector-repo.maven.apache.org-0-1] INFO  o.e.m.c.i.e.AbstractTransferListenerAdapter - Downloading https://repo.maven.apache.org/maven2/org/apache/tomcat/embed/tomcat-embed-core/10.1.19/tomcat-embed-core-10.1.19.jar
2024-02-23 13:59:29,633 [BasicRepositoryConnector-repo.maven.apache.org-0-2] INFO  o.e.m.c.i.e.AbstractTransferListenerAdapter - Downloaded https://repo.maven.apache.org/maven2/com/fasterxml/jackson/datatype/jackson-datatype-jsr310/2.15.4/jackson-datatype-jsr310-2.15.4.jar
2024-02-23 13:59:29,643 [BasicRepositoryConnector-repo.maven.apache.org-0-3] INFO  o.e.m.c.i.e.AbstractTransferListenerAdapter - Downloading https://repo.maven.apache.org/maven2/org/apache/tomcat/embed/tomcat-embed-el/10.1.19/tomcat-embed-el-10.1.19.jar
2024-02-23 13:59:29,684 [BasicRepositoryConnector-repo.maven.apache.org-0-2] INFO  o.e.m.c.i.e.AbstractTransferListenerAdapter - Downloading https://repo.maven.apache.org/maven2/org/apache/tomcat/embed/tomcat-embed-websocket/10.1.19/tomcat-embed-websocket-10.1.19.jar
2024-02-23 13:59:29,737 [BasicRepositoryConnector-repo.maven.apache.org-0-0] INFO  o.e.m.c.i.e.AbstractTransferListenerAdapter - Downloaded https://repo.maven.apache.org/maven2/com/fasterxml/jackson/core/jackson-core/2.15.4/jackson-core-2.15.4.jar
2024-02-23 13:59:29,770 [BasicRepositoryConnector-repo.maven.apache.org-0-3] INFO  o.e.m.c.i.e.AbstractTransferListenerAdapter - Downloaded https://repo.maven.apache.org/maven2/org/apache/tomcat/embed/tomcat-embed-el/10.1.19/tomcat-embed-el-10.1.19.jar
2024-02-23 13:59:29,784 [BasicRepositoryConnector-repo.maven.apache.org-0-0] INFO  o.e.m.c.i.e.AbstractTransferListenerAdapter - Downloading https://repo.maven.apache.org/maven2/org/springframework/spring-web/6.1.4/spring-web-6.1.4.jar
2024-02-23 13:59:29,808 [BasicRepositoryConnector-repo.maven.apache.org-0-3] INFO  o.e.m.c.i.e.AbstractTransferListenerAdapter - Downloading https://repo.maven.apache.org/maven2/org/springframework/spring-beans/6.1.4/spring-beans-6.1.4.jar
2024-02-23 13:59:29,955 [BasicRepositoryConnector-repo.maven.apache.org-0-2] INFO  o.e.m.c.i.e.AbstractTransferListenerAdapter - Downloaded https://repo.maven.apache.org/maven2/org/apache/tomcat/embed/tomcat-embed-websocket/10.1.19/tomcat-embed-websocket-10.1.19.jar
2024-02-23 13:59:29,979 [BasicRepositoryConnector-repo.maven.apache.org-0-3] INFO  o.e.m.c.i.e.AbstractTransferListenerAdapter - Downloaded https://repo.maven.apache.org/maven2/org/springframework/spring-beans/6.1.4/spring-beans-6.1.4.jar
2024-02-23 13:59:30,028 [BasicRepositoryConnector-repo.maven.apache.org-0-2] INFO  o.e.m.c.i.e.AbstractTransferListenerAdapter - Downloading https://repo.maven.apache.org/maven2/io/micrometer/micrometer-observation/1.12.3/micrometer-observation-1.12.3.jar
2024-02-23 13:59:30,029 [BasicRepositoryConnector-repo.maven.apache.org-0-3] INFO  o.e.m.c.i.e.AbstractTransferListenerAdapter - Downloading https://repo.maven.apache.org/maven2/io/micrometer/micrometer-commons/1.12.3/micrometer-commons-1.12.3.jar
2024-02-23 13:59:30,051 [BasicRepositoryConnector-repo.maven.apache.org-0-3] INFO  o.e.m.c.i.e.AbstractTransferListenerAdapter - Downloaded https://repo.maven.apache.org/maven2/io/micrometer/micrometer-commons/1.12.3/micrometer-commons-1.12.3.jar
2024-02-23 13:59:30,105 [BasicRepositoryConnector-repo.maven.apache.org-0-4] INFO  o.e.m.c.i.e.AbstractTransferListenerAdapter - Downloaded https://repo.maven.apache.org/maven2/com/fasterxml/jackson/core/jackson-databind/2.15.4/jackson-databind-2.15.4.jar
2024-02-23 13:59:30,107 [BasicRepositoryConnector-repo.maven.apache.org-0-2] INFO  o.e.m.c.i.e.AbstractTransferListenerAdapter - Downloaded https://repo.maven.apache.org/maven2/io/micrometer/micrometer-observation/1.12.3/micrometer-observation-1.12.3.jar
2024-02-23 13:59:30,113 [BasicRepositoryConnector-repo.maven.apache.org-0-3] INFO  o.e.m.c.i.e.AbstractTransferListenerAdapter - Downloading https://repo.maven.apache.org/maven2/org/springframework/spring-webmvc/6.1.4/spring-webmvc-6.1.4.jar
2024-02-23 13:59:30,145 [BasicRepositoryConnector-repo.maven.apache.org-0-2] INFO  o.e.m.c.i.e.AbstractTransferListenerAdapter - Downloading https://repo.maven.apache.org/maven2/org/springframework/spring-context/6.1.4/spring-context-6.1.4.jar
2024-02-23 13:59:30,162 [BasicRepositoryConnector-repo.maven.apache.org-0-4] INFO  o.e.m.c.i.e.AbstractTransferListenerAdapter - Downloading https://repo.maven.apache.org/maven2/org/springframework/spring-aop/6.1.4/spring-aop-6.1.4.jar
2024-02-23 13:59:30,286 [BasicRepositoryConnector-repo.maven.apache.org-0-3] INFO  o.e.m.c.i.e.AbstractTransferListenerAdapter - Downloaded https://repo.maven.apache.org/maven2/org/springframework/spring-webmvc/6.1.4/spring-webmvc-6.1.4.jar
2024-02-23 13:59:30,337 [BasicRepositoryConnector-repo.maven.apache.org-0-3] INFO  o.e.m.c.i.e.AbstractTransferListenerAdapter - Downloading https://repo.maven.apache.org/maven2/org/springframework/spring-expression/6.1.4/spring-expression-6.1.4.jar
2024-02-23 13:59:30,417 [BasicRepositoryConnector-repo.maven.apache.org-0-3] INFO  o.e.m.c.i.e.AbstractTransferListenerAdapter - Downloaded https://repo.maven.apache.org/maven2/org/springframework/spring-expression/6.1.4/spring-expression-6.1.4.jar
2024-02-23 13:59:30,463 [BasicRepositoryConnector-repo.maven.apache.org-0-3] INFO  o.e.m.c.i.e.AbstractTransferListenerAdapter - Downloading https://repo.maven.apache.org/maven2/org/springframework/boot/spring-boot-devtools/3.2.3/spring-boot-devtools-3.2.3.jar
2024-02-23 13:59:30,499 [BasicRepositoryConnector-repo.maven.apache.org-0-3] INFO  o.e.m.c.i.e.AbstractTransferListenerAdapter - Downloaded https://repo.maven.apache.org/maven2/org/springframework/boot/spring-boot-devtools/3.2.3/spring-boot-devtools-3.2.3.jar
2024-02-23 13:59:30,549 [BasicRepositoryConnector-repo.maven.apache.org-0-3] INFO  o.e.m.c.i.e.AbstractTransferListenerAdapter - Downloading https://repo.maven.apache.org/maven2/org/springframework/boot/spring-boot/3.2.3/spring-boot-3.2.3.jar
2024-02-23 13:59:30,658 [BasicRepositoryConnector-repo.maven.apache.org-0-4] INFO  o.e.m.c.i.e.AbstractTransferListenerAdapter - Downloaded https://repo.maven.apache.org/maven2/org/springframework/spring-aop/6.1.4/spring-aop-6.1.4.jar
2024-02-23 13:59:30,734 [BasicRepositoryConnector-repo.maven.apache.org-0-2] INFO  o.e.m.c.i.e.AbstractTransferListenerAdapter - Downloaded https://repo.maven.apache.org/maven2/org/springframework/spring-context/6.1.4/spring-context-6.1.4.jar
2024-02-23 13:59:30,765 [BasicRepositoryConnector-repo.maven.apache.org-0-4] INFO  o.e.m.c.i.e.AbstractTransferListenerAdapter - Downloading https://repo.maven.apache.org/maven2/org/springframework/boot/spring-boot-autoconfigure/3.2.3/spring-boot-autoconfigure-3.2.3.jar
2024-02-23 13:59:30,830 [BasicRepositoryConnector-repo.maven.apache.org-0-3] INFO  o.e.m.c.i.e.AbstractTransferListenerAdapter - Downloaded https://repo.maven.apache.org/maven2/org/springframework/boot/spring-boot/3.2.3/spring-boot-3.2.3.jar
2024-02-23 13:59:30,832 [BasicRepositoryConnector-repo.maven.apache.org-0-2] INFO  o.e.m.c.i.e.AbstractTransferListenerAdapter - Downloading https://repo.maven.apache.org/maven2/org/springframework/boot/spring-boot-starter-test/3.2.3/spring-boot-starter-test-3.2.3.jar
2024-02-23 13:59:30,835 [BasicRepositoryConnector-repo.maven.apache.org-0-2] INFO  o.e.m.c.i.e.AbstractTransferListenerAdapter - Downloaded https://repo.maven.apache.org/maven2/org/springframework/boot/spring-boot-starter-test/3.2.3/spring-boot-starter-test-3.2.3.jar
2024-02-23 13:59:30,869 [BasicRepositoryConnector-repo.maven.apache.org-0-2] INFO  o.e.m.c.i.e.AbstractTransferListenerAdapter - Downloading https://repo.maven.apache.org/maven2/org/springframework/boot/spring-boot-test-autoconfigure/3.2.3/spring-boot-test-autoconfigure-3.2.3.jar
2024-02-23 13:59:30,878 [BasicRepositoryConnector-repo.maven.apache.org-0-3] INFO  o.e.m.c.i.e.AbstractTransferListenerAdapter - Downloading https://repo.maven.apache.org/maven2/org/springframework/boot/spring-boot-test/3.2.3/spring-boot-test-3.2.3.jar
2024-02-23 13:59:30,931 [BasicRepositoryConnector-repo.maven.apache.org-0-3] INFO  o.e.m.c.i.e.AbstractTransferListenerAdapter - Downloaded https://repo.maven.apache.org/maven2/org/springframework/boot/spring-boot-test/3.2.3/spring-boot-test-3.2.3.jar
2024-02-23 13:59:30,958 [BasicRepositoryConnector-repo.maven.apache.org-0-2] INFO  o.e.m.c.i.e.AbstractTransferListenerAdapter - Downloaded https://repo.maven.apache.org/maven2/org/springframework/boot/spring-boot-test-autoconfigure/3.2.3/spring-boot-test-autoconfigure-3.2.3.jar
2024-02-23 13:59:30,969 [BasicRepositoryConnector-repo.maven.apache.org-0-0] INFO  o.e.m.c.i.e.AbstractTransferListenerAdapter - Downloaded https://repo.maven.apache.org/maven2/org/springframework/spring-web/6.1.4/spring-web-6.1.4.jar
2024-02-23 13:59:30,988 [BasicRepositoryConnector-repo.maven.apache.org-0-2] INFO  o.e.m.c.i.e.AbstractTransferListenerAdapter - Downloading https://repo.maven.apache.org/maven2/org/slf4j/slf4j-api/2.0.12/slf4j-api-2.0.12.jar
2024-02-23 13:59:30,994 [BasicRepositoryConnector-repo.maven.apache.org-0-3] INFO  o.e.m.c.i.e.AbstractTransferListenerAdapter - Downloading https://repo.maven.apache.org/maven2/com/jayway/jsonpath/json-path/2.9.0/json-path-2.9.0.jar
2024-02-23 13:59:31,012 [BasicRepositoryConnector-repo.maven.apache.org-0-2] INFO  o.e.m.c.i.e.AbstractTransferListenerAdapter - Downloaded https://repo.maven.apache.org/maven2/org/slf4j/slf4j-api/2.0.12/slf4j-api-2.0.12.jar
2024-02-23 13:59:31,040 [BasicRepositoryConnector-repo.maven.apache.org-0-3] INFO  o.e.m.c.i.e.AbstractTransferListenerAdapter - Downloaded https://repo.maven.apache.org/maven2/com/jayway/jsonpath/json-path/2.9.0/json-path-2.9.0.jar
2024-02-23 13:59:31,041 [BasicRepositoryConnector-repo.maven.apache.org-0-0] INFO  o.e.m.c.i.e.AbstractTransferListenerAdapter - Downloading https://repo.maven.apache.org/maven2/net/bytebuddy/byte-buddy/1.14.12/byte-buddy-1.14.12.jar
2024-02-23 13:59:31,067 [BasicRepositoryConnector-repo.maven.apache.org-0-2] INFO  o.e.m.c.i.e.AbstractTransferListenerAdapter - Downloading https://repo.maven.apache.org/maven2/org/junit/jupiter/junit-jupiter/5.10.2/junit-jupiter-5.10.2.jar
2024-02-23 13:59:31,070 [BasicRepositoryConnector-repo.maven.apache.org-0-2] INFO  o.e.m.c.i.e.AbstractTransferListenerAdapter - Downloaded https://repo.maven.apache.org/maven2/org/junit/jupiter/junit-jupiter/5.10.2/junit-jupiter-5.10.2.jar
2024-02-23 13:59:31,103 [BasicRepositoryConnector-repo.maven.apache.org-0-3] INFO  o.e.m.c.i.e.AbstractTransferListenerAdapter - Downloading https://repo.maven.apache.org/maven2/org/junit/jupiter/junit-jupiter-api/5.10.2/junit-jupiter-api-5.10.2.jar
2024-02-23 13:59:31,142 [BasicRepositoryConnector-repo.maven.apache.org-0-2] INFO  o.e.m.c.i.e.AbstractTransferListenerAdapter - Downloading https://repo.maven.apache.org/maven2/org/junit/platform/junit-platform-commons/1.10.2/junit-platform-commons-1.10.2.jar
2024-02-23 13:59:31,165 [BasicRepositoryConnector-repo.maven.apache.org-0-3] INFO  o.e.m.c.i.e.AbstractTransferListenerAdapter - Downloaded https://repo.maven.apache.org/maven2/org/junit/jupiter/junit-jupiter-api/5.10.2/junit-jupiter-api-5.10.2.jar
2024-02-23 13:59:31,181 [BasicRepositoryConnector-repo.maven.apache.org-0-2] INFO  o.e.m.c.i.e.AbstractTransferListenerAdapter - Downloaded https://repo.maven.apache.org/maven2/org/junit/platform/junit-platform-commons/1.10.2/junit-platform-commons-1.10.2.jar
2024-02-23 13:59:31,214 [BasicRepositoryConnector-repo.maven.apache.org-0-3] INFO  o.e.m.c.i.e.AbstractTransferListenerAdapter - Downloading https://repo.maven.apache.org/maven2/org/junit/jupiter/junit-jupiter-params/5.10.2/junit-jupiter-params-5.10.2.jar
2024-02-23 13:59:31,320 [BasicRepositoryConnector-repo.maven.apache.org-0-3] INFO  o.e.m.c.i.e.AbstractTransferListenerAdapter - Downloaded https://repo.maven.apache.org/maven2/org/junit/jupiter/junit-jupiter-params/5.10.2/junit-jupiter-params-5.10.2.jar
2024-02-23 13:59:31,328 [BasicRepositoryConnector-repo.maven.apache.org-0-2] INFO  o.e.m.c.i.e.AbstractTransferListenerAdapter - Downloading https://repo.maven.apache.org/maven2/org/junit/jupiter/junit-jupiter-engine/5.10.2/junit-jupiter-engine-5.10.2.jar
2024-02-23 13:59:31,408 [BasicRepositoryConnector-repo.maven.apache.org-0-3] INFO  o.e.m.c.i.e.AbstractTransferListenerAdapter - Downloading https://repo.maven.apache.org/maven2/org/junit/platform/junit-platform-engine/1.10.2/junit-platform-engine-1.10.2.jar
2024-02-23 13:59:31,414 [BasicRepositoryConnector-repo.maven.apache.org-0-2] INFO  o.e.m.c.i.e.AbstractTransferListenerAdapter - Downloaded https://repo.maven.apache.org/maven2/org/junit/jupiter/junit-jupiter-engine/5.10.2/junit-jupiter-engine-5.10.2.jar
2024-02-23 13:59:31,442 [BasicRepositoryConnector-repo.maven.apache.org-0-3] INFO  o.e.m.c.i.e.AbstractTransferListenerAdapter - Downloaded https://repo.maven.apache.org/maven2/org/junit/platform/junit-platform-engine/1.10.2/junit-platform-engine-1.10.2.jar
2024-02-23 13:59:31,473 [BasicRepositoryConnector-repo.maven.apache.org-0-2] INFO  o.e.m.c.i.e.AbstractTransferListenerAdapter - Downloading https://repo.maven.apache.org/maven2/net/bytebuddy/byte-buddy-agent/1.14.12/byte-buddy-agent-1.14.12.jar
2024-02-23 13:59:31,544 [BasicRepositoryConnector-repo.maven.apache.org-0-2] INFO  o.e.m.c.i.e.AbstractTransferListenerAdapter - Downloaded https://repo.maven.apache.org/maven2/net/bytebuddy/byte-buddy-agent/1.14.12/byte-buddy-agent-1.14.12.jar
2024-02-23 13:59:31,610 [BasicRepositoryConnector-repo.maven.apache.org-0-2] INFO  o.e.m.c.i.e.AbstractTransferListenerAdapter - Downloading https://repo.maven.apache.org/maven2/org/springframework/spring-jcl/6.1.4/spring-jcl-6.1.4.jar
2024-02-23 13:59:31,625 [BasicRepositoryConnector-repo.maven.apache.org-0-2] INFO  o.e.m.c.i.e.AbstractTransferListenerAdapter - Downloaded https://repo.maven.apache.org/maven2/org/springframework/spring-jcl/6.1.4/spring-jcl-6.1.4.jar
2024-02-23 13:59:31,680 [BasicRepositoryConnector-repo.maven.apache.org-0-2] INFO  o.e.m.c.i.e.AbstractTransferListenerAdapter - Downloading https://repo.maven.apache.org/maven2/org/springframework/spring-test/6.1.4/spring-test-6.1.4.jar
2024-02-23 13:59:31,683 [BasicRepositoryConnector-repo.maven.apache.org-0-3] INFO  o.e.m.c.i.e.AbstractTransferListenerAdapter - Downloading https://repo.maven.apache.org/maven2/org/springframework/spring-core/6.1.4/spring-core-6.1.4.jar
2024-02-23 13:59:31,756 [BasicRepositoryConnector-repo.maven.apache.org-0-1] INFO  o.e.m.c.i.e.AbstractTransferListenerAdapter - Downloaded https://repo.maven.apache.org/maven2/org/apache/tomcat/embed/tomcat-embed-core/10.1.19/tomcat-embed-core-10.1.19.jar
2024-02-23 13:59:31,977 [BasicRepositoryConnector-repo.maven.apache.org-0-3] INFO  o.e.m.c.i.e.AbstractTransferListenerAdapter - Downloaded https://repo.maven.apache.org/maven2/org/springframework/spring-core/6.1.4/spring-core-6.1.4.jar
2024-02-23 13:59:31,991 [BasicRepositoryConnector-repo.maven.apache.org-0-2] INFO  o.e.m.c.i.e.AbstractTransferListenerAdapter - Downloaded https://repo.maven.apache.org/maven2/org/springframework/spring-test/6.1.4/spring-test-6.1.4.jar
2024-02-23 13:59:32,068 [BasicRepositoryConnector-repo.maven.apache.org-0-4] INFO  o.e.m.c.i.e.AbstractTransferListenerAdapter - Downloaded https://repo.maven.apache.org/maven2/org/springframework/boot/spring-boot-autoconfigure/3.2.3/spring-boot-autoconfigure-3.2.3.jar
2024-02-23 13:59:32,279 [BasicRepositoryConnector-repo.maven.apache.org-0-0] INFO  o.e.m.c.i.e.AbstractTransferListenerAdapter - Downloaded https://repo.maven.apache.org/maven2/net/bytebuddy/byte-buddy/1.14.12/byte-buddy-1.14.12.jar
2024-02-23 13:59:33,175 [Worker-4: Import Getting Started Content] INFO  o.e.m.j.i.AbstractJavaProjectConfigurator - Adding source folder /SpringBoot2RestMediaTypeEx/src/main/java
2024-02-23 13:59:33,175 [Worker-4: Import Getting Started Content] INFO  o.e.m.j.i.AbstractJavaProjectConfigurator - Adding resource folder /SpringBoot2RestMediaTypeEx/src/main/resources
2024-02-23 13:59:33,179 [Worker-4: Import Getting Started Content] INFO  o.e.m.j.i.AbstractJavaProjectConfigurator - Adding resource folder /SpringBoot2RestMediaTypeEx/src/main/resources
2024-02-23 13:59:33,185 [Worker-4: Import Getting Started Content] INFO  o.e.m.j.i.AbstractJavaProjectConfigurator - Adding source folder /SpringBoot2RestMediaTypeEx/src/test/java
2024-02-23 13:59:33,186 [Worker-4: Import Getting Started Content] INFO  o.e.m.j.i.AbstractJavaProjectConfigurator - Adding resource folder /SpringBoot2RestMediaTypeEx/src/test/resources
2024-02-23 13:59:34,060 [Worker-10: Download sources and javadoc] INFO  o.e.m.c.i.e.AbstractTransferListenerAdapter - Downloading https://repo.maven.apache.org/maven2/org/springframework/boot/spring-boot-starter-web/3.2.3/spring-boot-starter-web-3.2.3-sources.jar
2024-02-23 13:59:34,065 [Worker-10: Download sources and javadoc] INFO  o.e.m.c.i.e.AbstractTransferListenerAdapter - Downloaded https://repo.maven.apache.org/maven2/org/springframework/boot/spring-boot-starter-web/3.2.3/spring-boot-starter-web-3.2.3-sources.jar
2024-02-23 13:59:34,069 [Worker-10: Download sources and javadoc] INFO  o.e.m.j.internal.DownloadSourcesJob - Downloaded sources for org.springframework.boot:spring-boot-starter-web:3.2.3
2024-02-23 13:59:34,183 [Worker-10: Download sources and javadoc] INFO  o.e.m.c.i.e.AbstractTransferListenerAdapter - Downloading https://repo.maven.apache.org/maven2/org/springframework/boot/spring-boot-starter/3.2.3/spring-boot-starter-3.2.3-sources.jar
2024-02-23 13:59:34,187 [Worker-10: Download sources and javadoc] INFO  o.e.m.c.i.e.AbstractTransferListenerAdapter - Downloaded https://repo.maven.apache.org/maven2/org/springframework/boot/spring-boot-starter/3.2.3/spring-boot-starter-3.2.3-sources.jar
2024-02-23 13:59:34,190 [Worker-10: Download sources and javadoc] INFO  o.e.m.j.internal.DownloadSourcesJob - Downloaded sources for org.springframework.boot:spring-boot-starter:3.2.3
2024-02-23 13:59:34,286 [Worker-10: Download sources and javadoc] INFO  o.e.m.c.i.e.AbstractTransferListenerAdapter - Downloading https://repo.maven.apache.org/maven2/org/springframework/boot/spring-boot-starter-logging/3.2.3/spring-boot-starter-logging-3.2.3-sources.jar
2024-02-23 13:59:34,290 [Worker-10: Download sources and javadoc] INFO  o.e.m.c.i.e.AbstractTransferListenerAdapter - Downloaded https://repo.maven.apache.org/maven2/org/springframework/boot/spring-boot-starter-logging/3.2.3/spring-boot-starter-logging-3.2.3-sources.jar
2024-02-23 13:59:34,293 [Worker-10: Download sources and javadoc] INFO  o.e.m.j.internal.DownloadSourcesJob - Downloaded sources for org.springframework.boot:spring-boot-starter-logging:3.2.3
2024-02-23 13:59:34,395 [Worker-10: Download sources and javadoc] INFO  o.e.m.c.i.e.AbstractTransferListenerAdapter - Downloading https://repo.maven.apache.org/maven2/org/slf4j/jul-to-slf4j/2.0.12/jul-to-slf4j-2.0.12-sources.jar
2024-02-23 13:59:34,406 [Worker-10: Download sources and javadoc] INFO  o.e.m.c.i.e.AbstractTransferListenerAdapter - Downloaded https://repo.maven.apache.org/maven2/org/slf4j/jul-to-slf4j/2.0.12/jul-to-slf4j-2.0.12-sources.jar
2024-02-23 13:59:34,409 [Worker-10: Download sources and javadoc] INFO  o.e.m.j.internal.DownloadSourcesJob - Downloaded sources for org.slf4j:jul-to-slf4j:2.0.12
2024-02-23 13:59:34,446 [Worker-4: Import Getting Started Content] INFO  o.e.m.c.i.p.ProjectConfigurationManager - Imported and configured 1 project(s) in 10 sec
2024-02-23 13:59:34,451 [Worker-4: Import Getting Started Content] INFO  o.e.m.c.i.p.ProjectConfigurationManager - Update started
2024-02-23 13:59:34,499 [Worker-10: Download sources and javadoc] INFO  o.e.m.c.i.e.AbstractTransferListenerAdapter - Downloading https://repo.maven.apache.org/maven2/org/springframework/boot/spring-boot-starter-json/3.2.3/spring-boot-starter-json-3.2.3-sources.jar
2024-02-23 13:59:34,503 [Worker-10: Download sources and javadoc] INFO  o.e.m.c.i.e.AbstractTransferListenerAdapter - Downloaded https://repo.maven.apache.org/maven2/org/springframework/boot/spring-boot-starter-json/3.2.3/spring-boot-starter-json-3.2.3-sources.jar
2024-02-23 13:59:34,506 [Worker-10: Download sources and javadoc] INFO  o.e.m.j.internal.DownloadSourcesJob - Downloaded sources for org.springframework.boot:spring-boot-starter-json:3.2.3
2024-02-23 13:59:35,556 [Worker-4: Import Getting Started Content] INFO  o.e.m.c.i.l.LifecycleMappingFactory - Using org.eclipse.m2e.jdt.JarLifecycleMapping lifecycle mapping for MavenProject: in.aarav.rubral:SpringBoot2RestMediaTypeEx:1.0 @ /Users/aaravrubral/Documents/workspace/SpringBoot2RestMediaTypeEx/pom.xml.
2024-02-23 13:59:35,621 [Worker-10: Download sources and javadoc] INFO  o.e.m.c.i.e.AbstractTransferListenerAdapter - Downloading https://repo.maven.apache.org/maven2/com/fasterxml/jackson/core/jackson-databind/2.15.4/jackson-databind-2.15.4-sources.jar
2024-02-23 13:59:36,151 [Worker-10: Download sources and javadoc] INFO  o.e.m.c.i.e.AbstractTransferListenerAdapter - Downloaded https://repo.maven.apache.org/maven2/com/fasterxml/jackson/core/jackson-databind/2.15.4/jackson-databind-2.15.4-sources.jar
2024-02-23 13:59:36,154 [Worker-10: Download sources and javadoc] INFO  o.e.m.j.internal.DownloadSourcesJob - Downloaded sources for com.fasterxml.jackson.core:jackson-databind:2.15.4
2024-02-23 13:59:36,266 [Worker-10: Download sources and javadoc] INFO  o.e.m.c.i.e.AbstractTransferListenerAdapter - Downloading https://repo.maven.apache.org/maven2/com/fasterxml/jackson/core/jackson-annotations/2.15.4/jackson-annotations-2.15.4-sources.jar
2024-02-23 13:59:36,320 [Worker-10: Download sources and javadoc] INFO  o.e.m.c.i.e.AbstractTransferListenerAdapter - Downloaded https://repo.maven.apache.org/maven2/com/fasterxml/jackson/core/jackson-annotations/2.15.4/jackson-annotations-2.15.4-sources.jar
2024-02-23 13:59:36,324 [Worker-10: Download sources and javadoc] INFO  o.e.m.j.internal.DownloadSourcesJob - Downloaded sources for com.fasterxml.jackson.core:jackson-annotations:2.15.4
2024-02-23 13:59:36,431 [Worker-10: Download sources and javadoc] INFO  o.e.m.c.i.e.AbstractTransferListenerAdapter - Downloading https://repo.maven.apache.org/maven2/com/fasterxml/jackson/core/jackson-core/2.15.4/jackson-core-2.15.4-sources.jar
2024-02-23 13:59:36,557 [Worker-10: Download sources and javadoc] INFO  o.e.m.c.i.e.AbstractTransferListenerAdapter - Downloaded https://repo.maven.apache.org/maven2/com/fasterxml/jackson/core/jackson-core/2.15.4/jackson-core-2.15.4-sources.jar
2024-02-23 13:59:36,560 [Worker-10: Download sources and javadoc] INFO  o.e.m.j.internal.DownloadSourcesJob - Downloaded sources for com.fasterxml.jackson.core:jackson-core:2.15.4
2024-02-23 13:59:36,637 [Worker-4: Import Getting Started Content] INFO  o.e.m.j.i.AbstractJavaProjectConfigurator - Adding source folder /SpringBoot2RestMediaTypeEx/src/main/java
2024-02-23 13:59:36,638 [Worker-4: Import Getting Started Content] INFO  o.e.m.j.i.AbstractJavaProjectConfigurator - Adding resource folder /SpringBoot2RestMediaTypeEx/src/main/resources
2024-02-23 13:59:36,638 [Worker-4: Import Getting Started Content] INFO  o.e.m.j.i.AbstractJavaProjectConfigurator - Adding resource folder /SpringBoot2RestMediaTypeEx/src/main/resources
2024-02-23 13:59:36,640 [Worker-4: Import Getting Started Content] INFO  o.e.m.j.i.AbstractJavaProjectConfigurator - Adding source folder /SpringBoot2RestMediaTypeEx/src/test/java
2024-02-23 13:59:36,640 [Worker-4: Import Getting Started Content] INFO  o.e.m.j.i.AbstractJavaProjectConfigurator - Adding resource folder /SpringBoot2RestMediaTypeEx/src/test/resources
2024-02-23 13:59:36,646 [Worker-10: Download sources and javadoc] INFO  o.e.m.c.i.e.AbstractTransferListenerAdapter - Downloading https://repo.maven.apache.org/maven2/com/fasterxml/jackson/datatype/jackson-datatype-jdk8/2.15.4/jackson-datatype-jdk8-2.15.4-sources.jar
2024-02-23 13:59:36,663 [Worker-10: Download sources and javadoc] INFO  o.e.m.c.i.e.AbstractTransferListenerAdapter - Downloaded https://repo.maven.apache.org/maven2/com/fasterxml/jackson/datatype/jackson-datatype-jdk8/2.15.4/jackson-datatype-jdk8-2.15.4-sources.jar
2024-02-23 13:59:36,667 [Worker-10: Download sources and javadoc] INFO  o.e.m.j.internal.DownloadSourcesJob - Downloaded sources for com.fasterxml.jackson.datatype:jackson-datatype-jdk8:2.15.4
2024-02-23 13:59:36,763 [Worker-10: Download sources and javadoc] INFO  o.e.m.c.i.e.AbstractTransferListenerAdapter - Downloading https://repo.maven.apache.org/maven2/com/fasterxml/jackson/datatype/jackson-datatype-jsr310/2.15.4/jackson-datatype-jsr310-2.15.4-sources.jar
2024-02-23 13:59:36,807 [Worker-10: Download sources and javadoc] INFO  o.e.m.c.i.e.AbstractTransferListenerAdapter - Downloaded https://repo.maven.apache.org/maven2/com/fasterxml/jackson/datatype/jackson-datatype-jsr310/2.15.4/jackson-datatype-jsr310-2.15.4-sources.jar
2024-02-23 13:59:36,810 [Worker-10: Download sources and javadoc] INFO  o.e.m.j.internal.DownloadSourcesJob - Downloaded sources for com.fasterxml.jackson.datatype:jackson-datatype-jsr310:2.15.4
2024-02-23 13:59:36,912 [Worker-10: Download sources and javadoc] INFO  o.e.m.c.i.e.AbstractTransferListenerAdapter - Downloading https://repo.maven.apache.org/maven2/com/fasterxml/jackson/module/jackson-module-parameter-names/2.15.4/jackson-module-parameter-names-2.15.4-sources.jar
2024-02-23 13:59:36,916 [Worker-10: Download sources and javadoc] INFO  o.e.m.c.i.e.AbstractTransferListenerAdapter - Downloaded https://repo.maven.apache.org/maven2/com/fasterxml/jackson/module/jackson-module-parameter-names/2.15.4/jackson-module-parameter-names-2.15.4-sources.jar
2024-02-23 13:59:36,919 [Worker-10: Download sources and javadoc] INFO  o.e.m.j.internal.DownloadSourcesJob - Downloaded sources for com.fasterxml.jackson.module:jackson-module-parameter-names:2.15.4
2024-02-23 13:59:37,015 [Worker-10: Download sources and javadoc] INFO  o.e.m.c.i.e.AbstractTransferListenerAdapter - Downloading https://repo.maven.apache.org/maven2/org/springframework/boot/spring-boot-starter-tomcat/3.2.3/spring-boot-starter-tomcat-3.2.3-sources.jar
2024-02-23 13:59:37,021 [Worker-10: Download sources and javadoc] INFO  o.e.m.c.i.e.AbstractTransferListenerAdapter - Downloaded https://repo.maven.apache.org/maven2/org/springframework/boot/spring-boot-starter-tomcat/3.2.3/spring-boot-starter-tomcat-3.2.3-sources.jar
2024-02-23 13:59:37,024 [Worker-10: Download sources and javadoc] INFO  o.e.m.j.internal.DownloadSourcesJob - Downloaded sources for org.springframework.boot:spring-boot-starter-tomcat:3.2.3
2024-02-23 13:59:37,131 [Worker-10: Download sources and javadoc] INFO  o.e.m.c.i.e.AbstractTransferListenerAdapter - Downloading https://repo.maven.apache.org/maven2/org/apache/tomcat/embed/tomcat-embed-core/10.1.19/tomcat-embed-core-10.1.19-sources.jar
2024-02-23 13:59:37,766 [Worker-10: Download sources and javadoc] INFO  o.e.m.c.i.e.AbstractTransferListenerAdapter - Downloaded https://repo.maven.apache.org/maven2/org/apache/tomcat/embed/tomcat-embed-core/10.1.19/tomcat-embed-core-10.1.19-sources.jar
2024-02-23 13:59:37,769 [Worker-10: Download sources and javadoc] INFO  o.e.m.j.internal.DownloadSourcesJob - Downloaded sources for org.apache.tomcat.embed:tomcat-embed-core:10.1.19
2024-02-23 13:59:37,887 [Worker-10: Download sources and javadoc] INFO  o.e.m.c.i.e.AbstractTransferListenerAdapter - Downloading https://repo.maven.apache.org/maven2/org/apache/tomcat/embed/tomcat-embed-el/10.1.19/tomcat-embed-el-10.1.19-sources.jar
2024-02-23 13:59:37,973 [Worker-10: Download sources and javadoc] INFO  o.e.m.c.i.e.AbstractTransferListenerAdapter - Downloaded https://repo.maven.apache.org/maven2/org/apache/tomcat/embed/tomcat-embed-el/10.1.19/tomcat-embed-el-10.1.19-sources.jar
2024-02-23 13:59:37,978 [Worker-10: Download sources and javadoc] INFO  o.e.m.j.internal.DownloadSourcesJob - Downloaded sources for org.apache.tomcat.embed:tomcat-embed-el:10.1.19
2024-02-23 13:59:38,076 [Worker-10: Download sources and javadoc] INFO  o.e.m.c.i.e.AbstractTransferListenerAdapter - Downloading https://repo.maven.apache.org/maven2/org/apache/tomcat/embed/tomcat-embed-websocket/10.1.19/tomcat-embed-websocket-10.1.19-sources.jar
2024-02-23 13:59:38,172 [Worker-10: Download sources and javadoc] INFO  o.e.m.c.i.e.AbstractTransferListenerAdapter - Downloaded https://repo.maven.apache.org/maven2/org/apache/tomcat/embed/tomcat-embed-websocket/10.1.19/tomcat-embed-websocket-10.1.19-sources.jar
2024-02-23 13:59:38,181 [Worker-10: Download sources and javadoc] INFO  o.e.m.j.internal.DownloadSourcesJob - Downloaded sources for org.apache.tomcat.embed:tomcat-embed-websocket:10.1.19
2024-02-23 13:59:38,275 [Worker-10: Download sources and javadoc] INFO  o.e.m.c.i.e.AbstractTransferListenerAdapter - Downloading https://repo.maven.apache.org/maven2/org/springframework/spring-web/6.1.4/spring-web-6.1.4-sources.jar
2024-02-23 13:59:38,522 [Worker-10: Download sources and javadoc] INFO  o.e.m.c.i.e.AbstractTransferListenerAdapter - Downloaded https://repo.maven.apache.org/maven2/org/springframework/spring-web/6.1.4/spring-web-6.1.4-sources.jar
2024-02-23 13:59:38,524 [Worker-10: Download sources and javadoc] INFO  o.e.m.j.internal.DownloadSourcesJob - Downloaded sources for org.springframework:spring-web:6.1.4
2024-02-23 13:59:38,628 [Worker-10: Download sources and javadoc] INFO  o.e.m.c.i.e.AbstractTransferListenerAdapter - Downloading https://repo.maven.apache.org/maven2/org/springframework/spring-beans/6.1.4/spring-beans-6.1.4-sources.jar
2024-02-23 13:59:38,670 [Worker-4: Import Getting Started Content] INFO  o.e.m.c.i.p.ProjectConfigurationManager - Update completed for 1 poms: local refresh takes 0.00 sec, refresh facades takes 2.00 sec, update config takes 0.00 sec 
2024-02-23 13:59:38,807 [Worker-10: Download sources and javadoc] INFO  o.e.m.c.i.e.AbstractTransferListenerAdapter - Downloaded https://repo.maven.apache.org/maven2/org/springframework/spring-beans/6.1.4/spring-beans-6.1.4-sources.jar
2024-02-23 13:59:38,810 [Worker-10: Download sources and javadoc] INFO  o.e.m.j.internal.DownloadSourcesJob - Downloaded sources for org.springframework:spring-beans:6.1.4
2024-02-23 13:59:38,922 [Worker-10: Download sources and javadoc] INFO  o.e.m.c.i.e.AbstractTransferListenerAdapter - Downloading https://repo.maven.apache.org/maven2/io/micrometer/micrometer-observation/1.12.3/micrometer-observation-1.12.3-sources.jar
2024-02-23 13:59:38,953 [Worker-10: Download sources and javadoc] INFO  o.e.m.c.i.e.AbstractTransferListenerAdapter - Downloaded https://repo.maven.apache.org/maven2/io/micrometer/micrometer-observation/1.12.3/micrometer-observation-1.12.3-sources.jar
2024-02-23 13:59:38,956 [Worker-10: Download sources and javadoc] INFO  o.e.m.j.internal.DownloadSourcesJob - Downloaded sources for io.micrometer:micrometer-observation:1.12.3
2024-02-23 13:59:39,057 [Worker-10: Download sources and javadoc] INFO  o.e.m.c.i.e.AbstractTransferListenerAdapter - Downloading https://repo.maven.apache.org/maven2/io/micrometer/micrometer-commons/1.12.3/micrometer-commons-1.12.3-sources.jar
2024-02-23 13:59:39,086 [Worker-10: Download sources and javadoc] INFO  o.e.m.c.i.e.AbstractTransferListenerAdapter - Downloaded https://repo.maven.apache.org/maven2/io/micrometer/micrometer-commons/1.12.3/micrometer-commons-1.12.3-sources.jar
2024-02-23 13:59:39,089 [Worker-10: Download sources and javadoc] INFO  o.e.m.j.internal.DownloadSourcesJob - Downloaded sources for io.micrometer:micrometer-commons:1.12.3
2024-02-23 13:59:39,177 [Worker-10: Download sources and javadoc] INFO  o.e.m.c.i.e.AbstractTransferListenerAdapter - Downloading https://repo.maven.apache.org/maven2/org/springframework/spring-webmvc/6.1.4/spring-webmvc-6.1.4-sources.jar
2024-02-23 13:59:39,387 [Worker-10: Download sources and javadoc] INFO  o.e.m.c.i.e.AbstractTransferListenerAdapter - Downloaded https://repo.maven.apache.org/maven2/org/springframework/spring-webmvc/6.1.4/spring-webmvc-6.1.4-sources.jar
2024-02-23 13:59:39,390 [Worker-10: Download sources and javadoc] INFO  o.e.m.j.internal.DownloadSourcesJob - Downloaded sources for org.springframework:spring-webmvc:6.1.4
2024-02-23 13:59:39,484 [Worker-10: Download sources and javadoc] INFO  o.e.m.c.i.e.AbstractTransferListenerAdapter - Downloading https://repo.maven.apache.org/maven2/org/springframework/spring-aop/6.1.4/spring-aop-6.1.4-sources.jar
2024-02-23 13:59:39,666 [Worker-10: Download sources and javadoc] INFO  o.e.m.c.i.e.AbstractTransferListenerAdapter - Downloaded https://repo.maven.apache.org/maven2/org/springframework/spring-aop/6.1.4/spring-aop-6.1.4-sources.jar
2024-02-23 13:59:39,669 [Worker-10: Download sources and javadoc] INFO  o.e.m.j.internal.DownloadSourcesJob - Downloaded sources for org.springframework:spring-aop:6.1.4
2024-02-23 13:59:39,770 [Worker-10: Download sources and javadoc] INFO  o.e.m.c.i.e.AbstractTransferListenerAdapter - Downloading https://repo.maven.apache.org/maven2/org/springframework/spring-context/6.1.4/spring-context-6.1.4-sources.jar
2024-02-23 13:59:39,979 [Worker-9: Building] INFO  o.a.m.s.f.DefaultMavenResourcesFiltering - Copying 1 resource from src/main/resources to target/classes
2024-02-23 13:59:40,012 [Worker-9: Building] INFO  o.a.m.s.f.DefaultMavenResourcesFiltering - Copying 0 resource from src/main/resources to target/classes
2024-02-23 13:59:40,020 [Worker-9: Building] INFO  o.a.m.s.f.DefaultMavenResourcesFiltering - skip non existing resourceDirectory /Users/aaravrubral/Documents/workspace/SpringBoot2RestMediaTypeEx/src/test/resources
2024-02-23 13:59:40,043 [Worker-10: Download sources and javadoc] INFO  o.e.m.c.i.e.AbstractTransferListenerAdapter - Downloaded https://repo.maven.apache.org/maven2/org/springframework/spring-context/6.1.4/spring-context-6.1.4-sources.jar
2024-02-23 13:59:40,046 [Worker-10: Download sources and javadoc] INFO  o.e.m.j.internal.DownloadSourcesJob - Downloaded sources for org.springframework:spring-context:6.1.4
2024-02-23 13:59:40,162 [Worker-10: Download sources and javadoc] INFO  o.e.m.c.i.e.AbstractTransferListenerAdapter - Downloading https://repo.maven.apache.org/maven2/org/springframework/spring-expression/6.1.4/spring-expression-6.1.4-sources.jar
2024-02-23 13:59:40,246 [Worker-10: Download sources and javadoc] INFO  o.e.m.c.i.e.AbstractTransferListenerAdapter - Downloaded https://repo.maven.apache.org/maven2/org/springframework/spring-expression/6.1.4/spring-expression-6.1.4-sources.jar
2024-02-23 13:59:40,249 [Worker-10: Download sources and javadoc] INFO  o.e.m.j.internal.DownloadSourcesJob - Downloaded sources for org.springframework:spring-expression:6.1.4
2024-02-23 13:59:40,346 [Worker-10: Download sources and javadoc] INFO  o.e.m.c.i.e.AbstractTransferListenerAdapter - Downloading https://repo.maven.apache.org/maven2/org/springframework/boot/spring-boot-devtools/3.2.3/spring-boot-devtools-3.2.3-sources.jar
2024-02-23 13:59:40,419 [Worker-10: Download sources and javadoc] INFO  o.e.m.c.i.e.AbstractTransferListenerAdapter - Downloaded https://repo.maven.apache.org/maven2/org/springframework/boot/spring-boot-devtools/3.2.3/spring-boot-devtools-3.2.3-sources.jar
2024-02-23 13:59:40,421 [Worker-10: Download sources and javadoc] INFO  o.e.m.j.internal.DownloadSourcesJob - Downloaded sources for org.springframework.boot:spring-boot-devtools:3.2.3
2024-02-23 13:59:40,516 [Worker-10: Download sources and javadoc] INFO  o.e.m.c.i.e.AbstractTransferListenerAdapter - Downloading https://repo.maven.apache.org/maven2/org/springframework/boot/spring-boot/3.2.3/spring-boot-3.2.3-sources.jar
2024-02-23 13:59:40,842 [Worker-10: Download sources and javadoc] INFO  o.e.m.c.i.e.AbstractTransferListenerAdapter - Downloaded https://repo.maven.apache.org/maven2/org/springframework/boot/spring-boot/3.2.3/spring-boot-3.2.3-sources.jar
2024-02-23 13:59:40,845 [Worker-10: Download sources and javadoc] INFO  o.e.m.j.internal.DownloadSourcesJob - Downloaded sources for org.springframework.boot:spring-boot:3.2.3
2024-02-23 13:59:40,953 [Worker-10: Download sources and javadoc] INFO  o.e.m.c.i.e.AbstractTransferListenerAdapter - Downloading https://repo.maven.apache.org/maven2/org/springframework/boot/spring-boot-autoconfigure/3.2.3/spring-boot-autoconfigure-3.2.3-sources.jar
2024-02-23 13:59:41,162 [Worker-10: Download sources and javadoc] INFO  o.e.m.c.i.e.AbstractTransferListenerAdapter - Downloaded https://repo.maven.apache.org/maven2/org/springframework/boot/spring-boot-autoconfigure/3.2.3/spring-boot-autoconfigure-3.2.3-sources.jar
2024-02-23 13:59:41,164 [Worker-10: Download sources and javadoc] INFO  o.e.m.j.internal.DownloadSourcesJob - Downloaded sources for org.springframework.boot:spring-boot-autoconfigure:3.2.3
2024-02-23 13:59:41,262 [Worker-10: Download sources and javadoc] INFO  o.e.m.c.i.e.AbstractTransferListenerAdapter - Downloading https://repo.maven.apache.org/maven2/org/springframework/boot/spring-boot-starter-test/3.2.3/spring-boot-starter-test-3.2.3-sources.jar
2024-02-23 13:59:41,264 [Worker-10: Download sources and javadoc] INFO  o.e.m.c.i.e.AbstractTransferListenerAdapter - Downloaded https://repo.maven.apache.org/maven2/org/springframework/boot/spring-boot-starter-test/3.2.3/spring-boot-starter-test-3.2.3-sources.jar
2024-02-23 13:59:41,268 [Worker-10: Download sources and javadoc] INFO  o.e.m.j.internal.DownloadSourcesJob - Downloaded sources for org.springframework.boot:spring-boot-starter-test:3.2.3
2024-02-23 13:59:41,377 [Worker-10: Download sources and javadoc] INFO  o.e.m.c.i.e.AbstractTransferListenerAdapter - Downloading https://repo.maven.apache.org/maven2/org/springframework/boot/spring-boot-test/3.2.3/spring-boot-test-3.2.3-sources.jar
2024-02-23 13:59:41,479 [Worker-10: Download sources and javadoc] INFO  o.e.m.c.i.e.AbstractTransferListenerAdapter - Downloaded https://repo.maven.apache.org/maven2/org/springframework/boot/spring-boot-test/3.2.3/spring-boot-test-3.2.3-sources.jar
2024-02-23 13:59:41,483 [Worker-10: Download sources and javadoc] INFO  o.e.m.j.internal.DownloadSourcesJob - Downloaded sources for org.springframework.boot:spring-boot-test:3.2.3
2024-02-23 13:59:41,627 [Worker-10: Download sources and javadoc] INFO  o.e.m.c.i.e.AbstractTransferListenerAdapter - Downloading https://repo.maven.apache.org/maven2/org/springframework/boot/spring-boot-test-autoconfigure/3.2.3/spring-boot-test-autoconfigure-3.2.3-sources.jar
2024-02-23 13:59:41,716 [Worker-10: Download sources and javadoc] INFO  o.e.m.c.i.e.AbstractTransferListenerAdapter - Downloaded https://repo.maven.apache.org/maven2/org/springframework/boot/spring-boot-test-autoconfigure/3.2.3/spring-boot-test-autoconfigure-3.2.3-sources.jar
2024-02-23 13:59:41,720 [Worker-10: Download sources and javadoc] INFO  o.e.m.j.internal.DownloadSourcesJob - Downloaded sources for org.springframework.boot:spring-boot-test-autoconfigure:3.2.3
2024-02-23 13:59:41,827 [Worker-10: Download sources and javadoc] INFO  o.e.m.c.i.e.AbstractTransferListenerAdapter - Downloading https://repo.maven.apache.org/maven2/com/jayway/jsonpath/json-path/2.9.0/json-path-2.9.0-sources.jar
2024-02-23 13:59:41,887 [Worker-10: Download sources and javadoc] INFO  o.e.m.c.i.e.AbstractTransferListenerAdapter - Downloaded https://repo.maven.apache.org/maven2/com/jayway/jsonpath/json-path/2.9.0/json-path-2.9.0-sources.jar
2024-02-23 13:59:41,890 [Worker-10: Download sources and javadoc] INFO  o.e.m.j.internal.DownloadSourcesJob - Downloaded sources for com.jayway.jsonpath:json-path:2.9.0
2024-02-23 13:59:41,984 [Worker-10: Download sources and javadoc] INFO  o.e.m.c.i.e.AbstractTransferListenerAdapter - Downloading https://repo.maven.apache.org/maven2/org/slf4j/slf4j-api/2.0.12/slf4j-api-2.0.12-sources.jar
2024-02-23 13:59:42,026 [Worker-10: Download sources and javadoc] INFO  o.e.m.c.i.e.AbstractTransferListenerAdapter - Downloaded https://repo.maven.apache.org/maven2/org/slf4j/slf4j-api/2.0.12/slf4j-api-2.0.12-sources.jar
2024-02-23 13:59:42,029 [Worker-10: Download sources and javadoc] INFO  o.e.m.j.internal.DownloadSourcesJob - Downloaded sources for org.slf4j:slf4j-api:2.0.12
2024-02-23 13:59:42,120 [Worker-10: Download sources and javadoc] INFO  o.e.m.c.i.e.AbstractTransferListenerAdapter - Downloading https://repo.maven.apache.org/maven2/net/bytebuddy/byte-buddy/1.14.12/byte-buddy-1.14.12-sources.jar
2024-02-23 13:59:42,336 [Worker-10: Download sources and javadoc] INFO  o.e.m.c.i.e.AbstractTransferListenerAdapter - Downloaded https://repo.maven.apache.org/maven2/net/bytebuddy/byte-buddy/1.14.12/byte-buddy-1.14.12-sources.jar
2024-02-23 13:59:42,339 [Worker-10: Download sources and javadoc] INFO  o.e.m.j.internal.DownloadSourcesJob - Downloaded sources for net.bytebuddy:byte-buddy:1.14.12
2024-02-23 13:59:42,441 [Worker-10: Download sources and javadoc] INFO  o.e.m.c.i.e.AbstractTransferListenerAdapter - Downloading https://repo.maven.apache.org/maven2/org/junit/jupiter/junit-jupiter/5.10.2/junit-jupiter-5.10.2-sources.jar
2024-02-23 13:59:42,445 [Worker-10: Download sources and javadoc] INFO  o.e.m.c.i.e.AbstractTransferListenerAdapter - Downloaded https://repo.maven.apache.org/maven2/org/junit/jupiter/junit-jupiter/5.10.2/junit-jupiter-5.10.2-sources.jar
2024-02-23 13:59:42,448 [Worker-10: Download sources and javadoc] INFO  o.e.m.j.internal.DownloadSourcesJob - Downloaded sources for org.junit.jupiter:junit-jupiter:5.10.2
2024-02-23 13:59:42,601 [Worker-10: Download sources and javadoc] INFO  o.e.m.c.i.e.AbstractTransferListenerAdapter - Downloading https://repo.maven.apache.org/maven2/org/junit/jupiter/junit-jupiter-api/5.10.2/junit-jupiter-api-5.10.2-sources.jar
2024-02-23 13:59:42,726 [Worker-10: Download sources and javadoc] INFO  o.e.m.c.i.e.AbstractTransferListenerAdapter - Downloaded https://repo.maven.apache.org/maven2/org/junit/jupiter/junit-jupiter-api/5.10.2/junit-jupiter-api-5.10.2-sources.jar
2024-02-23 13:59:42,729 [Worker-10: Download sources and javadoc] INFO  o.e.m.j.internal.DownloadSourcesJob - Downloaded sources for org.junit.jupiter:junit-jupiter-api:5.10.2
2024-02-23 13:59:42,828 [Worker-10: Download sources and javadoc] INFO  o.e.m.c.i.e.AbstractTransferListenerAdapter - Downloading https://repo.maven.apache.org/maven2/org/junit/platform/junit-platform-commons/1.10.2/junit-platform-commons-1.10.2-sources.jar
2024-02-23 13:59:42,874 [Worker-10: Download sources and javadoc] INFO  o.e.m.c.i.e.AbstractTransferListenerAdapter - Downloaded https://repo.maven.apache.org/maven2/org/junit/platform/junit-platform-commons/1.10.2/junit-platform-commons-1.10.2-sources.jar
2024-02-23 13:59:42,876 [Worker-10: Download sources and javadoc] INFO  o.e.m.j.internal.DownloadSourcesJob - Downloaded sources for org.junit.platform:junit-platform-commons:1.10.2
2024-02-23 13:59:42,980 [Worker-10: Download sources and javadoc] INFO  o.e.m.c.i.e.AbstractTransferListenerAdapter - Downloading https://repo.maven.apache.org/maven2/org/junit/jupiter/junit-jupiter-params/5.10.2/junit-jupiter-params-5.10.2-sources.jar
2024-02-23 13:59:43,029 [Worker-10: Download sources and javadoc] INFO  o.e.m.c.i.e.AbstractTransferListenerAdapter - Downloaded https://repo.maven.apache.org/maven2/org/junit/jupiter/junit-jupiter-params/5.10.2/junit-jupiter-params-5.10.2-sources.jar
2024-02-23 13:59:43,032 [Worker-10: Download sources and javadoc] INFO  o.e.m.j.internal.DownloadSourcesJob - Downloaded sources for org.junit.jupiter:junit-jupiter-params:5.10.2
2024-02-23 13:59:43,117 [Worker-10: Download sources and javadoc] INFO  o.e.m.c.i.e.AbstractTransferListenerAdapter - Downloading https://repo.maven.apache.org/maven2/org/junit/jupiter/junit-jupiter-engine/5.10.2/junit-jupiter-engine-5.10.2-sources.jar
2024-02-23 13:59:43,163 [Worker-10: Download sources and javadoc] INFO  o.e.m.c.i.e.AbstractTransferListenerAdapter - Downloaded https://repo.maven.apache.org/maven2/org/junit/jupiter/junit-jupiter-engine/5.10.2/junit-jupiter-engine-5.10.2-sources.jar
2024-02-23 13:59:43,166 [Worker-10: Download sources and javadoc] INFO  o.e.m.j.internal.DownloadSourcesJob - Downloaded sources for org.junit.jupiter:junit-jupiter-engine:5.10.2
2024-02-23 13:59:43,263 [Worker-10: Download sources and javadoc] INFO  o.e.m.c.i.e.AbstractTransferListenerAdapter - Downloading https://repo.maven.apache.org/maven2/org/junit/platform/junit-platform-engine/1.10.2/junit-platform-engine-1.10.2-sources.jar
2024-02-23 13:59:43,321 [Worker-10: Download sources and javadoc] INFO  o.e.m.c.i.e.AbstractTransferListenerAdapter - Downloaded https://repo.maven.apache.org/maven2/org/junit/platform/junit-platform-engine/1.10.2/junit-platform-engine-1.10.2-sources.jar
2024-02-23 13:59:43,327 [Worker-10: Download sources and javadoc] INFO  o.e.m.j.internal.DownloadSourcesJob - Downloaded sources for org.junit.platform:junit-platform-engine:1.10.2
2024-02-23 13:59:43,422 [Worker-10: Download sources and javadoc] INFO  o.e.m.c.i.e.AbstractTransferListenerAdapter - Downloading https://repo.maven.apache.org/maven2/net/bytebuddy/byte-buddy-agent/1.14.12/byte-buddy-agent-1.14.12-sources.jar
2024-02-23 13:59:43,490 [Worker-10: Download sources and javadoc] INFO  o.e.m.c.i.e.AbstractTransferListenerAdapter - Downloaded https://repo.maven.apache.org/maven2/net/bytebuddy/byte-buddy-agent/1.14.12/byte-buddy-agent-1.14.12-sources.jar
2024-02-23 13:59:43,493 [Worker-10: Download sources and javadoc] INFO  o.e.m.j.internal.DownloadSourcesJob - Downloaded sources for net.bytebuddy:byte-buddy-agent:1.14.12
2024-02-23 13:59:43,585 [Worker-10: Download sources and javadoc] INFO  o.e.m.c.i.e.AbstractTransferListenerAdapter - Downloading https://repo.maven.apache.org/maven2/org/springframework/spring-core/6.1.4/spring-core-6.1.4-sources.jar
2024-02-23 13:59:43,790 [Worker-10: Download sources and javadoc] INFO  o.e.m.c.i.e.AbstractTransferListenerAdapter - Downloaded https://repo.maven.apache.org/maven2/org/springframework/spring-core/6.1.4/spring-core-6.1.4-sources.jar
2024-02-23 13:59:43,793 [Worker-10: Download sources and javadoc] INFO  o.e.m.j.internal.DownloadSourcesJob - Downloaded sources for org.springframework:spring-core:6.1.4
2024-02-23 13:59:43,922 [Worker-10: Download sources and javadoc] INFO  o.e.m.c.i.e.AbstractTransferListenerAdapter - Downloading https://repo.maven.apache.org/maven2/org/springframework/spring-jcl/6.1.4/spring-jcl-6.1.4-sources.jar
2024-02-23 13:59:43,927 [Worker-10: Download sources and javadoc] INFO  o.e.m.c.i.e.AbstractTransferListenerAdapter - Downloaded https://repo.maven.apache.org/maven2/org/springframework/spring-jcl/6.1.4/spring-jcl-6.1.4-sources.jar
2024-02-23 13:59:43,930 [Worker-10: Download sources and javadoc] INFO  o.e.m.j.internal.DownloadSourcesJob - Downloaded sources for org.springframework:spring-jcl:6.1.4
2024-02-23 13:59:44,026 [Worker-10: Download sources and javadoc] INFO  o.e.m.c.i.e.AbstractTransferListenerAdapter - Downloading https://repo.maven.apache.org/maven2/org/springframework/spring-test/6.1.4/spring-test-6.1.4-sources.jar
2024-02-23 13:59:44,363 [Worker-10: Download sources and javadoc] INFO  o.e.m.c.i.e.AbstractTransferListenerAdapter - Downloaded https://repo.maven.apache.org/maven2/org/springframework/spring-test/6.1.4/spring-test-6.1.4-sources.jar
2024-02-23 13:59:44,367 [Worker-10: Download sources and javadoc] INFO  o.e.m.j.internal.DownloadSourcesJob - Downloaded sources for org.springframework:spring-test:6.1.4
2024-02-23 14:01:35,374 [Worker-3: Building] INFO  o.a.m.s.f.DefaultMavenResourcesFiltering - Copying 1 resource from src/main/resources to target/classes
2024-02-23 14:01:35,427 [Worker-3: Building] INFO  o.a.m.s.f.DefaultMavenResourcesFiltering - Copying 0 resource from src/main/resources to target/classes
2024-02-23 14:01:35,435 [Worker-3: Building] INFO  o.a.m.s.f.DefaultMavenResourcesFiltering - skip non existing resourceDirectory /Users/aaravrubral/Documents/workspace/SpringBoot2RestMediaTypeEx/src/test/resources
2024-02-23 14:03:21,239 [Worker-6: Building] INFO  o.a.m.s.f.DefaultMavenResourcesFiltering - Copying 1 resource from src/main/resources to target/classes
2024-02-23 14:03:21,244 [Worker-6: Building] INFO  o.a.m.s.f.DefaultMavenResourcesFiltering - Copying 0 resource from src/main/resources to target/classes
2024-02-23 14:03:21,258 [Worker-6: Building] INFO  o.a.m.s.f.DefaultMavenResourcesFiltering - skip non existing resourceDirectory /Users/aaravrubral/Documents/workspace/SpringBoot2RestMediaTypeEx/src/test/resources
2024-02-23 14:05:19,890 [Worker-9: Building] INFO  o.a.m.s.f.DefaultMavenResourcesFiltering - Copying 1 resource from src/main/resources to target/classes
2024-02-23 14:05:19,895 [Worker-9: Building] INFO  o.a.m.s.f.DefaultMavenResourcesFiltering - Copying 0 resource from src/main/resources to target/classes
2024-02-23 14:05:19,901 [Worker-9: Building] INFO  o.a.m.s.f.DefaultMavenResourcesFiltering - skip non existing resourceDirectory /Users/aaravrubral/Documents/workspace/SpringBoot2RestMediaTypeEx/src/test/resources
2024-02-23 14:07:12,684 [Worker-5: Building] INFO  o.a.m.s.f.DefaultMavenResourcesFiltering - Copying 1 resource from src/main/resources to target/classes
2024-02-23 14:07:12,698 [Worker-5: Building] INFO  o.a.m.s.f.DefaultMavenResourcesFiltering - Copying 0 resource from src/main/resources to target/classes
2024-02-23 14:07:12,703 [Worker-5: Building] INFO  o.a.m.s.f.DefaultMavenResourcesFiltering - skip non existing resourceDirectory /Users/aaravrubral/Documents/workspace/SpringBoot2RestMediaTypeEx/src/test/resources
2024-02-23 14:31:05,953 [Worker-16: Building] INFO  o.a.m.s.f.DefaultMavenResourcesFiltering - Copying 1 resource from src/main/resources to target/classes
2024-02-23 14:31:05,962 [Worker-16: Building] INFO  o.a.m.s.f.DefaultMavenResourcesFiltering - Copying 0 resource from src/main/resources to target/classes
2024-02-23 14:31:05,970 [Worker-16: Building] INFO  o.a.m.s.f.DefaultMavenResourcesFiltering - skip non existing resourceDirectory /Users/aaravrubral/Documents/workspace/SpringBoot2RestMediaTypeEx/src/test/resources
2024-02-23 14:31:11,124 [Worker-14: Building] INFO  o.a.m.s.f.DefaultMavenResourcesFiltering - Copying 1 resource from src/main/resources to target/classes
2024-02-23 14:31:11,130 [Worker-14: Building] INFO  o.a.m.s.f.DefaultMavenResourcesFiltering - Copying 0 resource from src/main/resources to target/classes
2024-02-23 14:31:11,134 [Worker-14: Building] INFO  o.a.m.s.f.DefaultMavenResourcesFiltering - skip non existing resourceDirectory /Users/aaravrubral/Documents/workspace/SpringBoot2RestMediaTypeEx/src/test/resources
2024-02-23 14:31:15,271 [Worker-16: Building] INFO  o.a.m.s.f.DefaultMavenResourcesFiltering - Copying 1 resource from src/main/resources to target/classes
2024-02-23 14:31:15,280 [Worker-16: Building] INFO  o.a.m.s.f.DefaultMavenResourcesFiltering - Copying 0 resource from src/main/resources to target/classes
2024-02-23 14:31:15,286 [Worker-16: Building] INFO  o.a.m.s.f.DefaultMavenResourcesFiltering - skip non existing resourceDirectory /Users/aaravrubral/Documents/workspace/SpringBoot2RestMediaTypeEx/src/test/resources
2024-02-23 14:34:21,925 [Worker-1: Building] INFO  o.a.m.s.f.DefaultMavenResourcesFiltering - Copying 1 resource from src/main/resources to target/classes
2024-02-23 14:34:21,931 [Worker-1: Building] INFO  o.a.m.s.f.DefaultMavenResourcesFiltering - Copying 0 resource from src/main/resources to target/classes
2024-02-23 14:34:21,935 [Worker-1: Building] INFO  o.a.m.s.f.DefaultMavenResourcesFiltering - skip non existing resourceDirectory /Users/aaravrubral/Documents/workspace/SpringBoot2RestMediaTypeEx/src/test/resources
2024-02-23 14:39:43,458 [Worker-21: Building] INFO  o.a.m.s.f.DefaultMavenResourcesFiltering - Copying 1 resource from src/main/resources to target/classes
2024-02-23 14:39:43,481 [Worker-21: Building] INFO  o.a.m.s.f.DefaultMavenResourcesFiltering - Copying 0 resource from src/main/resources to target/classes
2024-02-23 14:39:43,490 [Worker-21: Building] INFO  o.a.m.s.f.DefaultMavenResourcesFiltering - skip non existing resourceDirectory /Users/aaravrubral/Documents/workspace/SpringBoot2RestMediaTypeEx/src/test/resources
2024-02-23 14:39:59,043 [Worker-16: Launching SpringBoot2RestMediaTypeEx - SpringBoot2RestMediaTypeExApplication] INFO  o.a.m.s.f.DefaultMavenResourcesFiltering - Copying 1 resource from src/main/resources to target/classes
2024-02-23 14:39:59,051 [Worker-16: Launching SpringBoot2RestMediaTypeEx - SpringBoot2RestMediaTypeExApplication] INFO  o.a.m.s.f.DefaultMavenResourcesFiltering - Copying 0 resource from src/main/resources to target/classes
2024-02-23 14:39:59,076 [Worker-16: Launching SpringBoot2RestMediaTypeEx - SpringBoot2RestMediaTypeExApplication] INFO  o.a.m.s.f.DefaultMavenResourcesFiltering - skip non existing resourceDirectory /Users/aaravrubral/Documents/workspace/SpringBoot2RestMediaTypeEx/src/test/resources
2024-02-23 14:40:47,378 [Worker-21: Building] INFO  o.a.m.s.f.DefaultMavenResourcesFiltering - Copying 1 resource from src/main/resources to target/classes
2024-02-23 14:40:47,382 [Worker-21: Building] INFO  o.a.m.s.f.DefaultMavenResourcesFiltering - Copying 0 resource from src/main/resources to target/classes
2024-02-23 14:40:47,385 [Worker-21: Building] INFO  o.a.m.s.f.DefaultMavenResourcesFiltering - skip non existing resourceDirectory /Users/aaravrubral/Documents/workspace/SpringBoot2RestMediaTypeEx/src/test/resources
2024-02-23 14:45:49,411 [Worker-22: Launching SpringBoot2RestMediaTypeEx - SpringBoot2RestMediaTypeExApplication] INFO  o.a.m.s.f.DefaultMavenResourcesFiltering - Copying 1 resource from src/main/resources to target/classes
2024-02-23 14:45:49,416 [Worker-22: Launching SpringBoot2RestMediaTypeEx - SpringBoot2RestMediaTypeExApplication] INFO  o.a.m.s.f.DefaultMavenResourcesFiltering - Copying 0 resource from src/main/resources to target/classes
2024-02-23 14:45:49,420 [Worker-22: Launching SpringBoot2RestMediaTypeEx - SpringBoot2RestMediaTypeExApplication] INFO  o.a.m.s.f.DefaultMavenResourcesFiltering - skip non existing resourceDirectory /Users/aaravrubral/Documents/workspace/SpringBoot2RestMediaTypeEx/src/test/resources
2024-02-23 15:01:28,040 [Worker-22: Building] INFO  o.a.m.s.f.DefaultMavenResourcesFiltering - Copying 1 resource from src/main/resources to target/classes
2024-02-23 15:01:28,057 [Worker-22: Building] INFO  o.a.m.s.f.DefaultMavenResourcesFiltering - Copying 0 resource from src/main/resources to target/classes
2024-02-23 15:01:28,062 [Worker-22: Building] INFO  o.a.m.s.f.DefaultMavenResourcesFiltering - skip non existing resourceDirectory /Users/aaravrubral/Documents/workspace/SpringBoot2RestMediaTypeEx/src/test/resources
2024-02-23 15:01:36,161 [Worker-33: Building] INFO  o.a.m.s.f.DefaultMavenResourcesFiltering - Copying 1 resource from src/main/resources to target/classes
2024-02-23 15:01:36,167 [Worker-33: Building] INFO  o.a.m.s.f.DefaultMavenResourcesFiltering - Copying 0 resource from src/main/resources to target/classes
2024-02-23 15:01:36,174 [Worker-33: Building] INFO  o.a.m.s.f.DefaultMavenResourcesFiltering - skip non existing resourceDirectory /Users/aaravrubral/Documents/workspace/SpringBoot2RestMediaTypeEx/src/test/resources
2024-02-23 15:02:39,595 [Worker-7: Loading available Gradle versions] INFO  o.e.b.c.i.u.g.PublishedGradleVersions - Gradle version information cache is out-of-date. Trying to update.
2024-02-23 15:03:21,550 [Worker-0: Import Getting Started Content] INFO  o.e.m.c.i.l.LifecycleMappingFactory - Using org.eclipse.m2e.jdt.JarLifecycleMapping lifecycle mapping for MavenProject: in.aarav.rubral:SpringBoot2RestMediaTypeEx:1.0 @ /Users/aaravrubral/Documents/workspace/SpringBoot2RestMediaTypeEx/pom.xml.
2024-02-23 15:03:22,519 [Worker-0: Import Getting Started Content] INFO  o.e.m.j.i.AbstractJavaProjectConfigurator - Adding source folder /SpringBoot2RestMediaTypeEx/src/main/java
2024-02-23 15:03:22,520 [Worker-0: Import Getting Started Content] INFO  o.e.m.j.i.AbstractJavaProjectConfigurator - Adding resource folder /SpringBoot2RestMediaTypeEx/src/main/resources
2024-02-23 15:03:22,524 [Worker-0: Import Getting Started Content] INFO  o.e.m.j.i.AbstractJavaProjectConfigurator - Adding resource folder /SpringBoot2RestMediaTypeEx/src/main/resources
2024-02-23 15:03:22,530 [Worker-0: Import Getting Started Content] INFO  o.e.m.j.i.AbstractJavaProjectConfigurator - Adding source folder /SpringBoot2RestMediaTypeEx/src/test/java
2024-02-23 15:03:22,531 [Worker-0: Import Getting Started Content] INFO  o.e.m.j.i.AbstractJavaProjectConfigurator - Adding resource folder /SpringBoot2RestMediaTypeEx/src/test/resources
2024-02-23 15:03:22,814 [Worker-0: Import Getting Started Content] INFO  o.e.m.c.i.p.ProjectConfigurationManager - Imported and configured 1 project(s) in 2 sec
2024-02-23 15:03:22,818 [Worker-0: Import Getting Started Content] INFO  o.e.m.c.i.p.ProjectConfigurationManager - Update started
2024-02-23 15:03:23,145 [Worker-0: Import Getting Started Content] INFO  o.e.m.c.i.l.LifecycleMappingFactory - Using org.eclipse.m2e.jdt.JarLifecycleMapping lifecycle mapping for MavenProject: in.aarav.rubral:SpringBoot2RestMediaTypeEx:1.0 @ /Users/aaravrubral/Documents/workspace/SpringBoot2RestMediaTypeEx/pom.xml.
2024-02-23 15:03:23,454 [Worker-0: Import Getting Started Content] INFO  o.e.m.j.i.AbstractJavaProjectConfigurator - Adding source folder /SpringBoot2RestMediaTypeEx/src/main/java
2024-02-23 15:03:23,455 [Worker-0: Import Getting Started Content] INFO  o.e.m.j.i.AbstractJavaProjectConfigurator - Adding resource folder /SpringBoot2RestMediaTypeEx/src/main/resources
2024-02-23 15:03:23,455 [Worker-0: Import Getting Started Content] INFO  o.e.m.j.i.AbstractJavaProjectConfigurator - Adding resource folder /SpringBoot2RestMediaTypeEx/src/main/resources
2024-02-23 15:03:23,456 [Worker-0: Import Getting Started Content] INFO  o.e.m.j.i.AbstractJavaProjectConfigurator - Adding source folder /SpringBoot2RestMediaTypeEx/src/test/java
2024-02-23 15:03:23,456 [Worker-0: Import Getting Started Content] INFO  o.e.m.j.i.AbstractJavaProjectConfigurator - Adding resource folder /SpringBoot2RestMediaTypeEx/src/test/resources
2024-02-23 15:03:23,907 [Worker-0: Import Getting Started Content] INFO  o.e.m.c.i.p.ProjectConfigurationManager - Update completed for 1 poms: local refresh takes 0.00 sec, refresh facades takes 0.00 sec, update config takes 0.00 sec 
2024-02-23 15:03:24,508 [Worker-13: Building] INFO  o.a.m.s.f.DefaultMavenResourcesFiltering - Copying 1 resource from src/main/resources to target/classes
2024-02-23 15:03:24,537 [Worker-13: Building] INFO  o.a.m.s.f.DefaultMavenResourcesFiltering - Copying 0 resource from src/main/resources to target/classes
2024-02-23 15:03:24,543 [Worker-13: Building] INFO  o.a.m.s.f.DefaultMavenResourcesFiltering - skip non existing resourceDirectory /Users/aaravrubral/Documents/workspace/SpringBoot2RestMediaTypeEx/src/test/resources
2024-02-23 15:03:46,746 [Worker-6: Building] INFO  o.a.m.s.f.DefaultMavenResourcesFiltering - Copying 1 resource from src/main/resources to target/classes
2024-02-23 15:03:46,780 [Worker-6: Building] INFO  o.a.m.s.f.DefaultMavenResourcesFiltering - Copying 0 resource from src/main/resources to target/classes
2024-02-23 15:03:46,786 [Worker-6: Building] INFO  o.a.m.s.f.DefaultMavenResourcesFiltering - skip non existing resourceDirectory /Users/aaravrubral/Documents/workspace/SpringBoot2RestMediaTypeEx/src/test/resources
2024-02-23 15:04:32,547 [Worker-1: Building] INFO  o.a.m.s.f.DefaultMavenResourcesFiltering - Copying 1 resource from src/main/resources to target/classes
2024-02-23 15:04:32,553 [Worker-1: Building] INFO  o.a.m.s.f.DefaultMavenResourcesFiltering - Copying 0 resource from src/main/resources to target/classes
2024-02-23 15:04:32,558 [Worker-1: Building] INFO  o.a.m.s.f.DefaultMavenResourcesFiltering - skip non existing resourceDirectory /Users/aaravrubral/Documents/workspace/SpringBoot2RestMediaTypeEx/src/test/resources
2024-02-23 15:04:59,210 [Worker-9: Building] INFO  o.a.m.s.f.DefaultMavenResourcesFiltering - Copying 1 resource from src/main/resources to target/classes
2024-02-23 15:04:59,216 [Worker-9: Building] INFO  o.a.m.s.f.DefaultMavenResourcesFiltering - Copying 0 resource from src/main/resources to target/classes
2024-02-23 15:04:59,220 [Worker-9: Building] INFO  o.a.m.s.f.DefaultMavenResourcesFiltering - skip non existing resourceDirectory /Users/aaravrubral/Documents/workspace/SpringBoot2RestMediaTypeEx/src/test/resources
2024-02-23 15:18:14,888 [Worker-33: Building] INFO  o.a.m.s.f.DefaultMavenResourcesFiltering - Copying 1 resource from src/main/resources to target/classes
2024-02-23 15:18:14,907 [Worker-33: Building] INFO  o.a.m.s.f.DefaultMavenResourcesFiltering - Copying 0 resource from src/main/resources to target/classes
2024-02-23 15:18:14,912 [Worker-33: Building] INFO  o.a.m.s.f.DefaultMavenResourcesFiltering - skip non existing resourceDirectory /Users/aaravrubral/Documents/workspace/SpringBoot2RestMediaTypeEx/src/test/resources
2024-02-23 15:19:08,280 [Worker-7: Loading available Gradle versions] INFO  o.e.b.c.i.u.g.PublishedGradleVersions - Gradle version information cache is up-to-date. Trying to read.
2024-02-23 15:19:20,882 [Worker-1: Building] INFO  o.a.m.s.f.DefaultMavenResourcesFiltering - Copying 1 resource from src/main/resources to target/classes
2024-02-23 15:19:20,921 [Worker-1: Building] INFO  o.a.m.s.f.DefaultMavenResourcesFiltering - Copying 0 resource from src/main/resources to target/classes
2024-02-23 15:19:20,930 [Worker-1: Building] INFO  o.a.m.s.f.DefaultMavenResourcesFiltering - skip non existing resourceDirectory /Users/aaravrubral/Documents/workspace/SpringBoot2RestMediaTypeEx/src/test/resources
2024-02-23 15:20:51,134 [Worker-0: Building] INFO  o.a.m.s.f.DefaultMavenResourcesFiltering - Copying 1 resource from src/main/resources to target/classes
2024-02-23 15:20:51,140 [Worker-0: Building] INFO  o.a.m.s.f.DefaultMavenResourcesFiltering - Copying 0 resource from src/main/resources to target/classes
2024-02-23 15:20:51,145 [Worker-0: Building] INFO  o.a.m.s.f.DefaultMavenResourcesFiltering - skip non existing resourceDirectory /Users/aaravrubral/Documents/workspace/SpringBoot2RestMediaTypeEx/src/test/resources
2024-02-23 15:21:24,804 [Worker-8: Building] INFO  o.a.m.s.f.DefaultMavenResourcesFiltering - Copying 1 resource from src/main/resources to target/classes
2024-02-23 15:21:24,811 [Worker-8: Building] INFO  o.a.m.s.f.DefaultMavenResourcesFiltering - Copying 0 resource from src/main/resources to target/classes
2024-02-23 15:21:24,816 [Worker-8: Building] INFO  o.a.m.s.f.DefaultMavenResourcesFiltering - skip non existing resourceDirectory /Users/aaravrubral/Documents/workspace/SpringBoot2RestMediaTypeEx/src/test/resources
2024-02-23 15:21:35,433 [Worker-7: Launching SpringBoot2RestMediaTypeEx - SpringBoot2RestMediaTypeExApplication] INFO  o.a.m.s.f.DefaultMavenResourcesFiltering - Copying 1 resource from src/main/resources to target/classes
2024-02-23 15:21:35,459 [Worker-7: Launching SpringBoot2RestMediaTypeEx - SpringBoot2RestMediaTypeExApplication] INFO  o.a.m.s.f.DefaultMavenResourcesFiltering - Copying 0 resource from src/main/resources to target/classes
2024-02-23 15:21:35,462 [Worker-7: Launching SpringBoot2RestMediaTypeEx - SpringBoot2RestMediaTypeExApplication] INFO  o.a.m.s.f.DefaultMavenResourcesFiltering - skip non existing resourceDirectory /Users/aaravrubral/Documents/workspace/SpringBoot2RestMediaTypeEx/src/test/resources
2024-02-23 15:29:34,616 [Worker-12: Building] INFO  o.a.m.s.f.DefaultMavenResourcesFiltering - Copying 1 resource from src/main/resources to target/classes
2024-02-23 15:29:34,641 [Worker-12: Building] INFO  o.a.m.s.f.DefaultMavenResourcesFiltering - Copying 0 resource from src/main/resources to target/classes
2024-02-23 15:29:34,647 [Worker-12: Building] INFO  o.a.m.s.f.DefaultMavenResourcesFiltering - skip non existing resourceDirectory /Users/aaravrubral/Documents/workspace/SpringBoot2RestMediaTypeEx/src/test/resources
2024-02-23 15:30:12,868 [Worker-17: Building] INFO  o.a.m.s.f.DefaultMavenResourcesFiltering - Copying 1 resource from src/main/resources to target/classes
2024-02-23 15:30:12,906 [Worker-17: Building] INFO  o.a.m.s.f.DefaultMavenResourcesFiltering - Copying 0 resource from src/main/resources to target/classes
2024-02-23 15:30:12,911 [Worker-17: Building] INFO  o.a.m.s.f.DefaultMavenResourcesFiltering - skip non existing resourceDirectory /Users/aaravrubral/Documents/workspace/SpringBoot2RestMediaTypeEx/src/test/resources
2024-02-23 15:30:20,645 [Worker-18: Building] INFO  o.a.m.s.f.DefaultMavenResourcesFiltering - Copying 1 resource from src/main/resources to target/classes
2024-02-23 15:30:20,678 [Worker-18: Building] INFO  o.a.m.s.f.DefaultMavenResourcesFiltering - Copying 0 resource from src/main/resources to target/classes
2024-02-23 15:30:20,685 [Worker-18: Building] INFO  o.a.m.s.f.DefaultMavenResourcesFiltering - skip non existing resourceDirectory /Users/aaravrubral/Documents/workspace/SpringBoot2RestMediaTypeEx/src/test/resources
2024-02-23 15:30:27,501 [Worker-18: Building] INFO  o.a.m.s.f.DefaultMavenResourcesFiltering - Copying 1 resource from src/main/resources to target/classes
2024-02-23 15:30:27,517 [Worker-18: Building] INFO  o.a.m.s.f.DefaultMavenResourcesFiltering - Copying 0 resource from src/main/resources to target/classes
2024-02-23 15:30:27,524 [Worker-18: Building] INFO  o.a.m.s.f.DefaultMavenResourcesFiltering - skip non existing resourceDirectory /Users/aaravrubral/Documents/workspace/SpringBoot2RestMediaTypeEx/src/test/resources
2024-02-23 15:34:12,537 [Worker-18: Building] INFO  o.a.m.s.f.DefaultMavenResourcesFiltering - Copying 1 resource from src/main/resources to target/classes
2024-02-23 15:34:12,542 [Worker-18: Building] INFO  o.a.m.s.f.DefaultMavenResourcesFiltering - Copying 0 resource from src/main/resources to target/classes
2024-02-23 15:34:12,548 [Worker-18: Building] INFO  o.a.m.s.f.DefaultMavenResourcesFiltering - skip non existing resourceDirectory /Users/aaravrubral/Documents/workspace/SpringBoot2RestMediaTypeEx/src/test/resources
2024-02-23 15:36:01,350 [Worker-21: Building] INFO  o.a.m.s.f.DefaultMavenResourcesFiltering - Copying 1 resource from src/main/resources to target/classes
2024-02-23 15:36:01,356 [Worker-21: Building] INFO  o.a.m.s.f.DefaultMavenResourcesFiltering - Copying 0 resource from src/main/resources to target/classes
2024-02-23 15:36:01,360 [Worker-21: Building] INFO  o.a.m.s.f.DefaultMavenResourcesFiltering - skip non existing resourceDirectory /Users/aaravrubral/Documents/workspace/SpringBoot2RestMediaTypeEx/src/test/resources
2024-02-23 15:46:58,634 [Worker-21: Building] INFO  o.a.m.s.f.DefaultMavenResourcesFiltering - Copying 1 resource from src/main/resources to target/classes
2024-02-23 15:46:58,643 [Worker-21: Building] INFO  o.a.m.s.f.DefaultMavenResourcesFiltering - Copying 0 resource from src/main/resources to target/classes
2024-02-23 15:46:58,649 [Worker-21: Building] INFO  o.a.m.s.f.DefaultMavenResourcesFiltering - skip non existing resourceDirectory /Users/aaravrubral/Documents/workspace/SpringBoot2RestMediaTypeEx/src/test/resources
2024-02-23 15:47:26,564 [Worker-24: Building] INFO  o.a.m.s.f.DefaultMavenResourcesFiltering - Copying 1 resource from src/main/resources to target/classes
2024-02-23 15:47:26,596 [Worker-24: Building] INFO  o.a.m.s.f.DefaultMavenResourcesFiltering - Copying 0 resource from src/main/resources to target/classes
2024-02-23 15:47:26,625 [Worker-24: Building] INFO  o.a.m.s.f.DefaultMavenResourcesFiltering - skip non existing resourceDirectory /Users/aaravrubral/Documents/workspace/SpringBoot2RestMediaTypeEx/src/test/resources
2024-02-23 15:49:44,298 [Worker-25: Launching SpringBoot2RestMediaTypeEx - SpringBoot2RestMediaTypeExApplication] INFO  o.a.m.s.f.DefaultMavenResourcesFiltering - Copying 1 resource from src/main/resources to target/classes
2024-02-23 15:49:44,327 [Worker-25: Launching SpringBoot2RestMediaTypeEx - SpringBoot2RestMediaTypeExApplication] INFO  o.a.m.s.f.DefaultMavenResourcesFiltering - Copying 0 resource from src/main/resources to target/classes
2024-02-23 15:49:44,332 [Worker-25: Launching SpringBoot2RestMediaTypeEx - SpringBoot2RestMediaTypeExApplication] INFO  o.a.m.s.f.DefaultMavenResourcesFiltering - skip non existing resourceDirectory /Users/aaravrubral/Documents/workspace/SpringBoot2RestMediaTypeEx/src/test/resources
2024-02-23 16:03:28,337 [Worker-23: Building] INFO  o.a.m.s.f.DefaultMavenResourcesFiltering - Copying 1 resource from src/main/resources to target/classes
2024-02-23 16:03:28,342 [Worker-23: Building] INFO  o.a.m.s.f.DefaultMavenResourcesFiltering - Copying 0 resource from src/main/resources to target/classes
2024-02-23 16:03:28,347 [Worker-23: Building] INFO  o.a.m.s.f.DefaultMavenResourcesFiltering - skip non existing resourceDirectory /Users/aaravrubral/Documents/workspace/SpringBoot2RestMediaTypeEx/src/test/resources
2024-02-23 16:39:34,656 [Worker-35: Import Getting Started Content] INFO  o.e.m.c.i.l.LifecycleMappingFactory - Using org.eclipse.m2e.jdt.JarLifecycleMapping lifecycle mapping for MavenProject: in.aarav.rubral:SpringBoot2RestMediaTypeEx-2:1.0 @ /Users/aaravrubral/Documents/workspace/SpringBoot2RestMediaTypeEx-2/pom.xml.
2024-02-23 16:39:35,474 [Worker-35: Import Getting Started Content] INFO  o.e.m.j.i.AbstractJavaProjectConfigurator - Adding source folder /SpringBoot2RestMediaTypeEx-2/src/main/java
2024-02-23 16:39:35,475 [Worker-35: Import Getting Started Content] INFO  o.e.m.j.i.AbstractJavaProjectConfigurator - Adding resource folder /SpringBoot2RestMediaTypeEx-2/src/main/resources
2024-02-23 16:39:35,478 [Worker-35: Import Getting Started Content] INFO  o.e.m.j.i.AbstractJavaProjectConfigurator - Adding resource folder /SpringBoot2RestMediaTypeEx-2/src/main/resources
2024-02-23 16:39:35,482 [Worker-35: Import Getting Started Content] INFO  o.e.m.j.i.AbstractJavaProjectConfigurator - Adding source folder /SpringBoot2RestMediaTypeEx-2/src/test/java
2024-02-23 16:39:35,483 [Worker-35: Import Getting Started Content] INFO  o.e.m.j.i.AbstractJavaProjectConfigurator - Adding resource folder /SpringBoot2RestMediaTypeEx-2/src/test/resources
2024-02-23 16:39:35,748 [Worker-35: Import Getting Started Content] INFO  o.e.m.c.i.p.ProjectConfigurationManager - Imported and configured 1 project(s) in 2 sec
2024-02-23 16:39:35,753 [Worker-35: Import Getting Started Content] INFO  o.e.m.c.i.p.ProjectConfigurationManager - Update started
2024-02-23 16:39:36,107 [Worker-35: Import Getting Started Content] INFO  o.e.m.c.i.l.LifecycleMappingFactory - Using org.eclipse.m2e.jdt.JarLifecycleMapping lifecycle mapping for MavenProject: in.aarav.rubral:SpringBoot2RestMediaTypeEx-2:1.0 @ /Users/aaravrubral/Documents/workspace/SpringBoot2RestMediaTypeEx-2/pom.xml.
2024-02-23 16:39:36,433 [Worker-35: Import Getting Started Content] INFO  o.e.m.j.i.AbstractJavaProjectConfigurator - Adding source folder /SpringBoot2RestMediaTypeEx-2/src/main/java
2024-02-23 16:39:36,434 [Worker-35: Import Getting Started Content] INFO  o.e.m.j.i.AbstractJavaProjectConfigurator - Adding resource folder /SpringBoot2RestMediaTypeEx-2/src/main/resources
2024-02-23 16:39:36,434 [Worker-35: Import Getting Started Content] INFO  o.e.m.j.i.AbstractJavaProjectConfigurator - Adding resource folder /SpringBoot2RestMediaTypeEx-2/src/main/resources
2024-02-23 16:39:36,435 [Worker-35: Import Getting Started Content] INFO  o.e.m.j.i.AbstractJavaProjectConfigurator - Adding source folder /SpringBoot2RestMediaTypeEx-2/src/test/java
2024-02-23 16:39:36,435 [Worker-35: Import Getting Started Content] INFO  o.e.m.j.i.AbstractJavaProjectConfigurator - Adding resource folder /SpringBoot2RestMediaTypeEx-2/src/test/resources
2024-02-23 16:39:36,651 [Worker-35: Import Getting Started Content] INFO  o.e.m.c.i.p.ProjectConfigurationManager - Update completed for 1 poms: local refresh takes 0.00 sec, refresh facades takes 0.00 sec, update config takes 0.00 sec 
2024-02-23 16:39:37,036 [Worker-38: Building] INFO  o.a.m.s.f.DefaultMavenResourcesFiltering - Copying 1 resource from src/main/resources to target/classes
2024-02-23 16:39:37,054 [Worker-38: Building] INFO  o.a.m.s.f.DefaultMavenResourcesFiltering - Copying 0 resource from src/main/resources to target/classes
2024-02-23 16:39:37,058 [Worker-38: Building] INFO  o.a.m.s.f.DefaultMavenResourcesFiltering - skip non existing resourceDirectory /Users/aaravrubral/Documents/workspace/SpringBoot2RestMediaTypeEx-2/src/test/resources
2024-02-23 16:40:58,608 [Worker-37: Building] INFO  o.a.m.s.f.DefaultMavenResourcesFiltering - Copying 1 resource from src/main/resources to target/classes
2024-02-23 16:40:58,614 [Worker-37: Building] INFO  o.a.m.s.f.DefaultMavenResourcesFiltering - Copying 0 resource from src/main/resources to target/classes
2024-02-23 16:40:58,619 [Worker-37: Building] INFO  o.a.m.s.f.DefaultMavenResourcesFiltering - skip non existing resourceDirectory /Users/aaravrubral/Documents/workspace/SpringBoot2RestMediaTypeEx-2/src/test/resources
2024-02-23 16:41:22,500 [Worker-5: Loading available Gradle versions] INFO  o.e.b.c.i.u.g.PublishedGradleVersions - Gradle version information cache is up-to-date. Trying to read.
2024-02-23 16:41:56,380 [Worker-10: Building] INFO  o.a.m.s.f.DefaultMavenResourcesFiltering - Copying 1 resource from src/main/resources to target/classes
2024-02-23 16:41:56,474 [Worker-10: Building] INFO  o.a.m.s.f.DefaultMavenResourcesFiltering - Copying 0 resource from src/main/resources to target/classes
2024-02-23 16:41:56,536 [Worker-10: Building] INFO  o.a.m.s.f.DefaultMavenResourcesFiltering - skip non existing resourceDirectory /Users/aaravrubral/Documents/workspace/SpringBoot2RestMediaTypeEx-2/src/test/resources
2024-02-23 16:42:21,403 [Worker-7: Building] INFO  o.a.m.s.f.DefaultMavenResourcesFiltering - Copying 1 resource from src/main/resources to target/classes
2024-02-23 16:42:21,409 [Worker-7: Building] INFO  o.a.m.s.f.DefaultMavenResourcesFiltering - Copying 0 resource from src/main/resources to target/classes
2024-02-23 16:42:21,416 [Worker-7: Building] INFO  o.a.m.s.f.DefaultMavenResourcesFiltering - skip non existing resourceDirectory /Users/aaravrubral/Documents/workspace/SpringBoot2RestMediaTypeEx-2/src/test/resources
2024-02-23 16:44:30,946 [Worker-6: Building] INFO  o.a.m.s.f.DefaultMavenResourcesFiltering - Copying 1 resource from src/main/resources to target/classes
2024-02-23 16:44:30,962 [Worker-6: Building] INFO  o.a.m.s.f.DefaultMavenResourcesFiltering - Copying 0 resource from src/main/resources to target/classes
2024-02-23 16:44:30,976 [Worker-6: Building] INFO  o.a.m.s.f.DefaultMavenResourcesFiltering - skip non existing resourceDirectory /Users/aaravrubral/Documents/workspace/SpringBoot2RestMediaTypeEx-2/src/test/resources
2024-02-23 16:54:33,557 [Worker-14: Building] INFO  o.a.m.s.f.DefaultMavenResourcesFiltering - Copying 1 resource from src/main/resources to target/classes
2024-02-23 16:54:33,578 [Worker-14: Building] INFO  o.a.m.s.f.DefaultMavenResourcesFiltering - Copying 0 resource from src/main/resources to target/classes
2024-02-23 16:54:33,585 [Worker-14: Building] INFO  o.a.m.s.f.DefaultMavenResourcesFiltering - skip non existing resourceDirectory /Users/aaravrubral/Documents/workspace/SpringBoot2RestMediaTypeEx-2/src/test/resources
2024-02-23 17:02:40,877 [Worker-17: Building] INFO  o.a.m.s.f.DefaultMavenResourcesFiltering - Copying 1 resource from src/main/resources to target/classes
2024-02-23 17:02:40,881 [Worker-17: Building] INFO  o.a.m.s.f.DefaultMavenResourcesFiltering - Copying 0 resource from src/main/resources to target/classes
2024-02-23 17:02:40,886 [Worker-17: Building] INFO  o.a.m.s.f.DefaultMavenResourcesFiltering - skip non existing resourceDirectory /Users/aaravrubral/Documents/workspace/SpringBoot2RestMediaTypeEx-2/src/test/resources
2024-02-23 17:06:32,893 [Worker-14: Building] INFO  o.a.m.s.f.DefaultMavenResourcesFiltering - Copying 1 resource from src/main/resources to target/classes
2024-02-23 17:06:32,899 [Worker-14: Building] INFO  o.a.m.s.f.DefaultMavenResourcesFiltering - Copying 0 resource from src/main/resources to target/classes
2024-02-23 17:06:32,904 [Worker-14: Building] INFO  o.a.m.s.f.DefaultMavenResourcesFiltering - skip non existing resourceDirectory /Users/aaravrubral/Documents/workspace/SpringBoot2RestMediaTypeEx-2/src/test/resources
2024-02-23 17:06:46,854 [Worker-14: Building] INFO  o.a.m.s.f.DefaultMavenResourcesFiltering - Copying 1 resource from src/main/resources to target/classes
2024-02-23 17:06:46,860 [Worker-14: Building] INFO  o.a.m.s.f.DefaultMavenResourcesFiltering - Copying 0 resource from src/main/resources to target/classes
2024-02-23 17:06:46,865 [Worker-14: Building] INFO  o.a.m.s.f.DefaultMavenResourcesFiltering - skip non existing resourceDirectory /Users/aaravrubral/Documents/workspace/SpringBoot2RestMediaTypeEx-2/src/test/resources
2024-02-23 17:07:01,950 [Worker-14: Building] INFO  o.a.m.s.f.DefaultMavenResourcesFiltering - Copying 1 resource from src/main/resources to target/classes
2024-02-23 17:07:01,954 [Worker-14: Building] INFO  o.a.m.s.f.DefaultMavenResourcesFiltering - Copying 0 resource from src/main/resources to target/classes
2024-02-23 17:07:01,959 [Worker-14: Building] INFO  o.a.m.s.f.DefaultMavenResourcesFiltering - skip non existing resourceDirectory /Users/aaravrubral/Documents/workspace/SpringBoot2RestMediaTypeEx-2/src/test/resources
2024-02-23 17:29:24,877 [Worker-24: Launching SpringBoot2RestMediaTypeEx-2 - SpringBoot2RestMediaTypeEx2Application] INFO  o.a.m.s.f.DefaultMavenResourcesFiltering - Copying 1 resource from src/main/resources to target/classes
2024-02-23 17:29:24,884 [Worker-24: Launching SpringBoot2RestMediaTypeEx-2 - SpringBoot2RestMediaTypeEx2Application] INFO  o.a.m.s.f.DefaultMavenResourcesFiltering - Copying 0 resource from src/main/resources to target/classes
2024-02-23 17:29:24,890 [Worker-24: Launching SpringBoot2RestMediaTypeEx-2 - SpringBoot2RestMediaTypeEx2Application] INFO  o.a.m.s.f.DefaultMavenResourcesFiltering - skip non existing resourceDirectory /Users/aaravrubral/Documents/workspace/SpringBoot2RestMediaTypeEx-2/src/test/resources
2024-02-23 17:30:25,406 [Worker-25: Building] INFO  o.a.m.s.f.DefaultMavenResourcesFiltering - Copying 1 resource from src/main/resources to target/classes
2024-02-23 17:30:25,412 [Worker-25: Building] INFO  o.a.m.s.f.DefaultMavenResourcesFiltering - Copying 0 resource from src/main/resources to target/classes
2024-02-23 17:30:25,415 [Worker-25: Building] INFO  o.a.m.s.f.DefaultMavenResourcesFiltering - skip non existing resourceDirectory /Users/aaravrubral/Documents/workspace/SpringBoot2RestMediaTypeEx-2/src/test/resources
2024-02-26 02:43:55,483 [Worker-2: Loading available Gradle versions] INFO  o.e.b.c.i.u.g.PublishedGradleVersions - Gradle version information cache is out-of-date. Trying to update.
2024-02-26 02:44:44,066 [Worker-14: Import Getting Started Content] INFO  o.e.m.c.i.l.LifecycleMappingFactory - Using org.eclipse.m2e.jdt.JarLifecycleMapping lifecycle mapping for MavenProject: in.aarav.rubral:SpringBoot2RestMediaTypeEx-3:1.0 @ /Users/aaravrubral/Documents/workspace/SpringBoot2RestMediaTypeEx-3/pom.xml.
2024-02-26 02:44:45,476 [Worker-14: Import Getting Started Content] INFO  o.e.m.j.i.AbstractJavaProjectConfigurator - Adding source folder /SpringBoot2RestMediaTypeEx-3/src/main/java
2024-02-26 02:44:45,476 [Worker-14: Import Getting Started Content] INFO  o.e.m.j.i.AbstractJavaProjectConfigurator - Adding resource folder /SpringBoot2RestMediaTypeEx-3/src/main/resources
2024-02-26 02:44:45,480 [Worker-14: Import Getting Started Content] INFO  o.e.m.j.i.AbstractJavaProjectConfigurator - Adding resource folder /SpringBoot2RestMediaTypeEx-3/src/main/resources
2024-02-26 02:44:45,484 [Worker-14: Import Getting Started Content] INFO  o.e.m.j.i.AbstractJavaProjectConfigurator - Adding source folder /SpringBoot2RestMediaTypeEx-3/src/test/java
2024-02-26 02:44:45,489 [Worker-14: Import Getting Started Content] INFO  o.e.m.j.i.AbstractJavaProjectConfigurator - Adding resource folder /SpringBoot2RestMediaTypeEx-3/src/test/resources
2024-02-26 02:44:45,873 [Worker-14: Import Getting Started Content] INFO  o.e.m.c.i.p.ProjectConfigurationManager - Imported and configured 1 project(s) in 3 sec
2024-02-26 02:44:45,878 [Worker-14: Import Getting Started Content] INFO  o.e.m.c.i.p.ProjectConfigurationManager - Update started
2024-02-26 02:44:46,349 [Worker-14: Import Getting Started Content] INFO  o.e.m.c.i.l.LifecycleMappingFactory - Using org.eclipse.m2e.jdt.JarLifecycleMapping lifecycle mapping for MavenProject: in.aarav.rubral:SpringBoot2RestMediaTypeEx-3:1.0 @ /Users/aaravrubral/Documents/workspace/SpringBoot2RestMediaTypeEx-3/pom.xml.
2024-02-26 02:44:46,780 [Worker-14: Import Getting Started Content] INFO  o.e.m.j.i.AbstractJavaProjectConfigurator - Adding source folder /SpringBoot2RestMediaTypeEx-3/src/main/java
2024-02-26 02:44:46,781 [Worker-14: Import Getting Started Content] INFO  o.e.m.j.i.AbstractJavaProjectConfigurator - Adding resource folder /SpringBoot2RestMediaTypeEx-3/src/main/resources
2024-02-26 02:44:46,781 [Worker-14: Import Getting Started Content] INFO  o.e.m.j.i.AbstractJavaProjectConfigurator - Adding resource folder /SpringBoot2RestMediaTypeEx-3/src/main/resources
2024-02-26 02:44:46,782 [Worker-14: Import Getting Started Content] INFO  o.e.m.j.i.AbstractJavaProjectConfigurator - Adding source folder /SpringBoot2RestMediaTypeEx-3/src/test/java
2024-02-26 02:44:46,783 [Worker-14: Import Getting Started Content] INFO  o.e.m.j.i.AbstractJavaProjectConfigurator - Adding resource folder /SpringBoot2RestMediaTypeEx-3/src/test/resources
2024-02-26 02:44:47,258 [Worker-14: Import Getting Started Content] INFO  o.e.m.c.i.p.ProjectConfigurationManager - Update completed for 1 poms: local refresh takes 0.00 sec, refresh facades takes 0.00 sec, update config takes 0.00 sec 
2024-02-26 02:44:48,024 [Worker-10: Building] INFO  o.a.m.s.f.DefaultMavenResourcesFiltering - Copying 1 resource from src/main/resources to target/classes
2024-02-26 02:44:48,060 [Worker-10: Building] INFO  o.a.m.s.f.DefaultMavenResourcesFiltering - Copying 0 resource from src/main/resources to target/classes
2024-02-26 02:44:48,066 [Worker-10: Building] INFO  o.a.m.s.f.DefaultMavenResourcesFiltering - skip non existing resourceDirectory /Users/aaravrubral/Documents/workspace/SpringBoot2RestMediaTypeEx-3/src/test/resources
2024-02-26 02:59:41,848 [Worker-22: Building] INFO  o.a.m.s.f.DefaultMavenResourcesFiltering - Copying 1 resource from src/main/resources to target/classes
2024-02-26 02:59:41,856 [Worker-22: Building] INFO  o.a.m.s.f.DefaultMavenResourcesFiltering - Copying 0 resource from src/main/resources to target/classes
2024-02-26 02:59:41,861 [Worker-22: Building] INFO  o.a.m.s.f.DefaultMavenResourcesFiltering - skip non existing resourceDirectory /Users/aaravrubral/Documents/workspace/SpringBoot2RestMediaTypeEx-3/src/test/resources
2024-02-26 03:01:38,334 [Worker-21: Building] INFO  o.a.m.s.f.DefaultMavenResourcesFiltering - Copying 1 resource from src/main/resources to target/classes
2024-02-26 03:01:38,340 [Worker-21: Building] INFO  o.a.m.s.f.DefaultMavenResourcesFiltering - Copying 0 resource from src/main/resources to target/classes
2024-02-26 03:01:38,345 [Worker-21: Building] INFO  o.a.m.s.f.DefaultMavenResourcesFiltering - skip non existing resourceDirectory /Users/aaravrubral/Documents/workspace/SpringBoot2RestMediaTypeEx-3/src/test/resources
2024-02-26 03:07:12,259 [Worker-20: Launching SpringBoot2RestMediaTypeEx-3 - SpringBoot2RestMediaTypeEx3Application] INFO  o.a.m.s.f.DefaultMavenResourcesFiltering - Copying 1 resource from src/main/resources to target/classes
2024-02-26 03:07:12,311 [Worker-20: Launching SpringBoot2RestMediaTypeEx-3 - SpringBoot2RestMediaTypeEx3Application] INFO  o.a.m.s.f.DefaultMavenResourcesFiltering - Copying 0 resource from src/main/resources to target/classes
2024-02-26 03:07:12,317 [Worker-20: Launching SpringBoot2RestMediaTypeEx-3 - SpringBoot2RestMediaTypeEx3Application] INFO  o.a.m.s.f.DefaultMavenResourcesFiltering - skip non existing resourceDirectory /Users/aaravrubral/Documents/workspace/SpringBoot2RestMediaTypeEx-3/src/test/resources
2024-02-26 03:07:45,015 [Worker-4: Launching SpringBoot2RestMediaTypeEx-3 - SpringBoot2RestMediaTypeEx3Application] INFO  o.a.m.s.f.DefaultMavenResourcesFiltering - Copying 1 resource from src/main/resources to target/classes
2024-02-26 03:07:45,021 [Worker-4: Launching SpringBoot2RestMediaTypeEx-3 - SpringBoot2RestMediaTypeEx3Application] INFO  o.a.m.s.f.DefaultMavenResourcesFiltering - Copying 0 resource from src/main/resources to target/classes
2024-02-26 03:07:45,026 [Worker-4: Launching SpringBoot2RestMediaTypeEx-3 - SpringBoot2RestMediaTypeEx3Application] INFO  o.a.m.s.f.DefaultMavenResourcesFiltering - skip non existing resourceDirectory /Users/aaravrubral/Documents/workspace/SpringBoot2RestMediaTypeEx-3/src/test/resources
2024-02-26 03:13:44,683 [Worker-37: Building] INFO  o.a.m.s.f.DefaultMavenResourcesFiltering - Copying 1 resource from src/main/resources to target/classes
2024-02-26 03:13:44,689 [Worker-37: Building] INFO  o.a.m.s.f.DefaultMavenResourcesFiltering - Copying 0 resource from src/main/resources to target/classes
2024-02-26 03:13:44,694 [Worker-37: Building] INFO  o.a.m.s.f.DefaultMavenResourcesFiltering - skip non existing resourceDirectory /Users/aaravrubral/Documents/workspace/SpringBoot2RestMediaTypeEx-3/src/test/resources
2024-02-26 03:21:51,154 [Worker-40: Building] INFO  o.e.m.c.i.l.LifecycleMappingFactory - Using org.eclipse.m2e.jdt.JarLifecycleMapping lifecycle mapping for MavenProject: in.aarav.rubral:SpringBoot2RestMediaTypeEx-3:1.0 @ /Users/aaravrubral/Documents/workspace/SpringBoot2RestMediaTypeEx-3/pom.xml.
2024-02-26 03:21:51,535 [Worker-40: Building] INFO  o.e.m.c.i.e.AbstractTransferListenerAdapter - Downloading https://repo.maven.apache.org/maven2/com/fasterxml/jackson/dataformat/jackson-dataformat-xml/2.16.1/jackson-dataformat-xml-2.16.1.pom
2024-02-26 03:21:51,553 [Worker-40: Building] INFO  o.e.m.c.i.e.AbstractTransferListenerAdapter - Downloaded https://repo.maven.apache.org/maven2/com/fasterxml/jackson/dataformat/jackson-dataformat-xml/2.16.1/jackson-dataformat-xml-2.16.1.pom
2024-02-26 03:21:51,586 [Worker-40: Building] INFO  o.e.m.c.i.e.AbstractTransferListenerAdapter - Downloading https://repo.maven.apache.org/maven2/com/fasterxml/jackson/jackson-base/2.16.1/jackson-base-2.16.1.pom
2024-02-26 03:21:51,598 [Worker-40: Building] INFO  o.e.m.c.i.e.AbstractTransferListenerAdapter - Downloaded https://repo.maven.apache.org/maven2/com/fasterxml/jackson/jackson-base/2.16.1/jackson-base-2.16.1.pom
2024-02-26 03:21:51,629 [Worker-40: Building] INFO  o.e.m.c.i.e.AbstractTransferListenerAdapter - Downloading https://repo.maven.apache.org/maven2/com/fasterxml/jackson/jackson-bom/2.16.1/jackson-bom-2.16.1.pom
2024-02-26 03:21:51,644 [Worker-40: Building] INFO  o.e.m.c.i.e.AbstractTransferListenerAdapter - Downloaded https://repo.maven.apache.org/maven2/com/fasterxml/jackson/jackson-bom/2.16.1/jackson-bom-2.16.1.pom
2024-02-26 03:21:51,678 [Worker-40: Building] INFO  o.e.m.c.i.e.AbstractTransferListenerAdapter - Downloading https://repo.maven.apache.org/maven2/com/fasterxml/jackson/jackson-parent/2.16/jackson-parent-2.16.pom
2024-02-26 03:21:51,681 [Worker-40: Building] INFO  o.e.m.c.i.e.AbstractTransferListenerAdapter - Downloaded https://repo.maven.apache.org/maven2/com/fasterxml/jackson/jackson-parent/2.16/jackson-parent-2.16.pom
2024-02-26 03:21:51,713 [Worker-40: Building] INFO  o.e.m.c.i.e.AbstractTransferListenerAdapter - Downloading https://repo.maven.apache.org/maven2/com/fasterxml/oss-parent/56/oss-parent-56.pom
2024-02-26 03:21:51,723 [Worker-40: Building] INFO  o.e.m.c.i.e.AbstractTransferListenerAdapter - Downloaded https://repo.maven.apache.org/maven2/com/fasterxml/oss-parent/56/oss-parent-56.pom
2024-02-26 03:21:51,756 [Worker-40: Building] INFO  o.e.m.c.i.e.AbstractTransferListenerAdapter - Downloading https://repo.maven.apache.org/maven2/org/codehaus/woodstox/stax2-api/4.2.1/stax2-api-4.2.1.pom
2024-02-26 03:21:51,760 [Worker-40: Building] INFO  o.e.m.c.i.e.AbstractTransferListenerAdapter - Downloaded https://repo.maven.apache.org/maven2/org/codehaus/woodstox/stax2-api/4.2.1/stax2-api-4.2.1.pom
2024-02-26 03:21:51,787 [Worker-40: Building] INFO  o.e.m.c.i.e.AbstractTransferListenerAdapter - Downloading https://repo.maven.apache.org/maven2/com/fasterxml/oss-parent/38/oss-parent-38.pom
2024-02-26 03:21:51,803 [Worker-40: Building] INFO  o.e.m.c.i.e.AbstractTransferListenerAdapter - Downloaded https://repo.maven.apache.org/maven2/com/fasterxml/oss-parent/38/oss-parent-38.pom
2024-02-26 03:21:51,839 [Worker-40: Building] INFO  o.e.m.c.i.e.AbstractTransferListenerAdapter - Downloading https://repo.maven.apache.org/maven2/com/fasterxml/woodstox/woodstox-core/6.5.1/woodstox-core-6.5.1.pom
2024-02-26 03:21:51,846 [Worker-40: Building] INFO  o.e.m.c.i.e.AbstractTransferListenerAdapter - Downloaded https://repo.maven.apache.org/maven2/com/fasterxml/woodstox/woodstox-core/6.5.1/woodstox-core-6.5.1.pom
2024-02-26 03:21:51,989 [Worker-40: Building] INFO  o.e.m.c.i.e.AbstractTransferListenerAdapter - Downloading https://repo.maven.apache.org/maven2/com/fasterxml/jackson/dataformat/jackson-dataformat-xml/2.16.1/jackson-dataformat-xml-2.16.1.jar
2024-02-26 03:21:52,030 [Worker-40: Building] INFO  o.e.m.c.i.e.AbstractTransferListenerAdapter - Downloaded https://repo.maven.apache.org/maven2/com/fasterxml/jackson/dataformat/jackson-dataformat-xml/2.16.1/jackson-dataformat-xml-2.16.1.jar
2024-02-26 03:21:52,055 [BasicRepositoryConnector-repo.maven.apache.org-0-0] INFO  o.e.m.c.i.e.AbstractTransferListenerAdapter - Downloading https://repo.maven.apache.org/maven2/org/codehaus/woodstox/stax2-api/4.2.1/stax2-api-4.2.1.jar
2024-02-26 03:21:52,098 [BasicRepositoryConnector-repo.maven.apache.org-0-0] INFO  o.e.m.c.i.e.AbstractTransferListenerAdapter - Downloaded https://repo.maven.apache.org/maven2/org/codehaus/woodstox/stax2-api/4.2.1/stax2-api-4.2.1.jar
2024-02-26 03:21:52,122 [BasicRepositoryConnector-repo.maven.apache.org-0-1] INFO  o.e.m.c.i.e.AbstractTransferListenerAdapter - Downloading https://repo.maven.apache.org/maven2/com/fasterxml/woodstox/woodstox-core/6.5.1/woodstox-core-6.5.1.jar
2024-02-26 03:21:52,499 [BasicRepositoryConnector-repo.maven.apache.org-0-1] INFO  o.e.m.c.i.e.AbstractTransferListenerAdapter - Downloaded https://repo.maven.apache.org/maven2/com/fasterxml/woodstox/woodstox-core/6.5.1/woodstox-core-6.5.1.jar
2024-02-26 03:21:52,746 [Worker-40: Building] INFO  o.a.m.s.f.DefaultMavenResourcesFiltering - Copying 0 resource from src/main/resources to target/classes
2024-02-26 03:21:52,747 [Worker-40: Building] INFO  o.a.m.s.f.DefaultMavenResourcesFiltering - Copying 0 resource from src/main/resources to target/classes
2024-02-26 03:21:52,751 [Worker-40: Building] INFO  o.a.m.s.f.DefaultMavenResourcesFiltering - skip non existing resourceDirectory /Users/aaravrubral/Documents/workspace/SpringBoot2RestMediaTypeEx-3/src/test/resources
2024-02-26 03:21:53,679 [Worker-40: Download sources and javadoc] INFO  o.e.m.c.i.e.AbstractTransferListenerAdapter - Downloading https://repo.maven.apache.org/maven2/com/fasterxml/jackson/dataformat/jackson-dataformat-xml/2.16.1/jackson-dataformat-xml-2.16.1-sources.jar
2024-02-26 03:21:53,719 [Worker-40: Download sources and javadoc] INFO  o.e.m.c.i.e.AbstractTransferListenerAdapter - Downloaded https://repo.maven.apache.org/maven2/com/fasterxml/jackson/dataformat/jackson-dataformat-xml/2.16.1/jackson-dataformat-xml-2.16.1-sources.jar
2024-02-26 03:21:53,723 [Worker-40: Download sources and javadoc] INFO  o.e.m.j.internal.DownloadSourcesJob - Downloaded sources for com.fasterxml.jackson.dataformat:jackson-dataformat-xml:2.16.1
2024-02-26 03:21:53,799 [Worker-40: Download sources and javadoc] INFO  o.e.m.c.i.e.AbstractTransferListenerAdapter - Downloading https://repo.maven.apache.org/maven2/org/codehaus/woodstox/stax2-api/4.2.1/stax2-api-4.2.1-sources.jar
2024-02-26 03:21:53,865 [Worker-40: Download sources and javadoc] INFO  o.e.m.c.i.e.AbstractTransferListenerAdapter - Downloaded https://repo.maven.apache.org/maven2/org/codehaus/woodstox/stax2-api/4.2.1/stax2-api-4.2.1-sources.jar
2024-02-26 03:21:53,868 [Worker-40: Download sources and javadoc] INFO  o.e.m.j.internal.DownloadSourcesJob - Downloaded sources for org.codehaus.woodstox:stax2-api:4.2.1
2024-02-26 03:21:53,950 [Worker-40: Download sources and javadoc] INFO  o.e.m.c.i.e.AbstractTransferListenerAdapter - Downloading https://repo.maven.apache.org/maven2/com/fasterxml/woodstox/woodstox-core/6.5.1/woodstox-core-6.5.1-sources.jar
2024-02-26 03:21:54,181 [Worker-40: Download sources and javadoc] INFO  o.e.m.c.i.e.AbstractTransferListenerAdapter - Downloaded https://repo.maven.apache.org/maven2/com/fasterxml/woodstox/woodstox-core/6.5.1/woodstox-core-6.5.1-sources.jar
2024-02-26 03:21:54,184 [Worker-40: Download sources and javadoc] INFO  o.e.m.j.internal.DownloadSourcesJob - Downloaded sources for com.fasterxml.woodstox:woodstox-core:6.5.1
2024-02-26 03:24:12,403 [Worker-41: Launching SpringBoot2RestMediaTypeEx-3 - SpringBoot2RestMediaTypeEx3Application] INFO  o.a.m.s.f.DefaultMavenResourcesFiltering - Copying 1 resource from src/main/resources to target/classes
2024-02-26 03:24:12,437 [Worker-41: Launching SpringBoot2RestMediaTypeEx-3 - SpringBoot2RestMediaTypeEx3Application] INFO  o.a.m.s.f.DefaultMavenResourcesFiltering - Copying 0 resource from src/main/resources to target/classes
2024-02-26 03:24:12,442 [Worker-41: Launching SpringBoot2RestMediaTypeEx-3 - SpringBoot2RestMediaTypeEx3Application] INFO  o.a.m.s.f.DefaultMavenResourcesFiltering - skip non existing resourceDirectory /Users/aaravrubral/Documents/workspace/SpringBoot2RestMediaTypeEx-3/src/test/resources
2024-02-26 03:24:27,300 [Worker-43: Launching SpringBoot2RestMediaTypeEx-3 - SpringBoot2RestMediaTypeEx3Application] INFO  o.a.m.s.f.DefaultMavenResourcesFiltering - Copying 1 resource from src/main/resources to target/classes
2024-02-26 03:24:27,312 [Worker-43: Launching SpringBoot2RestMediaTypeEx-3 - SpringBoot2RestMediaTypeEx3Application] INFO  o.a.m.s.f.DefaultMavenResourcesFiltering - Copying 0 resource from src/main/resources to target/classes
2024-02-26 03:24:27,316 [Worker-43: Launching SpringBoot2RestMediaTypeEx-3 - SpringBoot2RestMediaTypeEx3Application] INFO  o.a.m.s.f.DefaultMavenResourcesFiltering - skip non existing resourceDirectory /Users/aaravrubral/Documents/workspace/SpringBoot2RestMediaTypeEx-3/src/test/resources
2024-02-26 03:27:35,509 [Worker-45: Building] INFO  o.e.m.c.i.l.LifecycleMappingFactory - Using org.eclipse.m2e.jdt.JarLifecycleMapping lifecycle mapping for MavenProject: in.aarav.rubral:SpringBoot2RestMediaTypeEx-3:1.0 @ /Users/aaravrubral/Documents/workspace/SpringBoot2RestMediaTypeEx-3/pom.xml.
2024-02-26 03:27:35,736 [Worker-45: Building] INFO  o.e.m.c.i.e.AbstractTransferListenerAdapter - Downloading https://repo.maven.apache.org/maven2/com/fasterxml/jackson/dataformat/jackson-dataformat-xml/2.15.4/jackson-dataformat-xml-2.15.4.pom
2024-02-26 03:27:35,740 [Worker-45: Building] INFO  o.e.m.c.i.e.AbstractTransferListenerAdapter - Downloaded https://repo.maven.apache.org/maven2/com/fasterxml/jackson/dataformat/jackson-dataformat-xml/2.15.4/jackson-dataformat-xml-2.15.4.pom
2024-02-26 03:27:35,956 [Worker-45: Building] INFO  o.e.m.c.i.e.AbstractTransferListenerAdapter - Downloading https://repo.maven.apache.org/maven2/com/fasterxml/jackson/dataformat/jackson-dataformat-xml/2.15.4/jackson-dataformat-xml-2.15.4.jar
2024-02-26 03:27:35,994 [Worker-45: Building] INFO  o.e.m.c.i.e.AbstractTransferListenerAdapter - Downloaded https://repo.maven.apache.org/maven2/com/fasterxml/jackson/dataformat/jackson-dataformat-xml/2.15.4/jackson-dataformat-xml-2.15.4.jar
2024-02-26 03:27:36,231 [Worker-45: Building] INFO  o.a.m.s.f.DefaultMavenResourcesFiltering - Copying 0 resource from src/main/resources to target/classes
2024-02-26 03:27:36,232 [Worker-45: Building] INFO  o.a.m.s.f.DefaultMavenResourcesFiltering - Copying 0 resource from src/main/resources to target/classes
2024-02-26 03:27:36,237 [Worker-45: Building] INFO  o.a.m.s.f.DefaultMavenResourcesFiltering - skip non existing resourceDirectory /Users/aaravrubral/Documents/workspace/SpringBoot2RestMediaTypeEx-3/src/test/resources
2024-02-26 03:27:37,186 [Worker-51: Download sources and javadoc] INFO  o.e.m.c.i.e.AbstractTransferListenerAdapter - Downloading https://repo.maven.apache.org/maven2/com/fasterxml/jackson/dataformat/jackson-dataformat-xml/2.15.4/jackson-dataformat-xml-2.15.4-sources.jar
2024-02-26 03:27:37,217 [Worker-51: Download sources and javadoc] INFO  o.e.m.c.i.e.AbstractTransferListenerAdapter - Downloaded https://repo.maven.apache.org/maven2/com/fasterxml/jackson/dataformat/jackson-dataformat-xml/2.15.4/jackson-dataformat-xml-2.15.4-sources.jar
2024-02-26 03:27:37,220 [Worker-51: Download sources and javadoc] INFO  o.e.m.j.internal.DownloadSourcesJob - Downloaded sources for com.fasterxml.jackson.dataformat:jackson-dataformat-xml:2.15.4
2024-02-26 03:29:52,456 [Worker-54: Building] INFO  o.a.m.s.f.DefaultMavenResourcesFiltering - Copying 1 resource from src/main/resources to target/classes
2024-02-26 03:29:52,478 [Worker-54: Building] INFO  o.a.m.s.f.DefaultMavenResourcesFiltering - Copying 0 resource from src/main/resources to target/classes
2024-02-26 03:29:52,481 [Worker-54: Building] INFO  o.a.m.s.f.DefaultMavenResourcesFiltering - skip non existing resourceDirectory /Users/aaravrubral/Documents/workspace/SpringBoot2RestMediaTypeEx-3/src/test/resources
2024-02-26 03:30:49,550 [Worker-43: Building] INFO  o.a.m.s.f.DefaultMavenResourcesFiltering - Copying 1 resource from src/main/resources to target/classes
2024-02-26 03:30:49,568 [Worker-43: Building] INFO  o.a.m.s.f.DefaultMavenResourcesFiltering - Copying 0 resource from src/main/resources to target/classes
2024-02-26 03:30:49,571 [Worker-43: Building] INFO  o.a.m.s.f.DefaultMavenResourcesFiltering - skip non existing resourceDirectory /Users/aaravrubral/Documents/workspace/SpringBoot2RestMediaTypeEx-3/src/test/resources
2024-02-26 03:38:03,514 [Worker-58: Building] INFO  o.a.m.s.f.DefaultMavenResourcesFiltering - Copying 1 resource from src/main/resources to target/classes
2024-02-26 03:38:03,523 [Worker-58: Building] INFO  o.a.m.s.f.DefaultMavenResourcesFiltering - Copying 0 resource from src/main/resources to target/classes
2024-02-26 03:38:03,527 [Worker-58: Building] INFO  o.a.m.s.f.DefaultMavenResourcesFiltering - skip non existing resourceDirectory /Users/aaravrubral/Documents/workspace/SpringBoot2RestMediaTypeEx-3/src/test/resources
2024-02-26 03:40:31,093 [Worker-57: Building] INFO  o.a.m.s.f.DefaultMavenResourcesFiltering - Copying 1 resource from src/main/resources to target/classes
2024-02-26 03:40:31,097 [Worker-57: Building] INFO  o.a.m.s.f.DefaultMavenResourcesFiltering - Copying 0 resource from src/main/resources to target/classes
2024-02-26 03:40:31,100 [Worker-57: Building] INFO  o.a.m.s.f.DefaultMavenResourcesFiltering - skip non existing resourceDirectory /Users/aaravrubral/Documents/workspace/SpringBoot2RestMediaTypeEx-3/src/test/resources
2024-02-26 03:41:38,662 [Worker-62: Building] INFO  o.a.m.s.f.DefaultMavenResourcesFiltering - Copying 1 resource from src/main/resources to target/classes
2024-02-26 03:41:38,666 [Worker-62: Building] INFO  o.a.m.s.f.DefaultMavenResourcesFiltering - Copying 0 resource from src/main/resources to target/classes
2024-02-26 03:41:38,669 [Worker-62: Building] INFO  o.a.m.s.f.DefaultMavenResourcesFiltering - skip non existing resourceDirectory /Users/aaravrubral/Documents/workspace/SpringBoot2RestMediaTypeEx-3/src/test/resources
2024-03-01 04:28:37,731 [Worker-6: Loading available Gradle versions] INFO  o.e.b.c.i.u.g.PublishedGradleVersions - Gradle version information cache is out-of-date. Trying to update.
2024-03-01 04:30:05,431 [Worker-0: Import Getting Started Content] INFO  o.e.m.c.i.l.LifecycleMappingFactory - Using org.eclipse.m2e.jdt.JarLifecycleMapping lifecycle mapping for MavenProject: in.aarav.rubral:SpringBoot2RestPathVarEx:1.0 @ /Users/aaravrubral/Documents/workspace/SpringBoot2RestPathVarEx/pom.xml.
2024-03-01 04:30:06,693 [Worker-0: Import Getting Started Content] INFO  o.e.m.j.i.AbstractJavaProjectConfigurator - Adding source folder /SpringBoot2RestPathVarEx/src/main/java
2024-03-01 04:30:06,693 [Worker-0: Import Getting Started Content] INFO  o.e.m.j.i.AbstractJavaProjectConfigurator - Adding resource folder /SpringBoot2RestPathVarEx/src/main/resources
2024-03-01 04:30:06,696 [Worker-0: Import Getting Started Content] INFO  o.e.m.j.i.AbstractJavaProjectConfigurator - Adding resource folder /SpringBoot2RestPathVarEx/src/main/resources
2024-03-01 04:30:06,700 [Worker-0: Import Getting Started Content] INFO  o.e.m.j.i.AbstractJavaProjectConfigurator - Adding source folder /SpringBoot2RestPathVarEx/src/test/java
2024-03-01 04:30:06,701 [Worker-0: Import Getting Started Content] INFO  o.e.m.j.i.AbstractJavaProjectConfigurator - Adding resource folder /SpringBoot2RestPathVarEx/src/test/resources
2024-03-01 04:30:06,956 [Worker-0: Import Getting Started Content] INFO  o.e.m.c.i.p.ProjectConfigurationManager - Imported and configured 1 project(s) in 3 sec
2024-03-01 04:30:06,961 [Worker-0: Import Getting Started Content] INFO  o.e.m.c.i.p.ProjectConfigurationManager - Update started
2024-03-01 04:30:07,619 [Worker-0: Import Getting Started Content] INFO  o.e.m.c.i.l.LifecycleMappingFactory - Using org.eclipse.m2e.jdt.JarLifecycleMapping lifecycle mapping for MavenProject: in.aarav.rubral:SpringBoot2RestPathVarEx:1.0 @ /Users/aaravrubral/Documents/workspace/SpringBoot2RestPathVarEx/pom.xml.
2024-03-01 04:30:07,961 [Worker-0: Import Getting Started Content] INFO  o.e.m.j.i.AbstractJavaProjectConfigurator - Adding source folder /SpringBoot2RestPathVarEx/src/main/java
2024-03-01 04:30:07,961 [Worker-0: Import Getting Started Content] INFO  o.e.m.j.i.AbstractJavaProjectConfigurator - Adding resource folder /SpringBoot2RestPathVarEx/src/main/resources
2024-03-01 04:30:07,962 [Worker-0: Import Getting Started Content] INFO  o.e.m.j.i.AbstractJavaProjectConfigurator - Adding resource folder /SpringBoot2RestPathVarEx/src/main/resources
2024-03-01 04:30:07,963 [Worker-0: Import Getting Started Content] INFO  o.e.m.j.i.AbstractJavaProjectConfigurator - Adding source folder /SpringBoot2RestPathVarEx/src/test/java
2024-03-01 04:30:07,963 [Worker-0: Import Getting Started Content] INFO  o.e.m.j.i.AbstractJavaProjectConfigurator - Adding resource folder /SpringBoot2RestPathVarEx/src/test/resources
2024-03-01 04:30:08,381 [Worker-0: Import Getting Started Content] INFO  o.e.m.c.i.p.ProjectConfigurationManager - Update completed for 1 poms: local refresh takes 0.00 sec, refresh facades takes 0.00 sec, update config takes 0.00 sec 
2024-03-01 04:30:09,049 [Worker-12: Building] INFO  o.a.m.s.f.DefaultMavenResourcesFiltering - Copying 1 resource from src/main/resources to target/classes
2024-03-01 04:30:09,072 [Worker-12: Building] INFO  o.a.m.s.f.DefaultMavenResourcesFiltering - Copying 0 resource from src/main/resources to target/classes
2024-03-01 04:30:09,078 [Worker-12: Building] INFO  o.a.m.s.f.DefaultMavenResourcesFiltering - skip non existing resourceDirectory /Users/aaravrubral/Documents/workspace/SpringBoot2RestPathVarEx/src/test/resources
2024-03-01 04:30:48,854 [Worker-14: Building] INFO  o.a.m.s.f.DefaultMavenResourcesFiltering - Copying 1 resource from src/main/resources to target/classes
2024-03-01 04:30:48,869 [Worker-14: Building] INFO  o.a.m.s.f.DefaultMavenResourcesFiltering - Copying 0 resource from src/main/resources to target/classes
2024-03-01 04:30:48,874 [Worker-14: Building] INFO  o.a.m.s.f.DefaultMavenResourcesFiltering - skip non existing resourceDirectory /Users/aaravrubral/Documents/workspace/SpringBoot2RestPathVarEx/src/test/resources
2024-03-01 04:35:27,079 [Worker-10: Launching SpringBoot2RestPathVarEx - SpringBoot2RestPathVarExApplication] INFO  o.a.m.s.f.DefaultMavenResourcesFiltering - Copying 1 resource from src/main/resources to target/classes
2024-03-01 04:35:27,089 [Worker-10: Launching SpringBoot2RestPathVarEx - SpringBoot2RestPathVarExApplication] INFO  o.a.m.s.f.DefaultMavenResourcesFiltering - Copying 0 resource from src/main/resources to target/classes
2024-03-01 04:35:27,094 [Worker-10: Launching SpringBoot2RestPathVarEx - SpringBoot2RestPathVarExApplication] INFO  o.a.m.s.f.DefaultMavenResourcesFiltering - skip non existing resourceDirectory /Users/aaravrubral/Documents/workspace/SpringBoot2RestPathVarEx/src/test/resources
2024-03-01 04:47:01,710 [Worker-21: Building] INFO  o.a.m.s.f.DefaultMavenResourcesFiltering - Copying 1 resource from src/main/resources to target/classes
2024-03-01 04:47:01,724 [Worker-21: Building] INFO  o.a.m.s.f.DefaultMavenResourcesFiltering - Copying 0 resource from src/main/resources to target/classes
2024-03-01 04:47:01,728 [Worker-21: Building] INFO  o.a.m.s.f.DefaultMavenResourcesFiltering - skip non existing resourceDirectory /Users/aaravrubral/Documents/workspace/SpringBoot2RestPathVarEx/src/test/resources
2024-03-03 01:40:32,728 [Worker-2: Loading available Gradle versions] INFO  o.e.b.c.i.u.g.PublishedGradleVersions - Gradle version information cache is out-of-date. Trying to update.
2024-03-03 01:42:05,402 [Worker-2: Import Getting Started Content] INFO  o.e.m.c.i.l.LifecycleMappingFactory - Using org.eclipse.m2e.jdt.JarLifecycleMapping lifecycle mapping for MavenProject: in.aarav.rubral:SpringBoot2RestPathVarExSecond:1.0 @ /Users/aaravrubral/Documents/workspace/SpringBoot2RestPathVarExSecond/pom.xml.
2024-03-03 01:42:06,480 [Worker-2: Import Getting Started Content] INFO  o.e.m.j.i.AbstractJavaProjectConfigurator - Adding source folder /SpringBoot2RestPathVarExSecond/src/main/java
2024-03-03 01:42:06,480 [Worker-2: Import Getting Started Content] INFO  o.e.m.j.i.AbstractJavaProjectConfigurator - Adding resource folder /SpringBoot2RestPathVarExSecond/src/main/resources
2024-03-03 01:42:06,483 [Worker-2: Import Getting Started Content] INFO  o.e.m.j.i.AbstractJavaProjectConfigurator - Adding resource folder /SpringBoot2RestPathVarExSecond/src/main/resources
2024-03-03 01:42:06,487 [Worker-2: Import Getting Started Content] INFO  o.e.m.j.i.AbstractJavaProjectConfigurator - Adding source folder /SpringBoot2RestPathVarExSecond/src/test/java
2024-03-03 01:42:06,488 [Worker-2: Import Getting Started Content] INFO  o.e.m.j.i.AbstractJavaProjectConfigurator - Adding resource folder /SpringBoot2RestPathVarExSecond/src/test/resources
2024-03-03 01:42:06,911 [Worker-2: Import Getting Started Content] INFO  o.e.m.c.i.p.ProjectConfigurationManager - Imported and configured 1 project(s) in 2 sec
2024-03-03 01:42:06,915 [Worker-2: Import Getting Started Content] INFO  o.e.m.c.i.p.ProjectConfigurationManager - Update started
2024-03-03 01:42:07,284 [Worker-2: Import Getting Started Content] INFO  o.e.m.c.i.l.LifecycleMappingFactory - Using org.eclipse.m2e.jdt.JarLifecycleMapping lifecycle mapping for MavenProject: in.aarav.rubral:SpringBoot2RestPathVarExSecond:1.0 @ /Users/aaravrubral/Documents/workspace/SpringBoot2RestPathVarExSecond/pom.xml.
2024-03-03 01:42:07,695 [Worker-2: Import Getting Started Content] INFO  o.e.m.j.i.AbstractJavaProjectConfigurator - Adding source folder /SpringBoot2RestPathVarExSecond/src/main/java
2024-03-03 01:42:07,696 [Worker-2: Import Getting Started Content] INFO  o.e.m.j.i.AbstractJavaProjectConfigurator - Adding resource folder /SpringBoot2RestPathVarExSecond/src/main/resources
2024-03-03 01:42:07,696 [Worker-2: Import Getting Started Content] INFO  o.e.m.j.i.AbstractJavaProjectConfigurator - Adding resource folder /SpringBoot2RestPathVarExSecond/src/main/resources
2024-03-03 01:42:07,697 [Worker-2: Import Getting Started Content] INFO  o.e.m.j.i.AbstractJavaProjectConfigurator - Adding source folder /SpringBoot2RestPathVarExSecond/src/test/java
2024-03-03 01:42:07,698 [Worker-2: Import Getting Started Content] INFO  o.e.m.j.i.AbstractJavaProjectConfigurator - Adding resource folder /SpringBoot2RestPathVarExSecond/src/test/resources
2024-03-03 01:42:08,096 [Worker-2: Import Getting Started Content] INFO  o.e.m.c.i.p.ProjectConfigurationManager - Update completed for 1 poms: local refresh takes 0.00 sec, refresh facades takes 0.00 sec, update config takes 0.00 sec 
2024-03-03 01:42:08,690 [Worker-6: Building] INFO  o.a.m.s.f.DefaultMavenResourcesFiltering - Copying 1 resource from src/main/resources to target/classes
2024-03-03 01:42:08,714 [Worker-6: Building] INFO  o.a.m.s.f.DefaultMavenResourcesFiltering - Copying 0 resource from src/main/resources to target/classes
2024-03-03 01:42:08,721 [Worker-6: Building] INFO  o.a.m.s.f.DefaultMavenResourcesFiltering - skip non existing resourceDirectory /Users/aaravrubral/Documents/workspace/SpringBoot2RestPathVarExSecond/src/test/resources
2024-03-03 01:43:00,818 [Worker-9: Building] INFO  o.a.m.s.f.DefaultMavenResourcesFiltering - Copying 1 resource from src/main/resources to target/classes
2024-03-03 01:43:00,837 [Worker-9: Building] INFO  o.a.m.s.f.DefaultMavenResourcesFiltering - Copying 0 resource from src/main/resources to target/classes
2024-03-03 01:43:00,841 [Worker-9: Building] INFO  o.a.m.s.f.DefaultMavenResourcesFiltering - skip non existing resourceDirectory /Users/aaravrubral/Documents/workspace/SpringBoot2RestPathVarExSecond/src/test/resources
2024-03-03 01:50:18,327 [Worker-4: Launching SpringBoot2RestPathVarExSecond - SpringBoot2RestPathVarExSecondApplication] INFO  o.a.m.s.f.DefaultMavenResourcesFiltering - Copying 1 resource from src/main/resources to target/classes
2024-03-03 01:50:18,336 [Worker-4: Launching SpringBoot2RestPathVarExSecond - SpringBoot2RestPathVarExSecondApplication] INFO  o.a.m.s.f.DefaultMavenResourcesFiltering - Copying 0 resource from src/main/resources to target/classes
2024-03-03 01:50:18,342 [Worker-4: Launching SpringBoot2RestPathVarExSecond - SpringBoot2RestPathVarExSecondApplication] INFO  o.a.m.s.f.DefaultMavenResourcesFiltering - skip non existing resourceDirectory /Users/aaravrubral/Documents/workspace/SpringBoot2RestPathVarExSecond/src/test/resources
2024-03-03 01:52:23,434 [Worker-5: Building] INFO  o.a.m.s.f.DefaultMavenResourcesFiltering - Copying 1 resource from src/main/resources to target/classes
2024-03-03 01:52:23,439 [Worker-5: Building] INFO  o.a.m.s.f.DefaultMavenResourcesFiltering - Copying 0 resource from src/main/resources to target/classes
2024-03-03 01:52:23,445 [Worker-5: Building] INFO  o.a.m.s.f.DefaultMavenResourcesFiltering - skip non existing resourceDirectory /Users/aaravrubral/Documents/workspace/SpringBoot2RestPathVarExSecond/src/test/resources
2024-03-07 04:52:13,203 [Worker-1: Loading available Gradle versions] INFO  o.e.b.c.i.u.g.PublishedGradleVersions - Gradle version information cache is out-of-date. Trying to update.
2024-03-07 04:57:57,160 [Worker-7: Import Getting Started Content] INFO  o.e.m.c.i.l.LifecycleMappingFactory - Using org.eclipse.m2e.jdt.JarLifecycleMapping lifecycle mapping for MavenProject: in.aarav.rubral:SpringBoot2RestReturnTypeEx:1.0 @ /Users/aaravrubral/Documents/workspace/SpringBoot2RestReturnTypeEx/pom.xml.
2024-03-07 04:57:58,698 [Worker-7: Import Getting Started Content] INFO  o.e.m.c.i.e.AbstractTransferListenerAdapter - Downloading https://repo.maven.apache.org/maven2/com/h2database/h2/2.2.224/h2-2.2.224.pom
2024-03-07 04:57:58,728 [Worker-7: Import Getting Started Content] INFO  o.e.m.c.i.e.AbstractTransferListenerAdapter - Downloaded https://repo.maven.apache.org/maven2/com/h2database/h2/2.2.224/h2-2.2.224.pom
2024-03-07 04:57:59,314 [Worker-7: Import Getting Started Content] INFO  o.e.m.c.i.e.AbstractTransferListenerAdapter - Downloading https://repo.maven.apache.org/maven2/com/h2database/h2/2.2.224/h2-2.2.224.jar
2024-03-07 04:57:59,965 [Worker-7: Import Getting Started Content] INFO  o.e.m.c.i.e.AbstractTransferListenerAdapter - Downloaded https://repo.maven.apache.org/maven2/com/h2database/h2/2.2.224/h2-2.2.224.jar
2024-03-07 04:58:01,985 [Worker-7: Import Getting Started Content] INFO  o.e.m.j.i.AbstractJavaProjectConfigurator - Adding source folder /SpringBoot2RestReturnTypeEx/src/main/java
2024-03-07 04:58:01,985 [Worker-7: Import Getting Started Content] INFO  o.e.m.j.i.AbstractJavaProjectConfigurator - Adding resource folder /SpringBoot2RestReturnTypeEx/src/main/resources
2024-03-07 04:58:01,991 [Worker-7: Import Getting Started Content] INFO  o.e.m.j.i.AbstractJavaProjectConfigurator - Adding resource folder /SpringBoot2RestReturnTypeEx/src/main/resources
2024-03-07 04:58:02,005 [Worker-7: Import Getting Started Content] INFO  o.e.m.j.i.AbstractJavaProjectConfigurator - Adding source folder /SpringBoot2RestReturnTypeEx/src/test/java
2024-03-07 04:58:02,006 [Worker-7: Import Getting Started Content] INFO  o.e.m.j.i.AbstractJavaProjectConfigurator - Adding resource folder /SpringBoot2RestReturnTypeEx/src/test/resources
2024-03-07 04:58:02,455 [Worker-7: Import Getting Started Content] INFO  o.e.m.c.i.p.ProjectConfigurationManager - Imported and configured 1 project(s) in 9 sec
2024-03-07 04:58:02,462 [Worker-7: Import Getting Started Content] INFO  o.e.m.c.i.p.ProjectConfigurationManager - Update started
2024-03-07 04:58:02,488 [Worker-18: Download sources and javadoc] INFO  o.e.m.c.i.e.AbstractTransferListenerAdapter - Downloading https://repo.maven.apache.org/maven2/com/h2database/h2/2.2.224/h2-2.2.224-sources.jar
2024-03-07 04:58:02,851 [Worker-18: Download sources and javadoc] INFO  o.e.m.c.i.e.AbstractTransferListenerAdapter - Downloaded https://repo.maven.apache.org/maven2/com/h2database/h2/2.2.224/h2-2.2.224-sources.jar
2024-03-07 04:58:02,858 [Worker-18: Download sources and javadoc] INFO  o.e.m.j.internal.DownloadSourcesJob - Downloaded sources for com.h2database:h2:2.2.224
2024-03-07 04:58:03,190 [Worker-7: Import Getting Started Content] INFO  o.e.m.c.i.l.LifecycleMappingFactory - Using org.eclipse.m2e.jdt.JarLifecycleMapping lifecycle mapping for MavenProject: in.aarav.rubral:SpringBoot2RestReturnTypeEx:1.0 @ /Users/aaravrubral/Documents/workspace/SpringBoot2RestReturnTypeEx/pom.xml.
2024-03-07 04:58:04,452 [Worker-7: Import Getting Started Content] INFO  o.e.m.j.i.AbstractJavaProjectConfigurator - Adding source folder /SpringBoot2RestReturnTypeEx/src/main/java
2024-03-07 04:58:04,452 [Worker-7: Import Getting Started Content] INFO  o.e.m.j.i.AbstractJavaProjectConfigurator - Adding resource folder /SpringBoot2RestReturnTypeEx/src/main/resources
2024-03-07 04:58:04,453 [Worker-7: Import Getting Started Content] INFO  o.e.m.j.i.AbstractJavaProjectConfigurator - Adding resource folder /SpringBoot2RestReturnTypeEx/src/main/resources
2024-03-07 04:58:04,454 [Worker-7: Import Getting Started Content] INFO  o.e.m.j.i.AbstractJavaProjectConfigurator - Adding source folder /SpringBoot2RestReturnTypeEx/src/test/java
2024-03-07 04:58:04,455 [Worker-7: Import Getting Started Content] INFO  o.e.m.j.i.AbstractJavaProjectConfigurator - Adding resource folder /SpringBoot2RestReturnTypeEx/src/test/resources
2024-03-07 04:58:05,358 [Worker-7: Import Getting Started Content] INFO  o.e.m.c.i.p.ProjectConfigurationManager - Update completed for 1 poms: local refresh takes 0.00 sec, refresh facades takes 1.00 sec, update config takes 0.00 sec 
2024-03-07 04:58:06,978 [Worker-19: Building] INFO  o.a.m.s.f.DefaultMavenResourcesFiltering - Copying 1 resource from src/main/resources to target/classes
2024-03-07 04:58:07,030 [Worker-19: Building] INFO  o.a.m.s.f.DefaultMavenResourcesFiltering - Copying 0 resource from src/main/resources to target/classes
2024-03-07 04:58:07,056 [Worker-19: Building] INFO  o.a.m.s.f.DefaultMavenResourcesFiltering - skip non existing resourceDirectory /Users/aaravrubral/Documents/workspace/SpringBoot2RestReturnTypeEx/src/test/resources
2024-03-07 04:59:09,073 [Worker-21: Building] INFO  o.a.m.s.f.DefaultMavenResourcesFiltering - Copying 1 resource from src/main/resources to target/classes
2024-03-07 04:59:09,229 [Worker-21: Building] INFO  o.a.m.s.f.DefaultMavenResourcesFiltering - Copying 0 resource from src/main/resources to target/classes
2024-03-07 04:59:09,233 [Worker-21: Building] INFO  o.a.m.s.f.DefaultMavenResourcesFiltering - skip non existing resourceDirectory /Users/aaravrubral/Documents/workspace/SpringBoot2RestReturnTypeEx/src/test/resources
2024-03-07 05:05:26,182 [Worker-23: Building] INFO  o.a.m.s.f.DefaultMavenResourcesFiltering - Copying 1 resource from src/main/resources to target/classes
2024-03-07 05:05:26,187 [Worker-23: Building] INFO  o.a.m.s.f.DefaultMavenResourcesFiltering - Copying 0 resource from src/main/resources to target/classes
2024-03-07 05:05:26,193 [Worker-23: Building] INFO  o.a.m.s.f.DefaultMavenResourcesFiltering - skip non existing resourceDirectory /Users/aaravrubral/Documents/workspace/SpringBoot2RestReturnTypeEx/src/test/resources
2024-03-07 05:13:43,973 [Worker-26: Building] INFO  o.a.m.s.f.DefaultMavenResourcesFiltering - Copying 1 resource from src/main/resources to target/classes
2024-03-07 05:13:44,008 [Worker-26: Building] INFO  o.a.m.s.f.DefaultMavenResourcesFiltering - Copying 0 resource from src/main/resources to target/classes
2024-03-07 05:13:44,028 [Worker-26: Building] INFO  o.a.m.s.f.DefaultMavenResourcesFiltering - skip non existing resourceDirectory /Users/aaravrubral/Documents/workspace/SpringBoot2RestReturnTypeEx/src/test/resources
2024-03-07 05:16:46,264 [Worker-27: Building] INFO  o.a.m.s.f.DefaultMavenResourcesFiltering - Copying 1 resource from src/main/resources to target/classes
2024-03-07 05:16:46,273 [Worker-27: Building] INFO  o.a.m.s.f.DefaultMavenResourcesFiltering - Copying 0 resource from src/main/resources to target/classes
2024-03-07 05:16:46,283 [Worker-27: Building] INFO  o.a.m.s.f.DefaultMavenResourcesFiltering - skip non existing resourceDirectory /Users/aaravrubral/Documents/workspace/SpringBoot2RestReturnTypeEx/src/test/resources
2024-03-07 05:17:21,901 [Worker-30: Launching SpringBoot2RestReturnTypeEx - SpringBoot2RestReturnTypeExApplication] INFO  o.a.m.s.f.DefaultMavenResourcesFiltering - Copying 1 resource from src/main/resources to target/classes
2024-03-07 05:17:22,198 [Worker-30: Launching SpringBoot2RestReturnTypeEx - SpringBoot2RestReturnTypeExApplication] INFO  o.a.m.s.f.DefaultMavenResourcesFiltering - Copying 0 resource from src/main/resources to target/classes
2024-03-07 05:17:22,208 [Worker-30: Launching SpringBoot2RestReturnTypeEx - SpringBoot2RestReturnTypeExApplication] INFO  o.a.m.s.f.DefaultMavenResourcesFiltering - skip non existing resourceDirectory /Users/aaravrubral/Documents/workspace/SpringBoot2RestReturnTypeEx/src/test/resources
2024-03-07 05:25:05,992 [Worker-28: Building] INFO  o.a.m.s.f.DefaultMavenResourcesFiltering - Copying 1 resource from src/main/resources to target/classes
2024-03-07 05:25:06,057 [Worker-28: Building] INFO  o.a.m.s.f.DefaultMavenResourcesFiltering - Copying 0 resource from src/main/resources to target/classes
2024-03-07 05:25:06,066 [Worker-28: Building] INFO  o.a.m.s.f.DefaultMavenResourcesFiltering - skip non existing resourceDirectory /Users/aaravrubral/Documents/workspace/SpringBoot2RestReturnTypeEx/src/test/resources
2024-03-07 05:27:41,395 [Worker-38: Building] INFO  o.a.m.s.f.DefaultMavenResourcesFiltering - Copying 1 resource from src/main/resources to target/classes
2024-03-07 05:27:41,565 [Worker-38: Building] INFO  o.a.m.s.f.DefaultMavenResourcesFiltering - Copying 0 resource from src/main/resources to target/classes
2024-03-07 05:27:41,574 [Worker-38: Building] INFO  o.a.m.s.f.DefaultMavenResourcesFiltering - skip non existing resourceDirectory /Users/aaravrubral/Documents/workspace/SpringBoot2RestReturnTypeEx/src/test/resources
2024-03-07 05:27:53,374 [Worker-38: Building] INFO  o.a.m.s.f.DefaultMavenResourcesFiltering - Copying 1 resource from src/main/resources to target/classes
2024-03-07 05:27:53,382 [Worker-38: Building] INFO  o.a.m.s.f.DefaultMavenResourcesFiltering - Copying 0 resource from src/main/resources to target/classes
2024-03-07 05:27:53,405 [Worker-38: Building] INFO  o.a.m.s.f.DefaultMavenResourcesFiltering - skip non existing resourceDirectory /Users/aaravrubral/Documents/workspace/SpringBoot2RestReturnTypeEx/src/test/resources
2024-03-07 05:28:01,965 [Worker-35: Building] INFO  o.a.m.s.f.DefaultMavenResourcesFiltering - Copying 1 resource from src/main/resources to target/classes
2024-03-07 05:28:01,971 [Worker-35: Building] INFO  o.a.m.s.f.DefaultMavenResourcesFiltering - Copying 0 resource from src/main/resources to target/classes
2024-03-07 05:28:01,982 [Worker-35: Building] INFO  o.a.m.s.f.DefaultMavenResourcesFiltering - skip non existing resourceDirectory /Users/aaravrubral/Documents/workspace/SpringBoot2RestReturnTypeEx/src/test/resources
2024-03-07 05:31:14,065 [Worker-33: Building] INFO  o.a.m.s.f.DefaultMavenResourcesFiltering - Copying 1 resource from src/main/resources to target/classes
2024-03-07 05:31:14,077 [Worker-33: Building] INFO  o.a.m.s.f.DefaultMavenResourcesFiltering - Copying 0 resource from src/main/resources to target/classes
2024-03-07 05:31:14,083 [Worker-33: Building] INFO  o.a.m.s.f.DefaultMavenResourcesFiltering - skip non existing resourceDirectory /Users/aaravrubral/Documents/workspace/SpringBoot2RestReturnTypeEx/src/test/resources
2024-03-07 05:35:32,456 [Worker-28: Building] INFO  o.a.m.s.f.DefaultMavenResourcesFiltering - Copying 1 resource from src/main/resources to target/classes
2024-03-07 05:35:32,462 [Worker-28: Building] INFO  o.a.m.s.f.DefaultMavenResourcesFiltering - Copying 0 resource from src/main/resources to target/classes
2024-03-07 05:35:32,469 [Worker-28: Building] INFO  o.a.m.s.f.DefaultMavenResourcesFiltering - skip non existing resourceDirectory /Users/aaravrubral/Documents/workspace/SpringBoot2RestReturnTypeEx/src/test/resources
2024-03-07 05:35:47,829 [Worker-42: Building] INFO  o.a.m.s.f.DefaultMavenResourcesFiltering - Copying 1 resource from src/main/resources to target/classes
2024-03-07 05:35:47,835 [Worker-42: Building] INFO  o.a.m.s.f.DefaultMavenResourcesFiltering - Copying 0 resource from src/main/resources to target/classes
2024-03-07 05:35:47,841 [Worker-42: Building] INFO  o.a.m.s.f.DefaultMavenResourcesFiltering - skip non existing resourceDirectory /Users/aaravrubral/Documents/workspace/SpringBoot2RestReturnTypeEx/src/test/resources
2024-03-07 05:36:24,758 [Worker-42: Building] INFO  o.a.m.s.f.DefaultMavenResourcesFiltering - Copying 1 resource from src/main/resources to target/classes
2024-03-07 05:36:24,768 [Worker-42: Building] INFO  o.a.m.s.f.DefaultMavenResourcesFiltering - Copying 0 resource from src/main/resources to target/classes
2024-03-07 05:36:24,776 [Worker-42: Building] INFO  o.a.m.s.f.DefaultMavenResourcesFiltering - skip non existing resourceDirectory /Users/aaravrubral/Documents/workspace/SpringBoot2RestReturnTypeEx/src/test/resources
2024-03-07 06:09:52,133 [Worker-45: Import Getting Started Content] INFO  o.e.m.c.i.l.LifecycleMappingFactory - Using org.eclipse.m2e.jdt.JarLifecycleMapping lifecycle mapping for MavenProject: in.aarav.rubral:SpringBoot2RestH2DBCURDEx:1.0 @ /Users/aaravrubral/Documents/workspace/SpringBoot2RestH2DBCURDEx/pom.xml.
2024-03-07 06:09:52,675 [Worker-45: Import Getting Started Content] INFO  o.e.m.j.i.AbstractJavaProjectConfigurator - Adding source folder /SpringBoot2RestH2DBCURDEx/src/main/java
2024-03-07 06:09:52,675 [Worker-45: Import Getting Started Content] INFO  o.e.m.j.i.AbstractJavaProjectConfigurator - Adding resource folder /SpringBoot2RestH2DBCURDEx/src/main/resources
2024-03-07 06:09:52,680 [Worker-45: Import Getting Started Content] INFO  o.e.m.j.i.AbstractJavaProjectConfigurator - Adding resource folder /SpringBoot2RestH2DBCURDEx/src/main/resources
2024-03-07 06:09:52,684 [Worker-45: Import Getting Started Content] INFO  o.e.m.j.i.AbstractJavaProjectConfigurator - Adding source folder /SpringBoot2RestH2DBCURDEx/src/test/java
2024-03-07 06:09:52,684 [Worker-45: Import Getting Started Content] INFO  o.e.m.j.i.AbstractJavaProjectConfigurator - Adding resource folder /SpringBoot2RestH2DBCURDEx/src/test/resources
2024-03-07 06:09:52,946 [Worker-45: Import Getting Started Content] INFO  o.e.m.c.i.p.ProjectConfigurationManager - Imported and configured 1 project(s) in 1 sec
2024-03-07 06:09:52,949 [Worker-45: Import Getting Started Content] INFO  o.e.m.c.i.p.ProjectConfigurationManager - Update started
2024-03-07 06:09:53,432 [Worker-45: Import Getting Started Content] INFO  o.e.m.c.i.l.LifecycleMappingFactory - Using org.eclipse.m2e.jdt.JarLifecycleMapping lifecycle mapping for MavenProject: in.aarav.rubral:SpringBoot2RestH2DBCURDEx:1.0 @ /Users/aaravrubral/Documents/workspace/SpringBoot2RestH2DBCURDEx/pom.xml.
2024-03-07 06:09:53,667 [Worker-45: Import Getting Started Content] INFO  o.e.m.j.i.AbstractJavaProjectConfigurator - Adding source folder /SpringBoot2RestH2DBCURDEx/src/main/java
2024-03-07 06:09:53,667 [Worker-45: Import Getting Started Content] INFO  o.e.m.j.i.AbstractJavaProjectConfigurator - Adding resource folder /SpringBoot2RestH2DBCURDEx/src/main/resources
2024-03-07 06:09:53,668 [Worker-45: Import Getting Started Content] INFO  o.e.m.j.i.AbstractJavaProjectConfigurator - Adding resource folder /SpringBoot2RestH2DBCURDEx/src/main/resources
2024-03-07 06:09:53,668 [Worker-45: Import Getting Started Content] INFO  o.e.m.j.i.AbstractJavaProjectConfigurator - Adding source folder /SpringBoot2RestH2DBCURDEx/src/test/java
2024-03-07 06:09:53,668 [Worker-45: Import Getting Started Content] INFO  o.e.m.j.i.AbstractJavaProjectConfigurator - Adding resource folder /SpringBoot2RestH2DBCURDEx/src/test/resources
2024-03-07 06:09:53,984 [Worker-45: Import Getting Started Content] INFO  o.e.m.c.i.p.ProjectConfigurationManager - Update completed for 1 poms: local refresh takes 0.00 sec, refresh facades takes 0.00 sec, update config takes 0.00 sec 
2024-03-07 06:09:54,331 [Worker-42: Building] INFO  o.a.m.s.f.DefaultMavenResourcesFiltering - Copying 1 resource from src/main/resources to target/classes
2024-03-07 06:09:54,353 [Worker-42: Building] INFO  o.a.m.s.f.DefaultMavenResourcesFiltering - Copying 0 resource from src/main/resources to target/classes
2024-03-07 06:09:54,357 [Worker-42: Building] INFO  o.a.m.s.f.DefaultMavenResourcesFiltering - skip non existing resourceDirectory /Users/aaravrubral/Documents/workspace/SpringBoot2RestH2DBCURDEx/src/test/resources
2024-03-07 06:15:03,229 [Worker-52: Building] INFO  o.a.m.s.f.DefaultMavenResourcesFiltering - Copying 1 resource from src/main/resources to target/classes
2024-03-07 06:15:03,245 [Worker-52: Building] INFO  o.a.m.s.f.DefaultMavenResourcesFiltering - Copying 0 resource from src/main/resources to target/classes
2024-03-07 06:15:03,249 [Worker-52: Building] INFO  o.a.m.s.f.DefaultMavenResourcesFiltering - skip non existing resourceDirectory /Users/aaravrubral/Documents/workspace/SpringBoot2RestH2DBCURDEx/src/test/resources
2024-03-07 06:20:30,591 [Worker-48: Updating Maven Project] INFO  o.e.m.c.i.p.ProjectConfigurationManager - Update started
2024-03-07 06:20:31,107 [Worker-48: Updating Maven Project] INFO  o.e.m.c.i.l.LifecycleMappingFactory - Using org.eclipse.m2e.jdt.JarLifecycleMapping lifecycle mapping for MavenProject: in.aarav.rubral:SpringBoot2RestH2DBCURDEx:1.0 @ /Users/aaravrubral/Documents/workspace/SpringBoot2RestH2DBCURDEx/pom.xml.
2024-03-07 06:20:31,687 [Worker-48: Updating Maven Project] INFO  o.e.m.j.i.AbstractJavaProjectConfigurator - Adding source folder /SpringBoot2RestH2DBCURDEx/src/main/java
2024-03-07 06:20:31,688 [Worker-48: Updating Maven Project] INFO  o.e.m.j.i.AbstractJavaProjectConfigurator - Adding resource folder /SpringBoot2RestH2DBCURDEx/src/main/resources
2024-03-07 06:20:31,688 [Worker-48: Updating Maven Project] INFO  o.e.m.j.i.AbstractJavaProjectConfigurator - Adding resource folder /SpringBoot2RestH2DBCURDEx/src/main/resources
2024-03-07 06:20:31,689 [Worker-48: Updating Maven Project] INFO  o.e.m.j.i.AbstractJavaProjectConfigurator - Adding source folder /SpringBoot2RestH2DBCURDEx/src/test/java
2024-03-07 06:20:31,691 [Worker-48: Updating Maven Project] INFO  o.e.m.j.i.AbstractJavaProjectConfigurator - Adding resource folder /SpringBoot2RestH2DBCURDEx/src/test/resources
2024-03-07 06:20:32,230 [Worker-48: Updating Maven Project] INFO  o.e.m.c.i.p.ProjectConfigurationManager - Update completed for 1 poms: local refresh takes 0.00 sec, refresh facades takes 1.00 sec, update config takes 0.00 sec 
2024-03-07 06:20:33,319 [Worker-53: Building] INFO  o.a.m.s.f.DefaultMavenResourcesFiltering - Copying 1 resource from src/main/resources to target/classes
2024-03-07 06:20:33,388 [Worker-53: Building] INFO  o.a.m.s.f.DefaultMavenResourcesFiltering - Copying 0 resource from src/main/resources to target/classes
2024-03-07 06:20:33,413 [Worker-53: Building] INFO  o.a.m.s.f.DefaultMavenResourcesFiltering - skip non existing resourceDirectory /Users/aaravrubral/Documents/workspace/SpringBoot2RestH2DBCURDEx/src/test/resources
2024-03-07 06:22:26,545 [Worker-52: Updating Maven Project] INFO  o.e.m.c.i.p.ProjectConfigurationManager - Update started
2024-03-07 06:22:27,427 [Worker-52: Updating Maven Project] INFO  o.e.m.c.i.l.LifecycleMappingFactory - Using org.eclipse.m2e.jdt.JarLifecycleMapping lifecycle mapping for MavenProject: in.aarav.rubral:SpringBoot2RestH2DBCURDEx:1.0 @ /Users/aaravrubral/Documents/workspace/SpringBoot2RestH2DBCURDEx/pom.xml.
2024-03-07 06:22:28,084 [Worker-52: Updating Maven Project] INFO  o.e.m.j.i.AbstractJavaProjectConfigurator - Adding source folder /SpringBoot2RestH2DBCURDEx/src/main/java
2024-03-07 06:22:28,085 [Worker-52: Updating Maven Project] INFO  o.e.m.j.i.AbstractJavaProjectConfigurator - Adding resource folder /SpringBoot2RestH2DBCURDEx/src/main/resources
2024-03-07 06:22:28,085 [Worker-52: Updating Maven Project] INFO  o.e.m.j.i.AbstractJavaProjectConfigurator - Adding resource folder /SpringBoot2RestH2DBCURDEx/src/main/resources
2024-03-07 06:22:28,085 [Worker-52: Updating Maven Project] INFO  o.e.m.j.i.AbstractJavaProjectConfigurator - Adding source folder /SpringBoot2RestH2DBCURDEx/src/test/java
2024-03-07 06:22:28,086 [Worker-52: Updating Maven Project] INFO  o.e.m.j.i.AbstractJavaProjectConfigurator - Adding resource folder /SpringBoot2RestH2DBCURDEx/src/test/resources
2024-03-07 06:22:29,611 [Worker-52: Updating Maven Project] INFO  o.e.m.c.i.p.ProjectConfigurationManager - Update completed for 1 poms: local refresh takes 0.00 sec, refresh facades takes 1.00 sec, update config takes 1.00 sec 
2024-03-07 06:22:30,686 [Worker-50: Building] INFO  o.a.m.s.f.DefaultMavenResourcesFiltering - Copying 1 resource from src/main/resources to target/classes
2024-03-07 06:22:30,782 [Worker-50: Building] INFO  o.a.m.s.f.DefaultMavenResourcesFiltering - Copying 0 resource from src/main/resources to target/classes
2024-03-07 06:22:30,793 [Worker-50: Building] INFO  o.a.m.s.f.DefaultMavenResourcesFiltering - skip non existing resourceDirectory /Users/aaravrubral/Documents/workspace/SpringBoot2RestH2DBCURDEx/src/test/resources
2024-03-07 06:26:21,047 [Worker-53: Launching Executing clean in _Users_aaravrubral_Documents_workspace_SpringBoot2RestH2DBCURDEx] INFO  o.eclipse.m2e.core.internal.Bundles - getClasspathEntries(Bundle=org.eclipse.m2e.maven.runtime_3.9.500.20231113-2345 [338])
2024-03-07 06:26:21,051 [Worker-53: Launching Executing clean in _Users_aaravrubral_Documents_workspace_SpringBoot2RestH2DBCURDEx] INFO  o.eclipse.m2e.core.internal.Bundles - 	Entry: /Applications/SpringToolSuite4.app/Contents/Eclipse/plugins/org.eclipse.m2e.maven.runtime_3.9.500.20231113-2345
2024-03-07 06:26:21,052 [Worker-53: Launching Executing clean in _Users_aaravrubral_Documents_workspace_SpringBoot2RestH2DBCURDEx] INFO  o.eclipse.m2e.core.internal.Bundles - 	Entry: /Applications/SpringToolSuite4.app/Contents/Eclipse/plugins/org.eclipse.m2e.maven.runtime_3.9.500.20231113-2345/jars/aopalliance-1.0.jar
2024-03-07 06:26:21,052 [Worker-53: Launching Executing clean in _Users_aaravrubral_Documents_workspace_SpringBoot2RestH2DBCURDEx] INFO  o.eclipse.m2e.core.internal.Bundles - 	Entry: /Applications/SpringToolSuite4.app/Contents/Eclipse/plugins/org.eclipse.m2e.maven.runtime_3.9.500.20231113-2345/jars/guice-5.1.0.jar
2024-03-07 06:26:21,052 [Worker-53: Launching Executing clean in _Users_aaravrubral_Documents_workspace_SpringBoot2RestH2DBCURDEx] INFO  o.eclipse.m2e.core.internal.Bundles - 	Entry: /Applications/SpringToolSuite4.app/Contents/Eclipse/plugins/org.eclipse.m2e.maven.runtime_3.9.500.20231113-2345/jars/httpclient-4.5.14.jar
2024-03-07 06:26:21,052 [Worker-53: Launching Executing clean in _Users_aaravrubral_Documents_workspace_SpringBoot2RestH2DBCURDEx] INFO  o.eclipse.m2e.core.internal.Bundles - 	Entry: /Applications/SpringToolSuite4.app/Contents/Eclipse/plugins/org.eclipse.m2e.maven.runtime_3.9.500.20231113-2345/jars/httpcore-4.4.16.jar
2024-03-07 06:26:21,052 [Worker-53: Launching Executing clean in _Users_aaravrubral_Documents_workspace_SpringBoot2RestH2DBCURDEx] INFO  o.eclipse.m2e.core.internal.Bundles - 	Entry: /Applications/SpringToolSuite4.app/Contents/Eclipse/plugins/org.eclipse.m2e.maven.runtime_3.9.500.20231113-2345/jars/jansi-2.4.0.jar
2024-03-07 06:26:21,052 [Worker-53: Launching Executing clean in _Users_aaravrubral_Documents_workspace_SpringBoot2RestH2DBCURDEx] INFO  o.eclipse.m2e.core.internal.Bundles - 	Entry: /Applications/SpringToolSuite4.app/Contents/Eclipse/plugins/org.eclipse.m2e.maven.runtime_3.9.500.20231113-2345/jars/jcl-over-slf4j-1.7.36.jar
2024-03-07 06:26:21,052 [Worker-53: Launching Executing clean in _Users_aaravrubral_Documents_workspace_SpringBoot2RestH2DBCURDEx] INFO  o.eclipse.m2e.core.internal.Bundles - 	Entry: /Applications/SpringToolSuite4.app/Contents/Eclipse/plugins/org.eclipse.m2e.maven.runtime_3.9.500.20231113-2345/jars/maven-artifact-3.9.5.jar
2024-03-07 06:26:21,052 [Worker-53: Launching Executing clean in _Users_aaravrubral_Documents_workspace_SpringBoot2RestH2DBCURDEx] INFO  o.eclipse.m2e.core.internal.Bundles - 	Entry: /Applications/SpringToolSuite4.app/Contents/Eclipse/plugins/org.eclipse.m2e.maven.runtime_3.9.500.20231113-2345/jars/maven-builder-support-3.9.5.jar
2024-03-07 06:26:21,053 [Worker-53: Launching Executing clean in _Users_aaravrubral_Documents_workspace_SpringBoot2RestH2DBCURDEx] INFO  o.eclipse.m2e.core.internal.Bundles - 	Entry: /Applications/SpringToolSuite4.app/Contents/Eclipse/plugins/org.eclipse.m2e.maven.runtime_3.9.500.20231113-2345/jars/maven-compat-3.9.5.jar
2024-03-07 06:26:21,053 [Worker-53: Launching Executing clean in _Users_aaravrubral_Documents_workspace_SpringBoot2RestH2DBCURDEx] INFO  o.eclipse.m2e.core.internal.Bundles - 	Entry: /Applications/SpringToolSuite4.app/Contents/Eclipse/plugins/org.eclipse.m2e.maven.runtime_3.9.500.20231113-2345/jars/maven-core-3.9.5.jar
2024-03-07 06:26:21,053 [Worker-53: Launching Executing clean in _Users_aaravrubral_Documents_workspace_SpringBoot2RestH2DBCURDEx] INFO  o.eclipse.m2e.core.internal.Bundles - 	Entry: /Applications/SpringToolSuite4.app/Contents/Eclipse/plugins/org.eclipse.m2e.maven.runtime_3.9.500.20231113-2345/jars/maven-embedder-3.9.5.jar
2024-03-07 06:26:21,053 [Worker-53: Launching Executing clean in _Users_aaravrubral_Documents_workspace_SpringBoot2RestH2DBCURDEx] INFO  o.eclipse.m2e.core.internal.Bundles - 	Entry: /Applications/SpringToolSuite4.app/Contents/Eclipse/plugins/org.eclipse.m2e.maven.runtime_3.9.500.20231113-2345/jars/maven-model-3.9.5.jar
2024-03-07 06:26:21,053 [Worker-53: Launching Executing clean in _Users_aaravrubral_Documents_workspace_SpringBoot2RestH2DBCURDEx] INFO  o.eclipse.m2e.core.internal.Bundles - 	Entry: /Applications/SpringToolSuite4.app/Contents/Eclipse/plugins/org.eclipse.m2e.maven.runtime_3.9.500.20231113-2345/jars/maven-model-builder-3.9.5.jar
2024-03-07 06:26:21,053 [Worker-53: Launching Executing clean in _Users_aaravrubral_Documents_workspace_SpringBoot2RestH2DBCURDEx] INFO  o.eclipse.m2e.core.internal.Bundles - 	Entry: /Applications/SpringToolSuite4.app/Contents/Eclipse/plugins/org.eclipse.m2e.maven.runtime_3.9.500.20231113-2345/jars/maven-plugin-api-3.9.5.jar
2024-03-07 06:26:21,053 [Worker-53: Launching Executing clean in _Users_aaravrubral_Documents_workspace_SpringBoot2RestH2DBCURDEx] INFO  o.eclipse.m2e.core.internal.Bundles - 	Entry: /Applications/SpringToolSuite4.app/Contents/Eclipse/plugins/org.eclipse.m2e.maven.runtime_3.9.500.20231113-2345/jars/maven-repository-metadata-3.9.5.jar
2024-03-07 06:26:21,053 [Worker-53: Launching Executing clean in _Users_aaravrubral_Documents_workspace_SpringBoot2RestH2DBCURDEx] INFO  o.eclipse.m2e.core.internal.Bundles - 	Entry: /Applications/SpringToolSuite4.app/Contents/Eclipse/plugins/org.eclipse.m2e.maven.runtime_3.9.500.20231113-2345/jars/maven-resolver-api-1.9.16.jar
2024-03-07 06:26:21,053 [Worker-53: Launching Executing clean in _Users_aaravrubral_Documents_workspace_SpringBoot2RestH2DBCURDEx] INFO  o.eclipse.m2e.core.internal.Bundles - 	Entry: /Applications/SpringToolSuite4.app/Contents/Eclipse/plugins/org.eclipse.m2e.maven.runtime_3.9.500.20231113-2345/jars/maven-resolver-connector-basic-1.9.16.jar
2024-03-07 06:26:21,053 [Worker-53: Launching Executing clean in _Users_aaravrubral_Documents_workspace_SpringBoot2RestH2DBCURDEx] INFO  o.eclipse.m2e.core.internal.Bundles - 	Entry: /Applications/SpringToolSuite4.app/Contents/Eclipse/plugins/org.eclipse.m2e.maven.runtime_3.9.500.20231113-2345/jars/maven-resolver-impl-1.9.16.jar
2024-03-07 06:26:21,054 [Worker-53: Launching Executing clean in _Users_aaravrubral_Documents_workspace_SpringBoot2RestH2DBCURDEx] INFO  o.eclipse.m2e.core.internal.Bundles - 	Entry: /Applications/SpringToolSuite4.app/Contents/Eclipse/plugins/org.eclipse.m2e.maven.runtime_3.9.500.20231113-2345/jars/maven-resolver-named-locks-1.9.16.jar
2024-03-07 06:26:21,054 [Worker-53: Launching Executing clean in _Users_aaravrubral_Documents_workspace_SpringBoot2RestH2DBCURDEx] INFO  o.eclipse.m2e.core.internal.Bundles - 	Entry: /Applications/SpringToolSuite4.app/Contents/Eclipse/plugins/org.eclipse.m2e.maven.runtime_3.9.500.20231113-2345/jars/maven-resolver-provider-3.9.5.jar
2024-03-07 06:26:21,054 [Worker-53: Launching Executing clean in _Users_aaravrubral_Documents_workspace_SpringBoot2RestH2DBCURDEx] INFO  o.eclipse.m2e.core.internal.Bundles - 	Entry: /Applications/SpringToolSuite4.app/Contents/Eclipse/plugins/org.eclipse.m2e.maven.runtime_3.9.500.20231113-2345/jars/maven-resolver-spi-1.9.16.jar
2024-03-07 06:26:21,054 [Worker-53: Launching Executing clean in _Users_aaravrubral_Documents_workspace_SpringBoot2RestH2DBCURDEx] INFO  o.eclipse.m2e.core.internal.Bundles - 	Entry: /Applications/SpringToolSuite4.app/Contents/Eclipse/plugins/org.eclipse.m2e.maven.runtime_3.9.500.20231113-2345/jars/maven-resolver-transport-file-1.9.16.jar
2024-03-07 06:26:21,054 [Worker-53: Launching Executing clean in _Users_aaravrubral_Documents_workspace_SpringBoot2RestH2DBCURDEx] INFO  o.eclipse.m2e.core.internal.Bundles - 	Entry: /Applications/SpringToolSuite4.app/Contents/Eclipse/plugins/org.eclipse.m2e.maven.runtime_3.9.500.20231113-2345/jars/maven-resolver-transport-http-1.9.16.jar
2024-03-07 06:26:21,054 [Worker-53: Launching Executing clean in _Users_aaravrubral_Documents_workspace_SpringBoot2RestH2DBCURDEx] INFO  o.eclipse.m2e.core.internal.Bundles - 	Entry: /Applications/SpringToolSuite4.app/Contents/Eclipse/plugins/org.eclipse.m2e.maven.runtime_3.9.500.20231113-2345/jars/maven-resolver-transport-wagon-1.9.16.jar
2024-03-07 06:26:21,054 [Worker-53: Launching Executing clean in _Users_aaravrubral_Documents_workspace_SpringBoot2RestH2DBCURDEx] INFO  o.eclipse.m2e.core.internal.Bundles - 	Entry: /Applications/SpringToolSuite4.app/Contents/Eclipse/plugins/org.eclipse.m2e.maven.runtime_3.9.500.20231113-2345/jars/maven-resolver-util-1.9.16.jar
2024-03-07 06:26:21,054 [Worker-53: Launching Executing clean in _Users_aaravrubral_Documents_workspace_SpringBoot2RestH2DBCURDEx] INFO  o.eclipse.m2e.core.internal.Bundles - 	Entry: /Applications/SpringToolSuite4.app/Contents/Eclipse/plugins/org.eclipse.m2e.maven.runtime_3.9.500.20231113-2345/jars/maven-settings-3.9.5.jar
2024-03-07 06:26:21,054 [Worker-53: Launching Executing clean in _Users_aaravrubral_Documents_workspace_SpringBoot2RestH2DBCURDEx] INFO  o.eclipse.m2e.core.internal.Bundles - 	Entry: /Applications/SpringToolSuite4.app/Contents/Eclipse/plugins/org.eclipse.m2e.maven.runtime_3.9.500.20231113-2345/jars/maven-settings-builder-3.9.5.jar
2024-03-07 06:26:21,054 [Worker-53: Launching Executing clean in _Users_aaravrubral_Documents_workspace_SpringBoot2RestH2DBCURDEx] INFO  o.eclipse.m2e.core.internal.Bundles - 	Entry: /Applications/SpringToolSuite4.app/Contents/Eclipse/plugins/org.eclipse.m2e.maven.runtime_3.9.500.20231113-2345/jars/maven-shared-utils-3.3.4.jar
2024-03-07 06:26:21,054 [Worker-53: Launching Executing clean in _Users_aaravrubral_Documents_workspace_SpringBoot2RestH2DBCURDEx] INFO  o.eclipse.m2e.core.internal.Bundles - 	Entry: /Applications/SpringToolSuite4.app/Contents/Eclipse/plugins/org.eclipse.m2e.maven.runtime_3.9.500.20231113-2345/jars/org.eclipse.sisu.inject-0.3.5.jar
2024-03-07 06:26:21,055 [Worker-53: Launching Executing clean in _Users_aaravrubral_Documents_workspace_SpringBoot2RestH2DBCURDEx] INFO  o.eclipse.m2e.core.internal.Bundles - 	Entry: /Applications/SpringToolSuite4.app/Contents/Eclipse/plugins/org.eclipse.m2e.maven.runtime_3.9.500.20231113-2345/jars/org.eclipse.sisu.plexus-0.3.5.jar
2024-03-07 06:26:21,055 [Worker-53: Launching Executing clean in _Users_aaravrubral_Documents_workspace_SpringBoot2RestH2DBCURDEx] INFO  o.eclipse.m2e.core.internal.Bundles - 	Entry: /Applications/SpringToolSuite4.app/Contents/Eclipse/plugins/org.eclipse.m2e.maven.runtime_3.9.500.20231113-2345/jars/plexus-build-api-0.0.7.jar
2024-03-07 06:26:21,055 [Worker-53: Launching Executing clean in _Users_aaravrubral_Documents_workspace_SpringBoot2RestH2DBCURDEx] INFO  o.eclipse.m2e.core.internal.Bundles - 	Entry: /Applications/SpringToolSuite4.app/Contents/Eclipse/plugins/org.eclipse.m2e.maven.runtime_3.9.500.20231113-2345/jars/plexus-cipher-2.0.jar
2024-03-07 06:26:21,055 [Worker-53: Launching Executing clean in _Users_aaravrubral_Documents_workspace_SpringBoot2RestH2DBCURDEx] INFO  o.eclipse.m2e.core.internal.Bundles - 	Entry: /Applications/SpringToolSuite4.app/Contents/Eclipse/plugins/org.eclipse.m2e.maven.runtime_3.9.500.20231113-2345/jars/plexus-classworlds-2.7.0.jar
2024-03-07 06:26:21,055 [Worker-53: Launching Executing clean in _Users_aaravrubral_Documents_workspace_SpringBoot2RestH2DBCURDEx] INFO  o.eclipse.m2e.core.internal.Bundles - 	Entry: /Applications/SpringToolSuite4.app/Contents/Eclipse/plugins/org.eclipse.m2e.maven.runtime_3.9.500.20231113-2345/jars/plexus-component-annotations-2.1.0.jar
2024-03-07 06:26:21,055 [Worker-53: Launching Executing clean in _Users_aaravrubral_Documents_workspace_SpringBoot2RestH2DBCURDEx] INFO  o.eclipse.m2e.core.internal.Bundles - 	Entry: /Applications/SpringToolSuite4.app/Contents/Eclipse/plugins/org.eclipse.m2e.maven.runtime_3.9.500.20231113-2345/jars/plexus-interpolation-1.26.jar
2024-03-07 06:26:21,055 [Worker-53: Launching Executing clean in _Users_aaravrubral_Documents_workspace_SpringBoot2RestH2DBCURDEx] INFO  o.eclipse.m2e.core.internal.Bundles - 	Entry: /Applications/SpringToolSuite4.app/Contents/Eclipse/plugins/org.eclipse.m2e.maven.runtime_3.9.500.20231113-2345/jars/plexus-sec-dispatcher-2.0.jar
2024-03-07 06:26:21,055 [Worker-53: Launching Executing clean in _Users_aaravrubral_Documents_workspace_SpringBoot2RestH2DBCURDEx] INFO  o.eclipse.m2e.core.internal.Bundles - 	Entry: /Applications/SpringToolSuite4.app/Contents/Eclipse/plugins/org.eclipse.m2e.maven.runtime_3.9.500.20231113-2345/jars/plexus-utils-3.5.1.jar
2024-03-07 06:26:21,055 [Worker-53: Launching Executing clean in _Users_aaravrubral_Documents_workspace_SpringBoot2RestH2DBCURDEx] INFO  o.eclipse.m2e.core.internal.Bundles - 	Entry: /Applications/SpringToolSuite4.app/Contents/Eclipse/plugins/org.eclipse.m2e.maven.runtime_3.9.500.20231113-2345/jars/wagon-file-3.5.3.jar
2024-03-07 06:26:21,055 [Worker-53: Launching Executing clean in _Users_aaravrubral_Documents_workspace_SpringBoot2RestH2DBCURDEx] INFO  o.eclipse.m2e.core.internal.Bundles - 	Entry: /Applications/SpringToolSuite4.app/Contents/Eclipse/plugins/org.eclipse.m2e.maven.runtime_3.9.500.20231113-2345/jars/wagon-http-3.5.3.jar
2024-03-07 06:26:21,055 [Worker-53: Launching Executing clean in _Users_aaravrubral_Documents_workspace_SpringBoot2RestH2DBCURDEx] INFO  o.eclipse.m2e.core.internal.Bundles - 	Entry: /Applications/SpringToolSuite4.app/Contents/Eclipse/plugins/org.eclipse.m2e.maven.runtime_3.9.500.20231113-2345/jars/wagon-http-shared-3.5.3.jar
2024-03-07 06:26:21,055 [Worker-53: Launching Executing clean in _Users_aaravrubral_Documents_workspace_SpringBoot2RestH2DBCURDEx] INFO  o.eclipse.m2e.core.internal.Bundles - 	Entry: /Applications/SpringToolSuite4.app/Contents/Eclipse/plugins/org.eclipse.m2e.maven.runtime_3.9.500.20231113-2345/jars/wagon-provider-api-3.5.3.jar
2024-03-07 06:26:21,056 [Worker-53: Launching Executing clean in _Users_aaravrubral_Documents_workspace_SpringBoot2RestH2DBCURDEx] INFO  o.eclipse.m2e.core.internal.Bundles - getClasspathEntries(Bundle=com.google.guava_33.0.0.jre [25])
2024-03-07 06:26:21,057 [Worker-53: Launching Executing clean in _Users_aaravrubral_Documents_workspace_SpringBoot2RestH2DBCURDEx] INFO  o.eclipse.m2e.core.internal.Bundles - 	Entry: /Applications/SpringToolSuite4.app/Contents/Eclipse/plugins/com.google.guava_33.0.0.jre.jar
2024-03-07 06:26:21,057 [Worker-53: Launching Executing clean in _Users_aaravrubral_Documents_workspace_SpringBoot2RestH2DBCURDEx] INFO  o.eclipse.m2e.core.internal.Bundles - getClasspathEntries(Bundle=slf4j.api_2.0.9 [565])
2024-03-07 06:26:21,057 [Worker-53: Launching Executing clean in _Users_aaravrubral_Documents_workspace_SpringBoot2RestH2DBCURDEx] INFO  o.eclipse.m2e.core.internal.Bundles - 	Entry: /Applications/SpringToolSuite4.app/Contents/Eclipse/plugins/slf4j.api_2.0.9.jar
2024-03-07 06:26:21,057 [Worker-53: Launching Executing clean in _Users_aaravrubral_Documents_workspace_SpringBoot2RestH2DBCURDEx] INFO  o.eclipse.m2e.core.internal.Bundles - getClasspathEntries(Bundle=jakarta.inject.jakarta.inject-api_1.0.5 [41])
2024-03-07 06:26:21,057 [Worker-53: Launching Executing clean in _Users_aaravrubral_Documents_workspace_SpringBoot2RestH2DBCURDEx] INFO  o.eclipse.m2e.core.internal.Bundles - 	Entry: /Applications/SpringToolSuite4.app/Contents/Eclipse/plugins/jakarta.inject.jakarta.inject-api_1.0.5.jar
2024-03-07 06:26:21,057 [Worker-53: Launching Executing clean in _Users_aaravrubral_Documents_workspace_SpringBoot2RestH2DBCURDEx] INFO  o.eclipse.m2e.core.internal.Bundles - getClasspathEntries(Bundle=jakarta.annotation-api_1.3.5 [37])
2024-03-07 06:26:21,057 [Worker-53: Launching Executing clean in _Users_aaravrubral_Documents_workspace_SpringBoot2RestH2DBCURDEx] INFO  o.eclipse.m2e.core.internal.Bundles - 	Entry: /Applications/SpringToolSuite4.app/Contents/Eclipse/plugins/jakarta.annotation-api_1.3.5.jar
2024-03-07 06:26:21,057 [Worker-53: Launching Executing clean in _Users_aaravrubral_Documents_workspace_SpringBoot2RestH2DBCURDEx] INFO  o.eclipse.m2e.core.internal.Bundles - getClasspathEntries(Bundle=org.apache.commons.cli_1.6.0 [71])
2024-03-07 06:26:21,058 [Worker-53: Launching Executing clean in _Users_aaravrubral_Documents_workspace_SpringBoot2RestH2DBCURDEx] INFO  o.eclipse.m2e.core.internal.Bundles - 	Entry: /Applications/SpringToolSuite4.app/Contents/Eclipse/plugins/org.apache.commons.cli_1.6.0.jar
2024-03-07 06:26:21,058 [Worker-53: Launching Executing clean in _Users_aaravrubral_Documents_workspace_SpringBoot2RestH2DBCURDEx] INFO  o.eclipse.m2e.core.internal.Bundles - getClasspathEntries(Bundle=org.apache.commons.commons-codec_1.16.0 [73])
2024-03-07 06:26:21,058 [Worker-53: Launching Executing clean in _Users_aaravrubral_Documents_workspace_SpringBoot2RestH2DBCURDEx] INFO  o.eclipse.m2e.core.internal.Bundles - 	Entry: /Applications/SpringToolSuite4.app/Contents/Eclipse/plugins/org.apache.commons.commons-codec_1.16.0.jar
2024-03-07 06:26:21,058 [Worker-53: Launching Executing clean in _Users_aaravrubral_Documents_workspace_SpringBoot2RestH2DBCURDEx] INFO  o.eclipse.m2e.core.internal.Bundles - getClasspathEntries(Bundle=org.apache.commons.lang3_3.13.0 [77])
2024-03-07 06:26:21,058 [Worker-53: Launching Executing clean in _Users_aaravrubral_Documents_workspace_SpringBoot2RestH2DBCURDEx] INFO  o.eclipse.m2e.core.internal.Bundles - 	Entry: /Applications/SpringToolSuite4.app/Contents/Eclipse/plugins/org.apache.commons.lang3_3.13.0.jar
2024-03-07 06:26:21,058 [Worker-53: Launching Executing clean in _Users_aaravrubral_Documents_workspace_SpringBoot2RestH2DBCURDEx] INFO  o.eclipse.m2e.core.internal.Bundles - getClasspathEntries(Bundle=com.google.guava.failureaccess_1.0.2 [27])
2024-03-07 06:26:21,058 [Worker-53: Launching Executing clean in _Users_aaravrubral_Documents_workspace_SpringBoot2RestH2DBCURDEx] INFO  o.eclipse.m2e.core.internal.Bundles - 	Entry: /Applications/SpringToolSuite4.app/Contents/Eclipse/plugins/com.google.guava.failureaccess_1.0.2.jar
2024-03-07 06:26:21,064 [Worker-53: Launching Executing clean in _Users_aaravrubral_Documents_workspace_SpringBoot2RestH2DBCURDEx] INFO  o.e.m.i.launch.MavenLaunchDelegate - Run build in "/Users/aaravrubral/Documents/workspace/SpringBoot2RestH2DBCURDEx":
2024-03-07 06:26:21,065 [Worker-53: Launching Executing clean in _Users_aaravrubral_Documents_workspace_SpringBoot2RestH2DBCURDEx] INFO  o.e.m.i.launch.MavenLaunchDelegate -  mvn  -Ppom.xml -B -Dstyle.color=always clean
2024-03-07 06:26:50,707 [main] INFO  o.e.m2e.actions.ExecutePomAction - Creating new launch configuration
2024-03-07 06:27:01,579 [Worker-61: Launching Executing install in _Users_aaravrubral_Documents_workspace_SpringBoot2RestH2DBCURDEx] INFO  o.eclipse.m2e.core.internal.Bundles - getClasspathEntries(Bundle=org.eclipse.m2e.maven.runtime_3.9.500.20231113-2345 [338])
2024-03-07 06:27:01,580 [Worker-61: Launching Executing install in _Users_aaravrubral_Documents_workspace_SpringBoot2RestH2DBCURDEx] INFO  o.eclipse.m2e.core.internal.Bundles - 	Entry: /Applications/SpringToolSuite4.app/Contents/Eclipse/plugins/org.eclipse.m2e.maven.runtime_3.9.500.20231113-2345
2024-03-07 06:27:01,580 [Worker-61: Launching Executing install in _Users_aaravrubral_Documents_workspace_SpringBoot2RestH2DBCURDEx] INFO  o.eclipse.m2e.core.internal.Bundles - 	Entry: /Applications/SpringToolSuite4.app/Contents/Eclipse/plugins/org.eclipse.m2e.maven.runtime_3.9.500.20231113-2345/jars/aopalliance-1.0.jar
2024-03-07 06:27:01,580 [Worker-61: Launching Executing install in _Users_aaravrubral_Documents_workspace_SpringBoot2RestH2DBCURDEx] INFO  o.eclipse.m2e.core.internal.Bundles - 	Entry: /Applications/SpringToolSuite4.app/Contents/Eclipse/plugins/org.eclipse.m2e.maven.runtime_3.9.500.20231113-2345/jars/guice-5.1.0.jar
2024-03-07 06:27:01,580 [Worker-61: Launching Executing install in _Users_aaravrubral_Documents_workspace_SpringBoot2RestH2DBCURDEx] INFO  o.eclipse.m2e.core.internal.Bundles - 	Entry: /Applications/SpringToolSuite4.app/Contents/Eclipse/plugins/org.eclipse.m2e.maven.runtime_3.9.500.20231113-2345/jars/httpclient-4.5.14.jar
2024-03-07 06:27:01,581 [Worker-61: Launching Executing install in _Users_aaravrubral_Documents_workspace_SpringBoot2RestH2DBCURDEx] INFO  o.eclipse.m2e.core.internal.Bundles - 	Entry: /Applications/SpringToolSuite4.app/Contents/Eclipse/plugins/org.eclipse.m2e.maven.runtime_3.9.500.20231113-2345/jars/httpcore-4.4.16.jar
2024-03-07 06:27:01,581 [Worker-61: Launching Executing install in _Users_aaravrubral_Documents_workspace_SpringBoot2RestH2DBCURDEx] INFO  o.eclipse.m2e.core.internal.Bundles - 	Entry: /Applications/SpringToolSuite4.app/Contents/Eclipse/plugins/org.eclipse.m2e.maven.runtime_3.9.500.20231113-2345/jars/jansi-2.4.0.jar
2024-03-07 06:27:01,581 [Worker-61: Launching Executing install in _Users_aaravrubral_Documents_workspace_SpringBoot2RestH2DBCURDEx] INFO  o.eclipse.m2e.core.internal.Bundles - 	Entry: /Applications/SpringToolSuite4.app/Contents/Eclipse/plugins/org.eclipse.m2e.maven.runtime_3.9.500.20231113-2345/jars/jcl-over-slf4j-1.7.36.jar
2024-03-07 06:27:01,581 [Worker-61: Launching Executing install in _Users_aaravrubral_Documents_workspace_SpringBoot2RestH2DBCURDEx] INFO  o.eclipse.m2e.core.internal.Bundles - 	Entry: /Applications/SpringToolSuite4.app/Contents/Eclipse/plugins/org.eclipse.m2e.maven.runtime_3.9.500.20231113-2345/jars/maven-artifact-3.9.5.jar
2024-03-07 06:27:01,581 [Worker-61: Launching Executing install in _Users_aaravrubral_Documents_workspace_SpringBoot2RestH2DBCURDEx] INFO  o.eclipse.m2e.core.internal.Bundles - 	Entry: /Applications/SpringToolSuite4.app/Contents/Eclipse/plugins/org.eclipse.m2e.maven.runtime_3.9.500.20231113-2345/jars/maven-builder-support-3.9.5.jar
2024-03-07 06:27:01,581 [Worker-61: Launching Executing install in _Users_aaravrubral_Documents_workspace_SpringBoot2RestH2DBCURDEx] INFO  o.eclipse.m2e.core.internal.Bundles - 	Entry: /Applications/SpringToolSuite4.app/Contents/Eclipse/plugins/org.eclipse.m2e.maven.runtime_3.9.500.20231113-2345/jars/maven-compat-3.9.5.jar
2024-03-07 06:27:01,581 [Worker-61: Launching Executing install in _Users_aaravrubral_Documents_workspace_SpringBoot2RestH2DBCURDEx] INFO  o.eclipse.m2e.core.internal.Bundles - 	Entry: /Applications/SpringToolSuite4.app/Contents/Eclipse/plugins/org.eclipse.m2e.maven.runtime_3.9.500.20231113-2345/jars/maven-core-3.9.5.jar
2024-03-07 06:27:01,581 [Worker-61: Launching Executing install in _Users_aaravrubral_Documents_workspace_SpringBoot2RestH2DBCURDEx] INFO  o.eclipse.m2e.core.internal.Bundles - 	Entry: /Applications/SpringToolSuite4.app/Contents/Eclipse/plugins/org.eclipse.m2e.maven.runtime_3.9.500.20231113-2345/jars/maven-embedder-3.9.5.jar
2024-03-07 06:27:01,581 [Worker-61: Launching Executing install in _Users_aaravrubral_Documents_workspace_SpringBoot2RestH2DBCURDEx] INFO  o.eclipse.m2e.core.internal.Bundles - 	Entry: /Applications/SpringToolSuite4.app/Contents/Eclipse/plugins/org.eclipse.m2e.maven.runtime_3.9.500.20231113-2345/jars/maven-model-3.9.5.jar
2024-03-07 06:27:01,582 [Worker-61: Launching Executing install in _Users_aaravrubral_Documents_workspace_SpringBoot2RestH2DBCURDEx] INFO  o.eclipse.m2e.core.internal.Bundles - 	Entry: /Applications/SpringToolSuite4.app/Contents/Eclipse/plugins/org.eclipse.m2e.maven.runtime_3.9.500.20231113-2345/jars/maven-model-builder-3.9.5.jar
2024-03-07 06:27:01,582 [Worker-61: Launching Executing install in _Users_aaravrubral_Documents_workspace_SpringBoot2RestH2DBCURDEx] INFO  o.eclipse.m2e.core.internal.Bundles - 	Entry: /Applications/SpringToolSuite4.app/Contents/Eclipse/plugins/org.eclipse.m2e.maven.runtime_3.9.500.20231113-2345/jars/maven-plugin-api-3.9.5.jar
2024-03-07 06:27:01,582 [Worker-61: Launching Executing install in _Users_aaravrubral_Documents_workspace_SpringBoot2RestH2DBCURDEx] INFO  o.eclipse.m2e.core.internal.Bundles - 	Entry: /Applications/SpringToolSuite4.app/Contents/Eclipse/plugins/org.eclipse.m2e.maven.runtime_3.9.500.20231113-2345/jars/maven-repository-metadata-3.9.5.jar
2024-03-07 06:27:01,582 [Worker-61: Launching Executing install in _Users_aaravrubral_Documents_workspace_SpringBoot2RestH2DBCURDEx] INFO  o.eclipse.m2e.core.internal.Bundles - 	Entry: /Applications/SpringToolSuite4.app/Contents/Eclipse/plugins/org.eclipse.m2e.maven.runtime_3.9.500.20231113-2345/jars/maven-resolver-api-1.9.16.jar
2024-03-07 06:27:01,582 [Worker-61: Launching Executing install in _Users_aaravrubral_Documents_workspace_SpringBoot2RestH2DBCURDEx] INFO  o.eclipse.m2e.core.internal.Bundles - 	Entry: /Applications/SpringToolSuite4.app/Contents/Eclipse/plugins/org.eclipse.m2e.maven.runtime_3.9.500.20231113-2345/jars/maven-resolver-connector-basic-1.9.16.jar
2024-03-07 06:27:01,582 [Worker-61: Launching Executing install in _Users_aaravrubral_Documents_workspace_SpringBoot2RestH2DBCURDEx] INFO  o.eclipse.m2e.core.internal.Bundles - 	Entry: /Applications/SpringToolSuite4.app/Contents/Eclipse/plugins/org.eclipse.m2e.maven.runtime_3.9.500.20231113-2345/jars/maven-resolver-impl-1.9.16.jar
2024-03-07 06:27:01,587 [Worker-61: Launching Executing install in _Users_aaravrubral_Documents_workspace_SpringBoot2RestH2DBCURDEx] INFO  o.eclipse.m2e.core.internal.Bundles - 	Entry: /Applications/SpringToolSuite4.app/Contents/Eclipse/plugins/org.eclipse.m2e.maven.runtime_3.9.500.20231113-2345/jars/maven-resolver-named-locks-1.9.16.jar
2024-03-07 06:27:01,588 [Worker-61: Launching Executing install in _Users_aaravrubral_Documents_workspace_SpringBoot2RestH2DBCURDEx] INFO  o.eclipse.m2e.core.internal.Bundles - 	Entry: /Applications/SpringToolSuite4.app/Contents/Eclipse/plugins/org.eclipse.m2e.maven.runtime_3.9.500.20231113-2345/jars/maven-resolver-provider-3.9.5.jar
2024-03-07 06:27:01,588 [Worker-61: Launching Executing install in _Users_aaravrubral_Documents_workspace_SpringBoot2RestH2DBCURDEx] INFO  o.eclipse.m2e.core.internal.Bundles - 	Entry: /Applications/SpringToolSuite4.app/Contents/Eclipse/plugins/org.eclipse.m2e.maven.runtime_3.9.500.20231113-2345/jars/maven-resolver-spi-1.9.16.jar
2024-03-07 06:27:01,588 [Worker-61: Launching Executing install in _Users_aaravrubral_Documents_workspace_SpringBoot2RestH2DBCURDEx] INFO  o.eclipse.m2e.core.internal.Bundles - 	Entry: /Applications/SpringToolSuite4.app/Contents/Eclipse/plugins/org.eclipse.m2e.maven.runtime_3.9.500.20231113-2345/jars/maven-resolver-transport-file-1.9.16.jar
2024-03-07 06:27:01,589 [Worker-61: Launching Executing install in _Users_aaravrubral_Documents_workspace_SpringBoot2RestH2DBCURDEx] INFO  o.eclipse.m2e.core.internal.Bundles - 	Entry: /Applications/SpringToolSuite4.app/Contents/Eclipse/plugins/org.eclipse.m2e.maven.runtime_3.9.500.20231113-2345/jars/maven-resolver-transport-http-1.9.16.jar
2024-03-07 06:27:01,589 [Worker-61: Launching Executing install in _Users_aaravrubral_Documents_workspace_SpringBoot2RestH2DBCURDEx] INFO  o.eclipse.m2e.core.internal.Bundles - 	Entry: /Applications/SpringToolSuite4.app/Contents/Eclipse/plugins/org.eclipse.m2e.maven.runtime_3.9.500.20231113-2345/jars/maven-resolver-transport-wagon-1.9.16.jar
2024-03-07 06:27:01,589 [Worker-61: Launching Executing install in _Users_aaravrubral_Documents_workspace_SpringBoot2RestH2DBCURDEx] INFO  o.eclipse.m2e.core.internal.Bundles - 	Entry: /Applications/SpringToolSuite4.app/Contents/Eclipse/plugins/org.eclipse.m2e.maven.runtime_3.9.500.20231113-2345/jars/maven-resolver-util-1.9.16.jar
2024-03-07 06:27:01,589 [Worker-61: Launching Executing install in _Users_aaravrubral_Documents_workspace_SpringBoot2RestH2DBCURDEx] INFO  o.eclipse.m2e.core.internal.Bundles - 	Entry: /Applications/SpringToolSuite4.app/Contents/Eclipse/plugins/org.eclipse.m2e.maven.runtime_3.9.500.20231113-2345/jars/maven-settings-3.9.5.jar
2024-03-07 06:27:01,589 [Worker-61: Launching Executing install in _Users_aaravrubral_Documents_workspace_SpringBoot2RestH2DBCURDEx] INFO  o.eclipse.m2e.core.internal.Bundles - 	Entry: /Applications/SpringToolSuite4.app/Contents/Eclipse/plugins/org.eclipse.m2e.maven.runtime_3.9.500.20231113-2345/jars/maven-settings-builder-3.9.5.jar
2024-03-07 06:27:01,589 [Worker-61: Launching Executing install in _Users_aaravrubral_Documents_workspace_SpringBoot2RestH2DBCURDEx] INFO  o.eclipse.m2e.core.internal.Bundles - 	Entry: /Applications/SpringToolSuite4.app/Contents/Eclipse/plugins/org.eclipse.m2e.maven.runtime_3.9.500.20231113-2345/jars/maven-shared-utils-3.3.4.jar
2024-03-07 06:27:01,590 [Worker-61: Launching Executing install in _Users_aaravrubral_Documents_workspace_SpringBoot2RestH2DBCURDEx] INFO  o.eclipse.m2e.core.internal.Bundles - 	Entry: /Applications/SpringToolSuite4.app/Contents/Eclipse/plugins/org.eclipse.m2e.maven.runtime_3.9.500.20231113-2345/jars/org.eclipse.sisu.inject-0.3.5.jar
2024-03-07 06:27:01,590 [Worker-61: Launching Executing install in _Users_aaravrubral_Documents_workspace_SpringBoot2RestH2DBCURDEx] INFO  o.eclipse.m2e.core.internal.Bundles - 	Entry: /Applications/SpringToolSuite4.app/Contents/Eclipse/plugins/org.eclipse.m2e.maven.runtime_3.9.500.20231113-2345/jars/org.eclipse.sisu.plexus-0.3.5.jar
2024-03-07 06:27:01,590 [Worker-61: Launching Executing install in _Users_aaravrubral_Documents_workspace_SpringBoot2RestH2DBCURDEx] INFO  o.eclipse.m2e.core.internal.Bundles - 	Entry: /Applications/SpringToolSuite4.app/Contents/Eclipse/plugins/org.eclipse.m2e.maven.runtime_3.9.500.20231113-2345/jars/plexus-build-api-0.0.7.jar
2024-03-07 06:27:01,590 [Worker-61: Launching Executing install in _Users_aaravrubral_Documents_workspace_SpringBoot2RestH2DBCURDEx] INFO  o.eclipse.m2e.core.internal.Bundles - 	Entry: /Applications/SpringToolSuite4.app/Contents/Eclipse/plugins/org.eclipse.m2e.maven.runtime_3.9.500.20231113-2345/jars/plexus-cipher-2.0.jar
2024-03-07 06:27:01,590 [Worker-61: Launching Executing install in _Users_aaravrubral_Documents_workspace_SpringBoot2RestH2DBCURDEx] INFO  o.eclipse.m2e.core.internal.Bundles - 	Entry: /Applications/SpringToolSuite4.app/Contents/Eclipse/plugins/org.eclipse.m2e.maven.runtime_3.9.500.20231113-2345/jars/plexus-classworlds-2.7.0.jar
2024-03-07 06:27:01,590 [Worker-61: Launching Executing install in _Users_aaravrubral_Documents_workspace_SpringBoot2RestH2DBCURDEx] INFO  o.eclipse.m2e.core.internal.Bundles - 	Entry: /Applications/SpringToolSuite4.app/Contents/Eclipse/plugins/org.eclipse.m2e.maven.runtime_3.9.500.20231113-2345/jars/plexus-component-annotations-2.1.0.jar
2024-03-07 06:27:01,590 [Worker-61: Launching Executing install in _Users_aaravrubral_Documents_workspace_SpringBoot2RestH2DBCURDEx] INFO  o.eclipse.m2e.core.internal.Bundles - 	Entry: /Applications/SpringToolSuite4.app/Contents/Eclipse/plugins/org.eclipse.m2e.maven.runtime_3.9.500.20231113-2345/jars/plexus-interpolation-1.26.jar
2024-03-07 06:27:01,590 [Worker-61: Launching Executing install in _Users_aaravrubral_Documents_workspace_SpringBoot2RestH2DBCURDEx] INFO  o.eclipse.m2e.core.internal.Bundles - 	Entry: /Applications/SpringToolSuite4.app/Contents/Eclipse/plugins/org.eclipse.m2e.maven.runtime_3.9.500.20231113-2345/jars/plexus-sec-dispatcher-2.0.jar
2024-03-07 06:27:01,591 [Worker-61: Launching Executing install in _Users_aaravrubral_Documents_workspace_SpringBoot2RestH2DBCURDEx] INFO  o.eclipse.m2e.core.internal.Bundles - 	Entry: /Applications/SpringToolSuite4.app/Contents/Eclipse/plugins/org.eclipse.m2e.maven.runtime_3.9.500.20231113-2345/jars/plexus-utils-3.5.1.jar
2024-03-07 06:27:01,591 [Worker-61: Launching Executing install in _Users_aaravrubral_Documents_workspace_SpringBoot2RestH2DBCURDEx] INFO  o.eclipse.m2e.core.internal.Bundles - 	Entry: /Applications/SpringToolSuite4.app/Contents/Eclipse/plugins/org.eclipse.m2e.maven.runtime_3.9.500.20231113-2345/jars/wagon-file-3.5.3.jar
2024-03-07 06:27:01,591 [Worker-61: Launching Executing install in _Users_aaravrubral_Documents_workspace_SpringBoot2RestH2DBCURDEx] INFO  o.eclipse.m2e.core.internal.Bundles - 	Entry: /Applications/SpringToolSuite4.app/Contents/Eclipse/plugins/org.eclipse.m2e.maven.runtime_3.9.500.20231113-2345/jars/wagon-http-3.5.3.jar
2024-03-07 06:27:01,591 [Worker-61: Launching Executing install in _Users_aaravrubral_Documents_workspace_SpringBoot2RestH2DBCURDEx] INFO  o.eclipse.m2e.core.internal.Bundles - 	Entry: /Applications/SpringToolSuite4.app/Contents/Eclipse/plugins/org.eclipse.m2e.maven.runtime_3.9.500.20231113-2345/jars/wagon-http-shared-3.5.3.jar
2024-03-07 06:27:01,591 [Worker-61: Launching Executing install in _Users_aaravrubral_Documents_workspace_SpringBoot2RestH2DBCURDEx] INFO  o.eclipse.m2e.core.internal.Bundles - 	Entry: /Applications/SpringToolSuite4.app/Contents/Eclipse/plugins/org.eclipse.m2e.maven.runtime_3.9.500.20231113-2345/jars/wagon-provider-api-3.5.3.jar
2024-03-07 06:27:01,591 [Worker-61: Launching Executing install in _Users_aaravrubral_Documents_workspace_SpringBoot2RestH2DBCURDEx] INFO  o.eclipse.m2e.core.internal.Bundles - getClasspathEntries(Bundle=com.google.guava_33.0.0.jre [25])
2024-03-07 06:27:01,591 [Worker-61: Launching Executing install in _Users_aaravrubral_Documents_workspace_SpringBoot2RestH2DBCURDEx] INFO  o.eclipse.m2e.core.internal.Bundles - 	Entry: /Applications/SpringToolSuite4.app/Contents/Eclipse/plugins/com.google.guava_33.0.0.jre.jar
2024-03-07 06:27:01,592 [Worker-61: Launching Executing install in _Users_aaravrubral_Documents_workspace_SpringBoot2RestH2DBCURDEx] INFO  o.eclipse.m2e.core.internal.Bundles - getClasspathEntries(Bundle=slf4j.api_2.0.9 [565])
2024-03-07 06:27:01,592 [Worker-61: Launching Executing install in _Users_aaravrubral_Documents_workspace_SpringBoot2RestH2DBCURDEx] INFO  o.eclipse.m2e.core.internal.Bundles - 	Entry: /Applications/SpringToolSuite4.app/Contents/Eclipse/plugins/slf4j.api_2.0.9.jar
2024-03-07 06:27:01,592 [Worker-61: Launching Executing install in _Users_aaravrubral_Documents_workspace_SpringBoot2RestH2DBCURDEx] INFO  o.eclipse.m2e.core.internal.Bundles - getClasspathEntries(Bundle=jakarta.inject.jakarta.inject-api_1.0.5 [41])
2024-03-07 06:27:01,592 [Worker-61: Launching Executing install in _Users_aaravrubral_Documents_workspace_SpringBoot2RestH2DBCURDEx] INFO  o.eclipse.m2e.core.internal.Bundles - 	Entry: /Applications/SpringToolSuite4.app/Contents/Eclipse/plugins/jakarta.inject.jakarta.inject-api_1.0.5.jar
2024-03-07 06:27:01,592 [Worker-61: Launching Executing install in _Users_aaravrubral_Documents_workspace_SpringBoot2RestH2DBCURDEx] INFO  o.eclipse.m2e.core.internal.Bundles - getClasspathEntries(Bundle=jakarta.annotation-api_1.3.5 [37])
2024-03-07 06:27:01,592 [Worker-61: Launching Executing install in _Users_aaravrubral_Documents_workspace_SpringBoot2RestH2DBCURDEx] INFO  o.eclipse.m2e.core.internal.Bundles - 	Entry: /Applications/SpringToolSuite4.app/Contents/Eclipse/plugins/jakarta.annotation-api_1.3.5.jar
2024-03-07 06:27:01,592 [Worker-61: Launching Executing install in _Users_aaravrubral_Documents_workspace_SpringBoot2RestH2DBCURDEx] INFO  o.eclipse.m2e.core.internal.Bundles - getClasspathEntries(Bundle=org.apache.commons.cli_1.6.0 [71])
2024-03-07 06:27:01,593 [Worker-61: Launching Executing install in _Users_aaravrubral_Documents_workspace_SpringBoot2RestH2DBCURDEx] INFO  o.eclipse.m2e.core.internal.Bundles - 	Entry: /Applications/SpringToolSuite4.app/Contents/Eclipse/plugins/org.apache.commons.cli_1.6.0.jar
2024-03-07 06:27:01,593 [Worker-61: Launching Executing install in _Users_aaravrubral_Documents_workspace_SpringBoot2RestH2DBCURDEx] INFO  o.eclipse.m2e.core.internal.Bundles - getClasspathEntries(Bundle=org.apache.commons.commons-codec_1.16.0 [73])
2024-03-07 06:27:01,593 [Worker-61: Launching Executing install in _Users_aaravrubral_Documents_workspace_SpringBoot2RestH2DBCURDEx] INFO  o.eclipse.m2e.core.internal.Bundles - 	Entry: /Applications/SpringToolSuite4.app/Contents/Eclipse/plugins/org.apache.commons.commons-codec_1.16.0.jar
2024-03-07 06:27:01,593 [Worker-61: Launching Executing install in _Users_aaravrubral_Documents_workspace_SpringBoot2RestH2DBCURDEx] INFO  o.eclipse.m2e.core.internal.Bundles - getClasspathEntries(Bundle=org.apache.commons.lang3_3.13.0 [77])
2024-03-07 06:27:01,593 [Worker-61: Launching Executing install in _Users_aaravrubral_Documents_workspace_SpringBoot2RestH2DBCURDEx] INFO  o.eclipse.m2e.core.internal.Bundles - 	Entry: /Applications/SpringToolSuite4.app/Contents/Eclipse/plugins/org.apache.commons.lang3_3.13.0.jar
2024-03-07 06:27:01,593 [Worker-61: Launching Executing install in _Users_aaravrubral_Documents_workspace_SpringBoot2RestH2DBCURDEx] INFO  o.eclipse.m2e.core.internal.Bundles - getClasspathEntries(Bundle=com.google.guava.failureaccess_1.0.2 [27])
2024-03-07 06:27:01,593 [Worker-61: Launching Executing install in _Users_aaravrubral_Documents_workspace_SpringBoot2RestH2DBCURDEx] INFO  o.eclipse.m2e.core.internal.Bundles - 	Entry: /Applications/SpringToolSuite4.app/Contents/Eclipse/plugins/com.google.guava.failureaccess_1.0.2.jar
2024-03-07 06:27:01,595 [Worker-61: Launching Executing install in _Users_aaravrubral_Documents_workspace_SpringBoot2RestH2DBCURDEx] INFO  o.e.m.i.launch.MavenLaunchDelegate - Run build in "/Users/aaravrubral/Documents/workspace/SpringBoot2RestH2DBCURDEx":
2024-03-07 06:27:01,595 [Worker-61: Launching Executing install in _Users_aaravrubral_Documents_workspace_SpringBoot2RestH2DBCURDEx] INFO  o.e.m.i.launch.MavenLaunchDelegate -  mvn  -Ppom.xml -B -Dstyle.color=always install
2024-03-07 06:27:53,834 [Worker-61: Updating Maven Project] INFO  o.e.m.c.i.p.ProjectConfigurationManager - Update started
2024-03-07 06:27:54,213 [Worker-61: Updating Maven Project] INFO  o.e.m.c.i.l.LifecycleMappingFactory - Using org.eclipse.m2e.jdt.JarLifecycleMapping lifecycle mapping for MavenProject: in.aarav.rubral:SpringBoot2RestH2DBCURDEx:1.0 @ /Users/aaravrubral/Documents/workspace/SpringBoot2RestH2DBCURDEx/pom.xml.
2024-03-07 06:27:54,603 [Worker-61: Updating Maven Project] INFO  o.e.m.j.i.AbstractJavaProjectConfigurator - Adding source folder /SpringBoot2RestH2DBCURDEx/src/main/java
2024-03-07 06:27:54,603 [Worker-61: Updating Maven Project] INFO  o.e.m.j.i.AbstractJavaProjectConfigurator - Adding resource folder /SpringBoot2RestH2DBCURDEx/src/main/resources
2024-03-07 06:27:54,604 [Worker-61: Updating Maven Project] INFO  o.e.m.j.i.AbstractJavaProjectConfigurator - Adding resource folder /SpringBoot2RestH2DBCURDEx/src/main/resources
2024-03-07 06:27:54,604 [Worker-61: Updating Maven Project] INFO  o.e.m.j.i.AbstractJavaProjectConfigurator - Adding source folder /SpringBoot2RestH2DBCURDEx/src/test/java
2024-03-07 06:27:54,604 [Worker-61: Updating Maven Project] INFO  o.e.m.j.i.AbstractJavaProjectConfigurator - Adding resource folder /SpringBoot2RestH2DBCURDEx/src/test/resources
2024-03-07 06:27:54,807 [Worker-61: Updating Maven Project] INFO  o.e.m.c.i.p.ProjectConfigurationManager - Update completed for 1 poms: local refresh takes 0.00 sec, refresh facades takes 0.00 sec, update config takes 0.00 sec 
2024-03-07 06:27:55,212 [Worker-55: Building] INFO  o.a.m.s.f.DefaultMavenResourcesFiltering - Copying 1 resource from src/main/resources to target/classes
2024-03-07 06:27:55,238 [Worker-55: Building] INFO  o.a.m.s.f.DefaultMavenResourcesFiltering - Copying 0 resource from src/main/resources to target/classes
2024-03-07 06:27:55,243 [Worker-55: Building] INFO  o.a.m.s.f.DefaultMavenResourcesFiltering - skip non existing resourceDirectory /Users/aaravrubral/Documents/workspace/SpringBoot2RestH2DBCURDEx/src/test/resources
2024-03-07 06:28:51,351 [Worker-58: Import Getting Started Content] INFO  o.e.m.c.i.l.LifecycleMappingFactory - Using org.eclipse.m2e.jdt.JarLifecycleMapping lifecycle mapping for MavenProject: in.aarav.rubral:SpringBoot2RestH2DBCURDEx:1.0 @ /Users/aaravrubral/Documents/workspace/SpringBoot2RestH2DBCURDEx/pom.xml.
2024-03-07 06:28:51,603 [Worker-58: Import Getting Started Content] INFO  o.e.m.c.i.e.AbstractTransferListenerAdapter - Downloading https://repo.maven.apache.org/maven2/org/springframework/boot/spring-boot-starter-data-jpa/3.2.3/spring-boot-starter-data-jpa-3.2.3.pom
2024-03-07 06:28:51,607 [Worker-58: Import Getting Started Content] INFO  o.e.m.c.i.e.AbstractTransferListenerAdapter - Downloaded https://repo.maven.apache.org/maven2/org/springframework/boot/spring-boot-starter-data-jpa/3.2.3/spring-boot-starter-data-jpa-3.2.3.pom
2024-03-07 06:28:51,640 [Worker-58: Import Getting Started Content] INFO  o.e.m.c.i.e.AbstractTransferListenerAdapter - Downloading https://repo.maven.apache.org/maven2/org/springframework/boot/spring-boot-starter-aop/3.2.3/spring-boot-starter-aop-3.2.3.pom
2024-03-07 06:28:51,643 [Worker-58: Import Getting Started Content] INFO  o.e.m.c.i.e.AbstractTransferListenerAdapter - Downloaded https://repo.maven.apache.org/maven2/org/springframework/boot/spring-boot-starter-aop/3.2.3/spring-boot-starter-aop-3.2.3.pom
2024-03-07 06:28:51,765 [Worker-58: Import Getting Started Content] INFO  o.e.m.c.i.e.AbstractTransferListenerAdapter - Downloading https://repo.maven.apache.org/maven2/org/aspectj/aspectjweaver/1.9.21/aspectjweaver-1.9.21.pom
2024-03-07 06:28:51,768 [Worker-58: Import Getting Started Content] INFO  o.e.m.c.i.e.AbstractTransferListenerAdapter - Downloaded https://repo.maven.apache.org/maven2/org/aspectj/aspectjweaver/1.9.21/aspectjweaver-1.9.21.pom
2024-03-07 06:28:51,803 [Worker-58: Import Getting Started Content] INFO  o.e.m.c.i.e.AbstractTransferListenerAdapter - Downloading https://repo.maven.apache.org/maven2/org/springframework/boot/spring-boot-starter-jdbc/3.2.3/spring-boot-starter-jdbc-3.2.3.pom
2024-03-07 06:28:51,808 [Worker-58: Import Getting Started Content] INFO  o.e.m.c.i.e.AbstractTransferListenerAdapter - Downloaded https://repo.maven.apache.org/maven2/org/springframework/boot/spring-boot-starter-jdbc/3.2.3/spring-boot-starter-jdbc-3.2.3.pom
2024-03-07 06:28:51,841 [Worker-58: Import Getting Started Content] INFO  o.e.m.c.i.e.AbstractTransferListenerAdapter - Downloading https://repo.maven.apache.org/maven2/com/zaxxer/HikariCP/5.0.1/HikariCP-5.0.1.pom
2024-03-07 06:28:51,848 [Worker-58: Import Getting Started Content] INFO  o.e.m.c.i.e.AbstractTransferListenerAdapter - Downloaded https://repo.maven.apache.org/maven2/com/zaxxer/HikariCP/5.0.1/HikariCP-5.0.1.pom
2024-03-07 06:28:51,883 [Worker-58: Import Getting Started Content] INFO  o.e.m.c.i.e.AbstractTransferListenerAdapter - Downloading https://repo.maven.apache.org/maven2/org/springframework/spring-jdbc/6.1.4/spring-jdbc-6.1.4.pom
2024-03-07 06:28:51,885 [Worker-58: Import Getting Started Content] INFO  o.e.m.c.i.e.AbstractTransferListenerAdapter - Downloaded https://repo.maven.apache.org/maven2/org/springframework/spring-jdbc/6.1.4/spring-jdbc-6.1.4.pom
2024-03-07 06:28:51,912 [Worker-58: Import Getting Started Content] INFO  o.e.m.c.i.e.AbstractTransferListenerAdapter - Downloading https://repo.maven.apache.org/maven2/org/springframework/spring-tx/6.1.4/spring-tx-6.1.4.pom
2024-03-07 06:28:51,916 [Worker-58: Import Getting Started Content] INFO  o.e.m.c.i.e.AbstractTransferListenerAdapter - Downloaded https://repo.maven.apache.org/maven2/org/springframework/spring-tx/6.1.4/spring-tx-6.1.4.pom
2024-03-07 06:28:51,949 [Worker-58: Import Getting Started Content] INFO  o.e.m.c.i.e.AbstractTransferListenerAdapter - Downloading https://repo.maven.apache.org/maven2/org/hibernate/orm/hibernate-core/6.4.4.Final/hibernate-core-6.4.4.Final.pom
2024-03-07 06:28:51,952 [Worker-58: Import Getting Started Content] INFO  o.e.m.c.i.e.AbstractTransferListenerAdapter - Downloaded https://repo.maven.apache.org/maven2/org/hibernate/orm/hibernate-core/6.4.4.Final/hibernate-core-6.4.4.Final.pom
2024-03-07 06:28:51,979 [Worker-58: Import Getting Started Content] INFO  o.e.m.c.i.e.AbstractTransferListenerAdapter - Downloading https://repo.maven.apache.org/maven2/jakarta/persistence/jakarta.persistence-api/3.1.0/jakarta.persistence-api-3.1.0.pom
2024-03-07 06:28:51,993 [Worker-58: Import Getting Started Content] INFO  o.e.m.c.i.e.AbstractTransferListenerAdapter - Downloaded https://repo.maven.apache.org/maven2/jakarta/persistence/jakarta.persistence-api/3.1.0/jakarta.persistence-api-3.1.0.pom
2024-03-07 06:28:52,042 [Worker-58: Import Getting Started Content] INFO  o.e.m.c.i.e.AbstractTransferListenerAdapter - Downloading https://repo.maven.apache.org/maven2/jakarta/transaction/jakarta.transaction-api/2.0.1/jakarta.transaction-api-2.0.1.pom
2024-03-07 06:28:52,046 [Worker-58: Import Getting Started Content] INFO  o.e.m.c.i.e.AbstractTransferListenerAdapter - Downloaded https://repo.maven.apache.org/maven2/jakarta/transaction/jakarta.transaction-api/2.0.1/jakarta.transaction-api-2.0.1.pom
2024-03-07 06:28:52,076 [Worker-58: Import Getting Started Content] INFO  o.e.m.c.i.e.AbstractTransferListenerAdapter - Downloading https://repo.maven.apache.org/maven2/org/eclipse/ee4j/project/1.0.6/project-1.0.6.pom
2024-03-07 06:28:52,081 [Worker-58: Import Getting Started Content] INFO  o.e.m.c.i.e.AbstractTransferListenerAdapter - Downloaded https://repo.maven.apache.org/maven2/org/eclipse/ee4j/project/1.0.6/project-1.0.6.pom
2024-03-07 06:28:52,116 [Worker-58: Import Getting Started Content] INFO  o.e.m.c.i.e.AbstractTransferListenerAdapter - Downloading https://repo.maven.apache.org/maven2/org/jboss/logging/jboss-logging/3.5.3.Final/jboss-logging-3.5.3.Final.pom
2024-03-07 06:28:52,120 [Worker-58: Import Getting Started Content] INFO  o.e.m.c.i.e.AbstractTransferListenerAdapter - Downloaded https://repo.maven.apache.org/maven2/org/jboss/logging/jboss-logging/3.5.3.Final/jboss-logging-3.5.3.Final.pom
2024-03-07 06:28:52,152 [Worker-58: Import Getting Started Content] INFO  o.e.m.c.i.e.AbstractTransferListenerAdapter - Downloading https://repo.maven.apache.org/maven2/org/jboss/logging/logging-parent/1.0.1.Final/logging-parent-1.0.1.Final.pom
2024-03-07 06:28:52,154 [Worker-58: Import Getting Started Content] INFO  o.e.m.c.i.e.AbstractTransferListenerAdapter - Downloaded https://repo.maven.apache.org/maven2/org/jboss/logging/logging-parent/1.0.1.Final/logging-parent-1.0.1.Final.pom
2024-03-07 06:28:52,189 [Worker-58: Import Getting Started Content] INFO  o.e.m.c.i.e.AbstractTransferListenerAdapter - Downloading https://repo.maven.apache.org/maven2/org/hibernate/common/hibernate-commons-annotations/6.0.6.Final/hibernate-commons-annotations-6.0.6.Final.pom
2024-03-07 06:28:52,191 [Worker-58: Import Getting Started Content] INFO  o.e.m.c.i.e.AbstractTransferListenerAdapter - Downloaded https://repo.maven.apache.org/maven2/org/hibernate/common/hibernate-commons-annotations/6.0.6.Final/hibernate-commons-annotations-6.0.6.Final.pom
2024-03-07 06:28:52,224 [Worker-58: Import Getting Started Content] INFO  o.e.m.c.i.e.AbstractTransferListenerAdapter - Downloading https://repo.maven.apache.org/maven2/io/smallrye/jandex/3.1.2/jandex-3.1.2.pom
2024-03-07 06:28:52,227 [Worker-58: Import Getting Started Content] INFO  o.e.m.c.i.e.AbstractTransferListenerAdapter - Downloaded https://repo.maven.apache.org/maven2/io/smallrye/jandex/3.1.2/jandex-3.1.2.pom
2024-03-07 06:28:52,265 [Worker-58: Import Getting Started Content] INFO  o.e.m.c.i.e.AbstractTransferListenerAdapter - Downloading https://repo.maven.apache.org/maven2/io/smallrye/jandex-parent/3.1.2/jandex-parent-3.1.2.pom
2024-03-07 06:28:52,268 [Worker-58: Import Getting Started Content] INFO  o.e.m.c.i.e.AbstractTransferListenerAdapter - Downloaded https://repo.maven.apache.org/maven2/io/smallrye/jandex-parent/3.1.2/jandex-parent-3.1.2.pom
2024-03-07 06:28:52,303 [Worker-58: Import Getting Started Content] INFO  o.e.m.c.i.e.AbstractTransferListenerAdapter - Downloading https://repo.maven.apache.org/maven2/io/smallrye/smallrye-build-parent/39/smallrye-build-parent-39.pom
2024-03-07 06:28:52,317 [Worker-58: Import Getting Started Content] INFO  o.e.m.c.i.e.AbstractTransferListenerAdapter - Downloaded https://repo.maven.apache.org/maven2/io/smallrye/smallrye-build-parent/39/smallrye-build-parent-39.pom
2024-03-07 06:28:52,349 [Worker-58: Import Getting Started Content] INFO  o.e.m.c.i.e.AbstractTransferListenerAdapter - Downloading https://repo.maven.apache.org/maven2/com/fasterxml/classmate/1.6.0/classmate-1.6.0.pom
2024-03-07 06:28:52,353 [Worker-58: Import Getting Started Content] INFO  o.e.m.c.i.e.AbstractTransferListenerAdapter - Downloaded https://repo.maven.apache.org/maven2/com/fasterxml/classmate/1.6.0/classmate-1.6.0.pom
2024-03-07 06:28:52,389 [Worker-58: Import Getting Started Content] INFO  o.e.m.c.i.e.AbstractTransferListenerAdapter - Downloading https://repo.maven.apache.org/maven2/com/fasterxml/oss-parent/55/oss-parent-55.pom
2024-03-07 06:28:52,395 [Worker-58: Import Getting Started Content] INFO  o.e.m.c.i.e.AbstractTransferListenerAdapter - Downloaded https://repo.maven.apache.org/maven2/com/fasterxml/oss-parent/55/oss-parent-55.pom
2024-03-07 06:28:52,437 [Worker-58: Import Getting Started Content] INFO  o.e.m.c.i.e.AbstractTransferListenerAdapter - Downloading https://repo.maven.apache.org/maven2/org/glassfish/jaxb/jaxb-runtime/4.0.4/jaxb-runtime-4.0.4.pom
2024-03-07 06:28:52,439 [Worker-58: Import Getting Started Content] INFO  o.e.m.c.i.e.AbstractTransferListenerAdapter - Downloaded https://repo.maven.apache.org/maven2/org/glassfish/jaxb/jaxb-runtime/4.0.4/jaxb-runtime-4.0.4.pom
2024-03-07 06:28:52,470 [Worker-58: Import Getting Started Content] INFO  o.e.m.c.i.e.AbstractTransferListenerAdapter - Downloading https://repo.maven.apache.org/maven2/com/sun/xml/bind/mvn/jaxb-runtime-parent/4.0.4/jaxb-runtime-parent-4.0.4.pom
2024-03-07 06:28:52,472 [Worker-58: Import Getting Started Content] INFO  o.e.m.c.i.e.AbstractTransferListenerAdapter - Downloaded https://repo.maven.apache.org/maven2/com/sun/xml/bind/mvn/jaxb-runtime-parent/4.0.4/jaxb-runtime-parent-4.0.4.pom
2024-03-07 06:28:52,506 [Worker-58: Import Getting Started Content] INFO  o.e.m.c.i.e.AbstractTransferListenerAdapter - Downloading https://repo.maven.apache.org/maven2/com/sun/xml/bind/mvn/jaxb-parent/4.0.4/jaxb-parent-4.0.4.pom
2024-03-07 06:28:52,515 [Worker-58: Import Getting Started Content] INFO  o.e.m.c.i.e.AbstractTransferListenerAdapter - Downloaded https://repo.maven.apache.org/maven2/com/sun/xml/bind/mvn/jaxb-parent/4.0.4/jaxb-parent-4.0.4.pom
2024-03-07 06:28:52,554 [Worker-58: Import Getting Started Content] INFO  o.e.m.c.i.e.AbstractTransferListenerAdapter - Downloading https://repo.maven.apache.org/maven2/com/sun/xml/bind/jaxb-bom-ext/4.0.4/jaxb-bom-ext-4.0.4.pom
2024-03-07 06:28:52,556 [Worker-58: Import Getting Started Content] INFO  o.e.m.c.i.e.AbstractTransferListenerAdapter - Downloaded https://repo.maven.apache.org/maven2/com/sun/xml/bind/jaxb-bom-ext/4.0.4/jaxb-bom-ext-4.0.4.pom
2024-03-07 06:28:52,588 [Worker-58: Import Getting Started Content] INFO  o.e.m.c.i.e.AbstractTransferListenerAdapter - Downloading https://repo.maven.apache.org/maven2/org/glassfish/jaxb/jaxb-core/4.0.4/jaxb-core-4.0.4.pom
2024-03-07 06:28:52,594 [Worker-58: Import Getting Started Content] INFO  o.e.m.c.i.e.AbstractTransferListenerAdapter - Downloaded https://repo.maven.apache.org/maven2/org/glassfish/jaxb/jaxb-core/4.0.4/jaxb-core-4.0.4.pom
2024-03-07 06:28:52,627 [Worker-58: Import Getting Started Content] INFO  o.e.m.c.i.e.AbstractTransferListenerAdapter - Downloading https://repo.maven.apache.org/maven2/org/eclipse/angus/angus-activation/2.0.1/angus-activation-2.0.1.pom
2024-03-07 06:28:52,631 [Worker-58: Import Getting Started Content] INFO  o.e.m.c.i.e.AbstractTransferListenerAdapter - Downloaded https://repo.maven.apache.org/maven2/org/eclipse/angus/angus-activation/2.0.1/angus-activation-2.0.1.pom
2024-03-07 06:28:52,667 [Worker-58: Import Getting Started Content] INFO  o.e.m.c.i.e.AbstractTransferListenerAdapter - Downloading https://repo.maven.apache.org/maven2/org/eclipse/angus/angus-activation-project/2.0.1/angus-activation-project-2.0.1.pom
2024-03-07 06:28:52,670 [Worker-58: Import Getting Started Content] INFO  o.e.m.c.i.e.AbstractTransferListenerAdapter - Downloaded https://repo.maven.apache.org/maven2/org/eclipse/angus/angus-activation-project/2.0.1/angus-activation-project-2.0.1.pom
2024-03-07 06:28:52,701 [Worker-58: Import Getting Started Content] INFO  o.e.m.c.i.e.AbstractTransferListenerAdapter - Downloading https://repo.maven.apache.org/maven2/org/glassfish/jaxb/txw2/4.0.4/txw2-4.0.4.pom
2024-03-07 06:28:52,703 [Worker-58: Import Getting Started Content] INFO  o.e.m.c.i.e.AbstractTransferListenerAdapter - Downloaded https://repo.maven.apache.org/maven2/org/glassfish/jaxb/txw2/4.0.4/txw2-4.0.4.pom
2024-03-07 06:28:52,737 [Worker-58: Import Getting Started Content] INFO  o.e.m.c.i.e.AbstractTransferListenerAdapter - Downloading https://repo.maven.apache.org/maven2/com/sun/xml/bind/mvn/jaxb-txw-parent/4.0.4/jaxb-txw-parent-4.0.4.pom
2024-03-07 06:28:52,739 [Worker-58: Import Getting Started Content] INFO  o.e.m.c.i.e.AbstractTransferListenerAdapter - Downloaded https://repo.maven.apache.org/maven2/com/sun/xml/bind/mvn/jaxb-txw-parent/4.0.4/jaxb-txw-parent-4.0.4.pom
2024-03-07 06:28:52,777 [Worker-58: Import Getting Started Content] INFO  o.e.m.c.i.e.AbstractTransferListenerAdapter - Downloading https://repo.maven.apache.org/maven2/com/sun/istack/istack-commons-runtime/4.1.2/istack-commons-runtime-4.1.2.pom
2024-03-07 06:28:52,780 [Worker-58: Import Getting Started Content] INFO  o.e.m.c.i.e.AbstractTransferListenerAdapter - Downloaded https://repo.maven.apache.org/maven2/com/sun/istack/istack-commons-runtime/4.1.2/istack-commons-runtime-4.1.2.pom
2024-03-07 06:28:52,816 [Worker-58: Import Getting Started Content] INFO  o.e.m.c.i.e.AbstractTransferListenerAdapter - Downloading https://repo.maven.apache.org/maven2/com/sun/istack/istack-commons/4.1.2/istack-commons-4.1.2.pom
2024-03-07 06:28:52,827 [Worker-58: Import Getting Started Content] INFO  o.e.m.c.i.e.AbstractTransferListenerAdapter - Downloaded https://repo.maven.apache.org/maven2/com/sun/istack/istack-commons/4.1.2/istack-commons-4.1.2.pom
2024-03-07 06:28:52,864 [Worker-58: Import Getting Started Content] INFO  o.e.m.c.i.e.AbstractTransferListenerAdapter - Downloading https://repo.maven.apache.org/maven2/jakarta/inject/jakarta.inject-api/2.0.1/jakarta.inject-api-2.0.1.pom
2024-03-07 06:28:52,866 [Worker-58: Import Getting Started Content] INFO  o.e.m.c.i.e.AbstractTransferListenerAdapter - Downloaded https://repo.maven.apache.org/maven2/jakarta/inject/jakarta.inject-api/2.0.1/jakarta.inject-api-2.0.1.pom
2024-03-07 06:28:52,892 [Worker-58: Import Getting Started Content] INFO  o.e.m.c.i.e.AbstractTransferListenerAdapter - Downloading https://repo.maven.apache.org/maven2/org/antlr/antlr4-runtime/4.13.0/antlr4-runtime-4.13.0.pom
2024-03-07 06:28:52,896 [Worker-58: Import Getting Started Content] INFO  o.e.m.c.i.e.AbstractTransferListenerAdapter - Downloaded https://repo.maven.apache.org/maven2/org/antlr/antlr4-runtime/4.13.0/antlr4-runtime-4.13.0.pom
2024-03-07 06:28:52,934 [Worker-58: Import Getting Started Content] INFO  o.e.m.c.i.e.AbstractTransferListenerAdapter - Downloading https://repo.maven.apache.org/maven2/org/antlr/antlr4-master/4.13.0/antlr4-master-4.13.0.pom
2024-03-07 06:28:52,938 [Worker-58: Import Getting Started Content] INFO  o.e.m.c.i.e.AbstractTransferListenerAdapter - Downloaded https://repo.maven.apache.org/maven2/org/antlr/antlr4-master/4.13.0/antlr4-master-4.13.0.pom
2024-03-07 06:28:52,969 [Worker-58: Import Getting Started Content] INFO  o.e.m.c.i.e.AbstractTransferListenerAdapter - Downloading https://repo.maven.apache.org/maven2/org/springframework/data/spring-data-jpa/3.2.3/spring-data-jpa-3.2.3.pom
2024-03-07 06:28:52,976 [Worker-58: Import Getting Started Content] INFO  o.e.m.c.i.e.AbstractTransferListenerAdapter - Downloaded https://repo.maven.apache.org/maven2/org/springframework/data/spring-data-jpa/3.2.3/spring-data-jpa-3.2.3.pom
2024-03-07 06:28:53,008 [Worker-58: Import Getting Started Content] INFO  o.e.m.c.i.e.AbstractTransferListenerAdapter - Downloading https://repo.maven.apache.org/maven2/org/springframework/data/spring-data-jpa-parent/3.2.3/spring-data-jpa-parent-3.2.3.pom
2024-03-07 06:28:53,021 [Worker-58: Import Getting Started Content] INFO  o.e.m.c.i.e.AbstractTransferListenerAdapter - Downloaded https://repo.maven.apache.org/maven2/org/springframework/data/spring-data-jpa-parent/3.2.3/spring-data-jpa-parent-3.2.3.pom
2024-03-07 06:28:53,065 [Worker-58: Import Getting Started Content] INFO  o.e.m.c.i.e.AbstractTransferListenerAdapter - Downloading https://repo.maven.apache.org/maven2/org/springframework/data/build/spring-data-parent/3.2.3/spring-data-parent-3.2.3.pom
2024-03-07 06:28:53,077 [Worker-58: Import Getting Started Content] INFO  o.e.m.c.i.e.AbstractTransferListenerAdapter - Downloaded https://repo.maven.apache.org/maven2/org/springframework/data/build/spring-data-parent/3.2.3/spring-data-parent-3.2.3.pom
2024-03-07 06:28:53,109 [Worker-58: Import Getting Started Content] INFO  o.e.m.c.i.e.AbstractTransferListenerAdapter - Downloading https://repo.maven.apache.org/maven2/org/springframework/data/build/spring-data-build/3.2.3/spring-data-build-3.2.3.pom
2024-03-07 06:28:53,118 [Worker-58: Import Getting Started Content] INFO  o.e.m.c.i.e.AbstractTransferListenerAdapter - Downloaded https://repo.maven.apache.org/maven2/org/springframework/data/build/spring-data-build/3.2.3/spring-data-build-3.2.3.pom
2024-03-07 06:28:53,187 [Worker-58: Import Getting Started Content] INFO  o.e.m.c.i.e.AbstractTransferListenerAdapter - Downloading https://repo.maven.apache.org/maven2/org/springframework/data/spring-data-commons/3.2.3/spring-data-commons-3.2.3.pom
2024-03-07 06:28:53,190 [Worker-58: Import Getting Started Content] INFO  o.e.m.c.i.e.AbstractTransferListenerAdapter - Downloaded https://repo.maven.apache.org/maven2/org/springframework/data/spring-data-commons/3.2.3/spring-data-commons-3.2.3.pom
2024-03-07 06:28:53,224 [Worker-58: Import Getting Started Content] INFO  o.e.m.c.i.e.AbstractTransferListenerAdapter - Downloading https://repo.maven.apache.org/maven2/org/springframework/spring-orm/6.1.4/spring-orm-6.1.4.pom
2024-03-07 06:28:53,227 [Worker-58: Import Getting Started Content] INFO  o.e.m.c.i.e.AbstractTransferListenerAdapter - Downloaded https://repo.maven.apache.org/maven2/org/springframework/spring-orm/6.1.4/spring-orm-6.1.4.pom
2024-03-07 06:28:53,271 [Worker-58: Import Getting Started Content] INFO  o.e.m.c.i.e.AbstractTransferListenerAdapter - Downloading https://repo.maven.apache.org/maven2/org/springframework/spring-aspects/6.1.4/spring-aspects-6.1.4.pom
2024-03-07 06:28:53,275 [Worker-58: Import Getting Started Content] INFO  o.e.m.c.i.e.AbstractTransferListenerAdapter - Downloaded https://repo.maven.apache.org/maven2/org/springframework/spring-aspects/6.1.4/spring-aspects-6.1.4.pom
2024-03-07 06:28:53,417 [Worker-58: Import Getting Started Content] INFO  o.e.m.c.i.e.AbstractTransferListenerAdapter - Downloading https://repo.maven.apache.org/maven2/org/springframework/boot/spring-boot-starter-data-jpa/3.2.3/spring-boot-starter-data-jpa-3.2.3.jar
2024-03-07 06:28:53,420 [Worker-58: Import Getting Started Content] INFO  o.e.m.c.i.e.AbstractTransferListenerAdapter - Downloaded https://repo.maven.apache.org/maven2/org/springframework/boot/spring-boot-starter-data-jpa/3.2.3/spring-boot-starter-data-jpa-3.2.3.jar
2024-03-07 06:28:53,452 [BasicRepositoryConnector-repo.maven.apache.org-0-0] INFO  o.e.m.c.i.e.AbstractTransferListenerAdapter - Downloading https://repo.maven.apache.org/maven2/org/springframework/boot/spring-boot-starter-aop/3.2.3/spring-boot-starter-aop-3.2.3.jar
2024-03-07 06:28:53,456 [BasicRepositoryConnector-repo.maven.apache.org-0-0] INFO  o.e.m.c.i.e.AbstractTransferListenerAdapter - Downloaded https://repo.maven.apache.org/maven2/org/springframework/boot/spring-boot-starter-aop/3.2.3/spring-boot-starter-aop-3.2.3.jar
2024-03-07 06:28:53,482 [BasicRepositoryConnector-repo.maven.apache.org-0-0] INFO  o.e.m.c.i.e.AbstractTransferListenerAdapter - Downloading https://repo.maven.apache.org/maven2/org/hibernate/orm/hibernate-core/6.4.4.Final/hibernate-core-6.4.4.Final.jar
2024-03-07 06:28:53,515 [BasicRepositoryConnector-repo.maven.apache.org-0-4] INFO  o.e.m.c.i.e.AbstractTransferListenerAdapter - Downloading https://repo.maven.apache.org/maven2/org/springframework/spring-jdbc/6.1.4/spring-jdbc-6.1.4.jar
2024-03-07 06:28:53,515 [BasicRepositoryConnector-repo.maven.apache.org-0-2] INFO  o.e.m.c.i.e.AbstractTransferListenerAdapter - Downloading https://repo.maven.apache.org/maven2/org/springframework/boot/spring-boot-starter-jdbc/3.2.3/spring-boot-starter-jdbc-3.2.3.jar
2024-03-07 06:28:53,518 [BasicRepositoryConnector-repo.maven.apache.org-0-2] INFO  o.e.m.c.i.e.AbstractTransferListenerAdapter - Downloaded https://repo.maven.apache.org/maven2/org/springframework/boot/spring-boot-starter-jdbc/3.2.3/spring-boot-starter-jdbc-3.2.3.jar
2024-03-07 06:28:53,527 [BasicRepositoryConnector-repo.maven.apache.org-0-1] INFO  o.e.m.c.i.e.AbstractTransferListenerAdapter - Downloading https://repo.maven.apache.org/maven2/org/aspectj/aspectjweaver/1.9.21/aspectjweaver-1.9.21.jar
2024-03-07 06:28:53,549 [BasicRepositoryConnector-repo.maven.apache.org-0-3] INFO  o.e.m.c.i.e.AbstractTransferListenerAdapter - Downloading https://repo.maven.apache.org/maven2/com/zaxxer/HikariCP/5.0.1/HikariCP-5.0.1.jar
2024-03-07 06:28:53,552 [BasicRepositoryConnector-repo.maven.apache.org-0-2] INFO  o.e.m.c.i.e.AbstractTransferListenerAdapter - Downloading https://repo.maven.apache.org/maven2/jakarta/persistence/jakarta.persistence-api/3.1.0/jakarta.persistence-api-3.1.0.jar
2024-03-07 06:28:53,665 [BasicRepositoryConnector-repo.maven.apache.org-0-3] INFO  o.e.m.c.i.e.AbstractTransferListenerAdapter - Downloaded https://repo.maven.apache.org/maven2/com/zaxxer/HikariCP/5.0.1/HikariCP-5.0.1.jar
2024-03-07 06:28:53,668 [BasicRepositoryConnector-repo.maven.apache.org-0-2] INFO  o.e.m.c.i.e.AbstractTransferListenerAdapter - Downloaded https://repo.maven.apache.org/maven2/jakarta/persistence/jakarta.persistence-api/3.1.0/jakarta.persistence-api-3.1.0.jar
2024-03-07 06:28:53,702 [BasicRepositoryConnector-repo.maven.apache.org-0-3] INFO  o.e.m.c.i.e.AbstractTransferListenerAdapter - Downloading https://repo.maven.apache.org/maven2/jakarta/transaction/jakarta.transaction-api/2.0.1/jakarta.transaction-api-2.0.1.jar
2024-03-07 06:28:53,735 [BasicRepositoryConnector-repo.maven.apache.org-0-2] INFO  o.e.m.c.i.e.AbstractTransferListenerAdapter - Downloading https://repo.maven.apache.org/maven2/org/jboss/logging/jboss-logging/3.5.3.Final/jboss-logging-3.5.3.Final.jar
2024-03-07 06:28:53,740 [BasicRepositoryConnector-repo.maven.apache.org-0-3] INFO  o.e.m.c.i.e.AbstractTransferListenerAdapter - Downloaded https://repo.maven.apache.org/maven2/jakarta/transaction/jakarta.transaction-api/2.0.1/jakarta.transaction-api-2.0.1.jar
2024-03-07 06:28:53,741 [BasicRepositoryConnector-repo.maven.apache.org-0-4] INFO  o.e.m.c.i.e.AbstractTransferListenerAdapter - Downloaded https://repo.maven.apache.org/maven2/org/springframework/spring-jdbc/6.1.4/spring-jdbc-6.1.4.jar
2024-03-07 06:28:53,776 [BasicRepositoryConnector-repo.maven.apache.org-0-4] INFO  o.e.m.c.i.e.AbstractTransferListenerAdapter - Downloading https://repo.maven.apache.org/maven2/io/smallrye/jandex/3.1.2/jandex-3.1.2.jar
2024-03-07 06:28:53,777 [BasicRepositoryConnector-repo.maven.apache.org-0-3] INFO  o.e.m.c.i.e.AbstractTransferListenerAdapter - Downloading https://repo.maven.apache.org/maven2/org/hibernate/common/hibernate-commons-annotations/6.0.6.Final/hibernate-commons-annotations-6.0.6.Final.jar
2024-03-07 06:28:53,778 [BasicRepositoryConnector-repo.maven.apache.org-0-2] INFO  o.e.m.c.i.e.AbstractTransferListenerAdapter - Downloaded https://repo.maven.apache.org/maven2/org/jboss/logging/jboss-logging/3.5.3.Final/jboss-logging-3.5.3.Final.jar
2024-03-07 06:28:53,803 [BasicRepositoryConnector-repo.maven.apache.org-0-3] INFO  o.e.m.c.i.e.AbstractTransferListenerAdapter - Downloaded https://repo.maven.apache.org/maven2/org/hibernate/common/hibernate-commons-annotations/6.0.6.Final/hibernate-commons-annotations-6.0.6.Final.jar
2024-03-07 06:28:53,805 [BasicRepositoryConnector-repo.maven.apache.org-0-2] INFO  o.e.m.c.i.e.AbstractTransferListenerAdapter - Downloading https://repo.maven.apache.org/maven2/com/fasterxml/classmate/1.6.0/classmate-1.6.0.jar
2024-03-07 06:28:53,840 [BasicRepositoryConnector-repo.maven.apache.org-0-3] INFO  o.e.m.c.i.e.AbstractTransferListenerAdapter - Downloading https://repo.maven.apache.org/maven2/org/glassfish/jaxb/jaxb-runtime/4.0.4/jaxb-runtime-4.0.4.jar
2024-03-07 06:28:53,852 [BasicRepositoryConnector-repo.maven.apache.org-0-2] INFO  o.e.m.c.i.e.AbstractTransferListenerAdapter - Downloaded https://repo.maven.apache.org/maven2/com/fasterxml/classmate/1.6.0/classmate-1.6.0.jar
2024-03-07 06:28:53,910 [BasicRepositoryConnector-repo.maven.apache.org-0-4] INFO  o.e.m.c.i.e.AbstractTransferListenerAdapter - Downloaded https://repo.maven.apache.org/maven2/io/smallrye/jandex/3.1.2/jandex-3.1.2.jar
2024-03-07 06:28:53,918 [BasicRepositoryConnector-repo.maven.apache.org-0-2] INFO  o.e.m.c.i.e.AbstractTransferListenerAdapter - Downloading https://repo.maven.apache.org/maven2/org/glassfish/jaxb/jaxb-core/4.0.4/jaxb-core-4.0.4.jar
2024-03-07 06:28:53,970 [BasicRepositoryConnector-repo.maven.apache.org-0-4] INFO  o.e.m.c.i.e.AbstractTransferListenerAdapter - Downloading https://repo.maven.apache.org/maven2/org/eclipse/angus/angus-activation/2.0.1/angus-activation-2.0.1.jar
2024-03-07 06:28:53,981 [BasicRepositoryConnector-repo.maven.apache.org-0-4] INFO  o.e.m.c.i.e.AbstractTransferListenerAdapter - Downloaded https://repo.maven.apache.org/maven2/org/eclipse/angus/angus-activation/2.0.1/angus-activation-2.0.1.jar
2024-03-07 06:28:54,013 [BasicRepositoryConnector-repo.maven.apache.org-0-3] INFO  o.e.m.c.i.e.AbstractTransferListenerAdapter - Downloaded https://repo.maven.apache.org/maven2/org/glassfish/jaxb/jaxb-runtime/4.0.4/jaxb-runtime-4.0.4.jar
2024-03-07 06:28:54,034 [BasicRepositoryConnector-repo.maven.apache.org-0-4] INFO  o.e.m.c.i.e.AbstractTransferListenerAdapter - Downloading https://repo.maven.apache.org/maven2/org/glassfish/jaxb/txw2/4.0.4/txw2-4.0.4.jar
2024-03-07 06:28:54,035 [BasicRepositoryConnector-repo.maven.apache.org-0-2] INFO  o.e.m.c.i.e.AbstractTransferListenerAdapter - Downloaded https://repo.maven.apache.org/maven2/org/glassfish/jaxb/jaxb-core/4.0.4/jaxb-core-4.0.4.jar
2024-03-07 06:28:54,044 [BasicRepositoryConnector-repo.maven.apache.org-0-4] INFO  o.e.m.c.i.e.AbstractTransferListenerAdapter - Downloaded https://repo.maven.apache.org/maven2/org/glassfish/jaxb/txw2/4.0.4/txw2-4.0.4.jar
2024-03-07 06:28:54,066 [BasicRepositoryConnector-repo.maven.apache.org-0-3] INFO  o.e.m.c.i.e.AbstractTransferListenerAdapter - Downloading https://repo.maven.apache.org/maven2/com/sun/istack/istack-commons-runtime/4.1.2/istack-commons-runtime-4.1.2.jar
2024-03-07 06:28:54,072 [BasicRepositoryConnector-repo.maven.apache.org-0-2] INFO  o.e.m.c.i.e.AbstractTransferListenerAdapter - Downloading https://repo.maven.apache.org/maven2/jakarta/inject/jakarta.inject-api/2.0.1/jakarta.inject-api-2.0.1.jar
2024-03-07 06:28:54,073 [BasicRepositoryConnector-repo.maven.apache.org-0-3] INFO  o.e.m.c.i.e.AbstractTransferListenerAdapter - Downloaded https://repo.maven.apache.org/maven2/com/sun/istack/istack-commons-runtime/4.1.2/istack-commons-runtime-4.1.2.jar
2024-03-07 06:28:54,074 [BasicRepositoryConnector-repo.maven.apache.org-0-4] INFO  o.e.m.c.i.e.AbstractTransferListenerAdapter - Downloading https://repo.maven.apache.org/maven2/org/antlr/antlr4-runtime/4.13.0/antlr4-runtime-4.13.0.jar
2024-03-07 06:28:54,080 [BasicRepositoryConnector-repo.maven.apache.org-0-2] INFO  o.e.m.c.i.e.AbstractTransferListenerAdapter - Downloaded https://repo.maven.apache.org/maven2/jakarta/inject/jakarta.inject-api/2.0.1/jakarta.inject-api-2.0.1.jar
2024-03-07 06:28:54,113 [BasicRepositoryConnector-repo.maven.apache.org-0-3] INFO  o.e.m.c.i.e.AbstractTransferListenerAdapter - Downloading https://repo.maven.apache.org/maven2/org/springframework/data/spring-data-jpa/3.2.3/spring-data-jpa-3.2.3.jar
2024-03-07 06:28:54,126 [BasicRepositoryConnector-repo.maven.apache.org-0-2] INFO  o.e.m.c.i.e.AbstractTransferListenerAdapter - Downloading https://repo.maven.apache.org/maven2/org/springframework/data/spring-data-commons/3.2.3/spring-data-commons-3.2.3.jar
2024-03-07 06:28:54,356 [BasicRepositoryConnector-repo.maven.apache.org-0-4] INFO  o.e.m.c.i.e.AbstractTransferListenerAdapter - Downloaded https://repo.maven.apache.org/maven2/org/antlr/antlr4-runtime/4.13.0/antlr4-runtime-4.13.0.jar
2024-03-07 06:28:54,454 [BasicRepositoryConnector-repo.maven.apache.org-0-3] INFO  o.e.m.c.i.e.AbstractTransferListenerAdapter - Downloaded https://repo.maven.apache.org/maven2/org/springframework/data/spring-data-jpa/3.2.3/spring-data-jpa-3.2.3.jar
2024-03-07 06:28:54,464 [BasicRepositoryConnector-repo.maven.apache.org-0-4] INFO  o.e.m.c.i.e.AbstractTransferListenerAdapter - Downloading https://repo.maven.apache.org/maven2/org/springframework/spring-orm/6.1.4/spring-orm-6.1.4.jar
2024-03-07 06:28:54,503 [BasicRepositoryConnector-repo.maven.apache.org-0-3] INFO  o.e.m.c.i.e.AbstractTransferListenerAdapter - Downloading https://repo.maven.apache.org/maven2/org/springframework/spring-tx/6.1.4/spring-tx-6.1.4.jar
2024-03-07 06:28:54,558 [BasicRepositoryConnector-repo.maven.apache.org-0-3] INFO  o.e.m.c.i.e.AbstractTransferListenerAdapter - Downloaded https://repo.maven.apache.org/maven2/org/springframework/spring-tx/6.1.4/spring-tx-6.1.4.jar
2024-03-07 06:28:54,565 [BasicRepositoryConnector-repo.maven.apache.org-0-1] INFO  o.e.m.c.i.e.AbstractTransferListenerAdapter - Downloaded https://repo.maven.apache.org/maven2/org/aspectj/aspectjweaver/1.9.21/aspectjweaver-1.9.21.jar
2024-03-07 06:28:54,610 [BasicRepositoryConnector-repo.maven.apache.org-0-4] INFO  o.e.m.c.i.e.AbstractTransferListenerAdapter - Downloaded https://repo.maven.apache.org/maven2/org/springframework/spring-orm/6.1.4/spring-orm-6.1.4.jar
2024-03-07 06:28:54,615 [BasicRepositoryConnector-repo.maven.apache.org-0-3] INFO  o.e.m.c.i.e.AbstractTransferListenerAdapter - Downloading https://repo.maven.apache.org/maven2/org/springframework/spring-aspects/6.1.4/spring-aspects-6.1.4.jar
2024-03-07 06:28:54,697 [BasicRepositoryConnector-repo.maven.apache.org-0-3] INFO  o.e.m.c.i.e.AbstractTransferListenerAdapter - Downloaded https://repo.maven.apache.org/maven2/org/springframework/spring-aspects/6.1.4/spring-aspects-6.1.4.jar
2024-03-07 06:28:55,570 [BasicRepositoryConnector-repo.maven.apache.org-0-2] INFO  o.e.m.c.i.e.AbstractTransferListenerAdapter - Downloaded https://repo.maven.apache.org/maven2/org/springframework/data/spring-data-commons/3.2.3/spring-data-commons-3.2.3.jar
2024-03-07 06:28:57,981 [BasicRepositoryConnector-repo.maven.apache.org-0-0] INFO  o.e.m.c.i.e.AbstractTransferListenerAdapter - Downloaded https://repo.maven.apache.org/maven2/org/hibernate/orm/hibernate-core/6.4.4.Final/hibernate-core-6.4.4.Final.jar
2024-03-07 06:28:58,151 [Worker-58: Import Getting Started Content] INFO  o.e.m.j.i.AbstractJavaProjectConfigurator - Adding source folder /SpringBoot2RestH2DBCURDEx/src/main/java
2024-03-07 06:28:58,151 [Worker-58: Import Getting Started Content] INFO  o.e.m.j.i.AbstractJavaProjectConfigurator - Adding resource folder /SpringBoot2RestH2DBCURDEx/src/main/resources
2024-03-07 06:28:58,153 [Worker-58: Import Getting Started Content] INFO  o.e.m.j.i.AbstractJavaProjectConfigurator - Adding resource folder /SpringBoot2RestH2DBCURDEx/src/main/resources
2024-03-07 06:28:58,156 [Worker-58: Import Getting Started Content] INFO  o.e.m.j.i.AbstractJavaProjectConfigurator - Adding source folder /SpringBoot2RestH2DBCURDEx/src/test/java
2024-03-07 06:28:58,156 [Worker-58: Import Getting Started Content] INFO  o.e.m.j.i.AbstractJavaProjectConfigurator - Adding resource folder /SpringBoot2RestH2DBCURDEx/src/test/resources
2024-03-07 06:28:58,389 [Worker-58: Import Getting Started Content] INFO  o.e.m.c.i.p.ProjectConfigurationManager - Imported and configured 1 project(s) in 7 sec
2024-03-07 06:28:58,391 [Worker-58: Import Getting Started Content] INFO  o.e.m.c.i.p.ProjectConfigurationManager - Update started
2024-03-07 06:28:58,653 [Worker-58: Import Getting Started Content] INFO  o.e.m.c.i.l.LifecycleMappingFactory - Using org.eclipse.m2e.jdt.JarLifecycleMapping lifecycle mapping for MavenProject: in.aarav.rubral:SpringBoot2RestH2DBCURDEx:1.0 @ /Users/aaravrubral/Documents/workspace/SpringBoot2RestH2DBCURDEx/pom.xml.
2024-03-07 06:28:59,040 [Worker-58: Import Getting Started Content] INFO  o.e.m.j.i.AbstractJavaProjectConfigurator - Adding source folder /SpringBoot2RestH2DBCURDEx/src/main/java
2024-03-07 06:28:59,041 [Worker-58: Import Getting Started Content] INFO  o.e.m.j.i.AbstractJavaProjectConfigurator - Adding resource folder /SpringBoot2RestH2DBCURDEx/src/main/resources
2024-03-07 06:28:59,041 [Worker-58: Import Getting Started Content] INFO  o.e.m.j.i.AbstractJavaProjectConfigurator - Adding resource folder /SpringBoot2RestH2DBCURDEx/src/main/resources
2024-03-07 06:28:59,042 [Worker-58: Import Getting Started Content] INFO  o.e.m.j.i.AbstractJavaProjectConfigurator - Adding source folder /SpringBoot2RestH2DBCURDEx/src/test/java
2024-03-07 06:28:59,042 [Worker-58: Import Getting Started Content] INFO  o.e.m.j.i.AbstractJavaProjectConfigurator - Adding resource folder /SpringBoot2RestH2DBCURDEx/src/test/resources
2024-03-07 06:28:59,179 [Worker-60: Download sources and javadoc] INFO  o.e.m.c.i.e.AbstractTransferListenerAdapter - Downloading https://repo.maven.apache.org/maven2/org/springframework/boot/spring-boot-starter-data-jpa/3.2.3/spring-boot-starter-data-jpa-3.2.3-sources.jar
2024-03-07 06:28:59,183 [Worker-60: Download sources and javadoc] INFO  o.e.m.c.i.e.AbstractTransferListenerAdapter - Downloaded https://repo.maven.apache.org/maven2/org/springframework/boot/spring-boot-starter-data-jpa/3.2.3/spring-boot-starter-data-jpa-3.2.3-sources.jar
2024-03-07 06:28:59,186 [Worker-60: Download sources and javadoc] INFO  o.e.m.j.internal.DownloadSourcesJob - Downloaded sources for org.springframework.boot:spring-boot-starter-data-jpa:3.2.3
2024-03-07 06:28:59,272 [Worker-60: Download sources and javadoc] INFO  o.e.m.c.i.e.AbstractTransferListenerAdapter - Downloading https://repo.maven.apache.org/maven2/org/springframework/boot/spring-boot-starter-aop/3.2.3/spring-boot-starter-aop-3.2.3-sources.jar
2024-03-07 06:28:59,276 [Worker-60: Download sources and javadoc] INFO  o.e.m.c.i.e.AbstractTransferListenerAdapter - Downloaded https://repo.maven.apache.org/maven2/org/springframework/boot/spring-boot-starter-aop/3.2.3/spring-boot-starter-aop-3.2.3-sources.jar
2024-03-07 06:28:59,284 [Worker-60: Download sources and javadoc] INFO  o.e.m.j.internal.DownloadSourcesJob - Downloaded sources for org.springframework.boot:spring-boot-starter-aop:3.2.3
2024-03-07 06:28:59,374 [Worker-60: Download sources and javadoc] INFO  o.e.m.c.i.e.AbstractTransferListenerAdapter - Downloading https://repo.maven.apache.org/maven2/org/aspectj/aspectjweaver/1.9.21/aspectjweaver-1.9.21-sources.jar
2024-03-07 06:28:59,448 [Worker-58: Import Getting Started Content] INFO  o.e.m.c.i.p.ProjectConfigurationManager - Update completed for 1 poms: local refresh takes 0.00 sec, refresh facades takes 0.00 sec, update config takes 0.00 sec 
2024-03-07 06:28:59,838 [Worker-60: Download sources and javadoc] INFO  o.e.m.c.i.e.AbstractTransferListenerAdapter - Downloaded https://repo.maven.apache.org/maven2/org/aspectj/aspectjweaver/1.9.21/aspectjweaver-1.9.21-sources.jar
2024-03-07 06:28:59,845 [Worker-60: Download sources and javadoc] INFO  o.e.m.j.internal.DownloadSourcesJob - Downloaded sources for org.aspectj:aspectjweaver:1.9.21
2024-03-07 06:28:59,938 [Worker-60: Download sources and javadoc] INFO  o.e.m.c.i.e.AbstractTransferListenerAdapter - Downloading https://repo.maven.apache.org/maven2/org/springframework/boot/spring-boot-starter-jdbc/3.2.3/spring-boot-starter-jdbc-3.2.3-sources.jar
2024-03-07 06:28:59,941 [Worker-60: Download sources and javadoc] INFO  o.e.m.c.i.e.AbstractTransferListenerAdapter - Downloaded https://repo.maven.apache.org/maven2/org/springframework/boot/spring-boot-starter-jdbc/3.2.3/spring-boot-starter-jdbc-3.2.3-sources.jar
2024-03-07 06:28:59,945 [Worker-60: Download sources and javadoc] INFO  o.e.m.j.internal.DownloadSourcesJob - Downloaded sources for org.springframework.boot:spring-boot-starter-jdbc:3.2.3
2024-03-07 06:29:00,043 [Worker-60: Download sources and javadoc] INFO  o.e.m.c.i.e.AbstractTransferListenerAdapter - Downloading https://repo.maven.apache.org/maven2/com/zaxxer/HikariCP/5.0.1/HikariCP-5.0.1-sources.jar
2024-03-07 06:29:00,057 [Worker-63: Building] INFO  o.a.m.s.f.DefaultMavenResourcesFiltering - Copying 1 resource from src/main/resources to target/classes
2024-03-07 06:29:00,123 [Worker-63: Building] INFO  o.a.m.s.f.DefaultMavenResourcesFiltering - Copying 0 resource from src/main/resources to target/classes
2024-03-07 06:29:00,128 [Worker-63: Building] INFO  o.a.m.s.f.DefaultMavenResourcesFiltering - skip non existing resourceDirectory /Users/aaravrubral/Documents/workspace/SpringBoot2RestH2DBCURDEx/src/test/resources
2024-03-07 06:29:00,133 [Worker-60: Download sources and javadoc] INFO  o.e.m.c.i.e.AbstractTransferListenerAdapter - Downloaded https://repo.maven.apache.org/maven2/com/zaxxer/HikariCP/5.0.1/HikariCP-5.0.1-sources.jar
2024-03-07 06:29:00,136 [Worker-60: Download sources and javadoc] INFO  o.e.m.j.internal.DownloadSourcesJob - Downloaded sources for com.zaxxer:HikariCP:5.0.1
2024-03-07 06:29:00,289 [Worker-60: Download sources and javadoc] INFO  o.e.m.c.i.e.AbstractTransferListenerAdapter - Downloading https://repo.maven.apache.org/maven2/org/springframework/spring-jdbc/6.1.4/spring-jdbc-6.1.4-sources.jar
2024-03-07 06:29:00,423 [Worker-60: Download sources and javadoc] INFO  o.e.m.c.i.e.AbstractTransferListenerAdapter - Downloaded https://repo.maven.apache.org/maven2/org/springframework/spring-jdbc/6.1.4/spring-jdbc-6.1.4-sources.jar
2024-03-07 06:29:00,426 [Worker-60: Download sources and javadoc] INFO  o.e.m.j.internal.DownloadSourcesJob - Downloaded sources for org.springframework:spring-jdbc:6.1.4
2024-03-07 06:29:00,554 [Worker-60: Download sources and javadoc] INFO  o.e.m.c.i.e.AbstractTransferListenerAdapter - Downloading https://repo.maven.apache.org/maven2/org/hibernate/orm/hibernate-core/6.4.4.Final/hibernate-core-6.4.4.Final-sources.jar
2024-03-07 06:29:01,967 [Worker-60: Download sources and javadoc] INFO  o.e.m.c.i.e.AbstractTransferListenerAdapter - Downloaded https://repo.maven.apache.org/maven2/org/hibernate/orm/hibernate-core/6.4.4.Final/hibernate-core-6.4.4.Final-sources.jar
2024-03-07 06:29:01,970 [Worker-60: Download sources and javadoc] INFO  o.e.m.j.internal.DownloadSourcesJob - Downloaded sources for org.hibernate.orm:hibernate-core:6.4.4.Final
2024-03-07 06:29:02,054 [Worker-60: Download sources and javadoc] INFO  o.e.m.c.i.e.AbstractTransferListenerAdapter - Downloading https://repo.maven.apache.org/maven2/jakarta/persistence/jakarta.persistence-api/3.1.0/jakarta.persistence-api-3.1.0-sources.jar
2024-03-07 06:29:02,145 [Worker-60: Download sources and javadoc] INFO  o.e.m.c.i.e.AbstractTransferListenerAdapter - Downloaded https://repo.maven.apache.org/maven2/jakarta/persistence/jakarta.persistence-api/3.1.0/jakarta.persistence-api-3.1.0-sources.jar
2024-03-07 06:29:02,149 [Worker-60: Download sources and javadoc] INFO  o.e.m.j.internal.DownloadSourcesJob - Downloaded sources for jakarta.persistence:jakarta.persistence-api:3.1.0
2024-03-07 06:29:02,244 [Worker-60: Download sources and javadoc] INFO  o.e.m.c.i.e.AbstractTransferListenerAdapter - Downloading https://repo.maven.apache.org/maven2/jakarta/transaction/jakarta.transaction-api/2.0.1/jakarta.transaction-api-2.0.1-sources.jar
2024-03-07 06:29:02,264 [Worker-60: Download sources and javadoc] INFO  o.e.m.c.i.e.AbstractTransferListenerAdapter - Downloaded https://repo.maven.apache.org/maven2/jakarta/transaction/jakarta.transaction-api/2.0.1/jakarta.transaction-api-2.0.1-sources.jar
2024-03-07 06:29:02,267 [Worker-60: Download sources and javadoc] INFO  o.e.m.j.internal.DownloadSourcesJob - Downloaded sources for jakarta.transaction:jakarta.transaction-api:2.0.1
2024-03-07 06:29:02,353 [Worker-60: Download sources and javadoc] INFO  o.e.m.c.i.e.AbstractTransferListenerAdapter - Downloading https://repo.maven.apache.org/maven2/org/jboss/logging/jboss-logging/3.5.3.Final/jboss-logging-3.5.3.Final-sources.jar
2024-03-07 06:29:02,391 [Worker-60: Download sources and javadoc] INFO  o.e.m.c.i.e.AbstractTransferListenerAdapter - Downloaded https://repo.maven.apache.org/maven2/org/jboss/logging/jboss-logging/3.5.3.Final/jboss-logging-3.5.3.Final-sources.jar
2024-03-07 06:29:02,393 [Worker-60: Download sources and javadoc] INFO  o.e.m.j.internal.DownloadSourcesJob - Downloaded sources for org.jboss.logging:jboss-logging:3.5.3.Final
2024-03-07 06:29:02,475 [Worker-60: Download sources and javadoc] INFO  o.e.m.c.i.e.AbstractTransferListenerAdapter - Downloading https://repo.maven.apache.org/maven2/org/hibernate/common/hibernate-commons-annotations/6.0.6.Final/hibernate-commons-annotations-6.0.6.Final-sources.jar
2024-03-07 06:29:02,498 [Worker-60: Download sources and javadoc] INFO  o.e.m.c.i.e.AbstractTransferListenerAdapter - Downloaded https://repo.maven.apache.org/maven2/org/hibernate/common/hibernate-commons-annotations/6.0.6.Final/hibernate-commons-annotations-6.0.6.Final-sources.jar
2024-03-07 06:29:02,502 [Worker-60: Download sources and javadoc] INFO  o.e.m.j.internal.DownloadSourcesJob - Downloaded sources for org.hibernate.common:hibernate-commons-annotations:6.0.6.Final
2024-03-07 06:29:02,604 [Worker-60: Download sources and javadoc] INFO  o.e.m.c.i.e.AbstractTransferListenerAdapter - Downloading https://repo.maven.apache.org/maven2/io/smallrye/jandex/3.1.2/jandex-3.1.2-sources.jar
2024-03-07 06:29:02,674 [Worker-60: Download sources and javadoc] INFO  o.e.m.c.i.e.AbstractTransferListenerAdapter - Downloaded https://repo.maven.apache.org/maven2/io/smallrye/jandex/3.1.2/jandex-3.1.2-sources.jar
2024-03-07 06:29:02,677 [Worker-60: Download sources and javadoc] INFO  o.e.m.j.internal.DownloadSourcesJob - Downloaded sources for io.smallrye:jandex:3.1.2
2024-03-07 06:29:02,766 [Worker-60: Download sources and javadoc] INFO  o.e.m.c.i.e.AbstractTransferListenerAdapter - Downloading https://repo.maven.apache.org/maven2/com/fasterxml/classmate/1.6.0/classmate-1.6.0-sources.jar
2024-03-07 06:29:02,796 [Worker-60: Download sources and javadoc] INFO  o.e.m.c.i.e.AbstractTransferListenerAdapter - Downloaded https://repo.maven.apache.org/maven2/com/fasterxml/classmate/1.6.0/classmate-1.6.0-sources.jar
2024-03-07 06:29:02,799 [Worker-60: Download sources and javadoc] INFO  o.e.m.j.internal.DownloadSourcesJob - Downloaded sources for com.fasterxml:classmate:1.6.0
2024-03-07 06:29:02,898 [Worker-60: Download sources and javadoc] INFO  o.e.m.c.i.e.AbstractTransferListenerAdapter - Downloading https://repo.maven.apache.org/maven2/org/glassfish/jaxb/jaxb-runtime/4.0.4/jaxb-runtime-4.0.4-sources.jar
2024-03-07 06:29:03,035 [Worker-60: Download sources and javadoc] INFO  o.e.m.c.i.e.AbstractTransferListenerAdapter - Downloaded https://repo.maven.apache.org/maven2/org/glassfish/jaxb/jaxb-runtime/4.0.4/jaxb-runtime-4.0.4-sources.jar
2024-03-07 06:29:03,037 [Worker-60: Download sources and javadoc] INFO  o.e.m.j.internal.DownloadSourcesJob - Downloaded sources for org.glassfish.jaxb:jaxb-runtime:4.0.4
2024-03-07 06:29:03,120 [Worker-60: Download sources and javadoc] INFO  o.e.m.c.i.e.AbstractTransferListenerAdapter - Downloading https://repo.maven.apache.org/maven2/org/glassfish/jaxb/jaxb-core/4.0.4/jaxb-core-4.0.4-sources.jar
2024-03-07 06:29:03,180 [Worker-60: Download sources and javadoc] INFO  o.e.m.c.i.e.AbstractTransferListenerAdapter - Downloaded https://repo.maven.apache.org/maven2/org/glassfish/jaxb/jaxb-core/4.0.4/jaxb-core-4.0.4-sources.jar
2024-03-07 06:29:03,183 [Worker-60: Download sources and javadoc] INFO  o.e.m.j.internal.DownloadSourcesJob - Downloaded sources for org.glassfish.jaxb:jaxb-core:4.0.4
2024-03-07 06:29:03,272 [Worker-60: Download sources and javadoc] INFO  o.e.m.c.i.e.AbstractTransferListenerAdapter - Downloading https://repo.maven.apache.org/maven2/org/eclipse/angus/angus-activation/2.0.1/angus-activation-2.0.1-sources.jar
2024-03-07 06:29:03,284 [Worker-60: Download sources and javadoc] INFO  o.e.m.c.i.e.AbstractTransferListenerAdapter - Downloaded https://repo.maven.apache.org/maven2/org/eclipse/angus/angus-activation/2.0.1/angus-activation-2.0.1-sources.jar
2024-03-07 06:29:03,287 [Worker-60: Download sources and javadoc] INFO  o.e.m.j.internal.DownloadSourcesJob - Downloaded sources for org.eclipse.angus:angus-activation:2.0.1
2024-03-07 06:29:03,378 [Worker-60: Download sources and javadoc] INFO  o.e.m.c.i.e.AbstractTransferListenerAdapter - Downloading https://repo.maven.apache.org/maven2/org/glassfish/jaxb/txw2/4.0.4/txw2-4.0.4-sources.jar
2024-03-07 06:29:03,419 [Worker-60: Download sources and javadoc] INFO  o.e.m.c.i.e.AbstractTransferListenerAdapter - Downloaded https://repo.maven.apache.org/maven2/org/glassfish/jaxb/txw2/4.0.4/txw2-4.0.4-sources.jar
2024-03-07 06:29:03,422 [Worker-60: Download sources and javadoc] INFO  o.e.m.j.internal.DownloadSourcesJob - Downloaded sources for org.glassfish.jaxb:txw2:4.0.4
2024-03-07 06:29:03,510 [Worker-60: Download sources and javadoc] INFO  o.e.m.c.i.e.AbstractTransferListenerAdapter - Downloading https://repo.maven.apache.org/maven2/com/sun/istack/istack-commons-runtime/4.1.2/istack-commons-runtime-4.1.2-sources.jar
2024-03-07 06:29:03,519 [Worker-60: Download sources and javadoc] INFO  o.e.m.c.i.e.AbstractTransferListenerAdapter - Downloaded https://repo.maven.apache.org/maven2/com/sun/istack/istack-commons-runtime/4.1.2/istack-commons-runtime-4.1.2-sources.jar
2024-03-07 06:29:03,521 [Worker-60: Download sources and javadoc] INFO  o.e.m.j.internal.DownloadSourcesJob - Downloaded sources for com.sun.istack:istack-commons-runtime:4.1.2
2024-03-07 06:29:03,612 [Worker-60: Download sources and javadoc] INFO  o.e.m.c.i.e.AbstractTransferListenerAdapter - Downloading https://repo.maven.apache.org/maven2/jakarta/inject/jakarta.inject-api/2.0.1/jakarta.inject-api-2.0.1-sources.jar
2024-03-07 06:29:03,622 [Worker-60: Download sources and javadoc] INFO  o.e.m.c.i.e.AbstractTransferListenerAdapter - Downloaded https://repo.maven.apache.org/maven2/jakarta/inject/jakarta.inject-api/2.0.1/jakarta.inject-api-2.0.1-sources.jar
2024-03-07 06:29:03,624 [Worker-60: Download sources and javadoc] INFO  o.e.m.j.internal.DownloadSourcesJob - Downloaded sources for jakarta.inject:jakarta.inject-api:2.0.1
2024-03-07 06:29:03,703 [Worker-60: Download sources and javadoc] INFO  o.e.m.c.i.e.AbstractTransferListenerAdapter - Downloading https://repo.maven.apache.org/maven2/org/antlr/antlr4-runtime/4.13.0/antlr4-runtime-4.13.0-sources.jar
2024-03-07 06:29:03,781 [Worker-60: Download sources and javadoc] INFO  o.e.m.c.i.e.AbstractTransferListenerAdapter - Downloaded https://repo.maven.apache.org/maven2/org/antlr/antlr4-runtime/4.13.0/antlr4-runtime-4.13.0-sources.jar
2024-03-07 06:29:03,784 [Worker-60: Download sources and javadoc] INFO  o.e.m.j.internal.DownloadSourcesJob - Downloaded sources for org.antlr:antlr4-runtime:4.13.0
2024-03-07 06:29:03,896 [Worker-60: Download sources and javadoc] INFO  o.e.m.c.i.e.AbstractTransferListenerAdapter - Downloading https://repo.maven.apache.org/maven2/org/springframework/data/spring-data-jpa/3.2.3/spring-data-jpa-3.2.3-sources.jar
2024-03-07 06:29:04,069 [Worker-60: Download sources and javadoc] INFO  o.e.m.c.i.e.AbstractTransferListenerAdapter - Downloaded https://repo.maven.apache.org/maven2/org/springframework/data/spring-data-jpa/3.2.3/spring-data-jpa-3.2.3-sources.jar
2024-03-07 06:29:04,072 [Worker-60: Download sources and javadoc] INFO  o.e.m.j.internal.DownloadSourcesJob - Downloaded sources for org.springframework.data:spring-data-jpa:3.2.3
2024-03-07 06:29:04,155 [Worker-60: Download sources and javadoc] INFO  o.e.m.c.i.e.AbstractTransferListenerAdapter - Downloading https://repo.maven.apache.org/maven2/org/springframework/data/spring-data-commons/3.2.3/spring-data-commons-3.2.3-sources.jar
2024-03-07 06:29:04,399 [Worker-60: Download sources and javadoc] INFO  o.e.m.c.i.e.AbstractTransferListenerAdapter - Downloaded https://repo.maven.apache.org/maven2/org/springframework/data/spring-data-commons/3.2.3/spring-data-commons-3.2.3-sources.jar
2024-03-07 06:29:04,410 [Worker-60: Download sources and javadoc] INFO  o.e.m.j.internal.DownloadSourcesJob - Downloaded sources for org.springframework.data:spring-data-commons:3.2.3
2024-03-07 06:29:04,496 [Worker-60: Download sources and javadoc] INFO  o.e.m.c.i.e.AbstractTransferListenerAdapter - Downloading https://repo.maven.apache.org/maven2/org/springframework/spring-orm/6.1.4/spring-orm-6.1.4-sources.jar
2024-03-07 06:29:04,565 [Worker-60: Download sources and javadoc] INFO  o.e.m.c.i.e.AbstractTransferListenerAdapter - Downloaded https://repo.maven.apache.org/maven2/org/springframework/spring-orm/6.1.4/spring-orm-6.1.4-sources.jar
2024-03-07 06:29:04,568 [Worker-60: Download sources and javadoc] INFO  o.e.m.j.internal.DownloadSourcesJob - Downloaded sources for org.springframework:spring-orm:6.1.4
2024-03-07 06:29:04,650 [Worker-60: Download sources and javadoc] INFO  o.e.m.c.i.e.AbstractTransferListenerAdapter - Downloading https://repo.maven.apache.org/maven2/org/springframework/spring-tx/6.1.4/spring-tx-6.1.4-sources.jar
2024-03-07 06:29:04,780 [Worker-60: Download sources and javadoc] INFO  o.e.m.c.i.e.AbstractTransferListenerAdapter - Downloaded https://repo.maven.apache.org/maven2/org/springframework/spring-tx/6.1.4/spring-tx-6.1.4-sources.jar
2024-03-07 06:29:04,784 [Worker-60: Download sources and javadoc] INFO  o.e.m.j.internal.DownloadSourcesJob - Downloaded sources for org.springframework:spring-tx:6.1.4
2024-03-07 06:29:04,875 [Worker-60: Download sources and javadoc] INFO  o.e.m.c.i.e.AbstractTransferListenerAdapter - Downloading https://repo.maven.apache.org/maven2/org/springframework/spring-aspects/6.1.4/spring-aspects-6.1.4-sources.jar
2024-03-07 06:29:04,888 [Worker-60: Download sources and javadoc] INFO  o.e.m.c.i.e.AbstractTransferListenerAdapter - Downloaded https://repo.maven.apache.org/maven2/org/springframework/spring-aspects/6.1.4/spring-aspects-6.1.4-sources.jar
2024-03-07 06:29:04,891 [Worker-60: Download sources and javadoc] INFO  o.e.m.j.internal.DownloadSourcesJob - Downloaded sources for org.springframework:spring-aspects:6.1.4
2024-03-07 06:29:05,253 [Worker-55: Building] INFO  o.a.m.s.f.DefaultMavenResourcesFiltering - Copying 0 resource from src/main/resources to target/classes
2024-03-07 06:29:05,254 [Worker-55: Building] INFO  o.a.m.s.f.DefaultMavenResourcesFiltering - Copying 0 resource from src/main/resources to target/classes
2024-03-07 06:29:05,258 [Worker-55: Building] INFO  o.a.m.s.f.DefaultMavenResourcesFiltering - skip non existing resourceDirectory /Users/aaravrubral/Documents/workspace/SpringBoot2RestH2DBCURDEx/src/test/resources
2024-03-07 06:29:42,955 [Worker-58: Building] INFO  o.a.m.s.f.DefaultMavenResourcesFiltering - Copying 1 resource from src/main/resources to target/classes
2024-03-07 06:29:42,982 [Worker-58: Building] INFO  o.a.m.s.f.DefaultMavenResourcesFiltering - Copying 0 resource from src/main/resources to target/classes
2024-03-07 06:29:42,987 [Worker-58: Building] INFO  o.a.m.s.f.DefaultMavenResourcesFiltering - skip non existing resourceDirectory /Users/aaravrubral/Documents/workspace/SpringBoot2RestH2DBCURDEx/src/test/resources
2024-03-07 06:30:06,198 [Worker-65: Building] INFO  o.a.m.s.f.DefaultMavenResourcesFiltering - Copying 1 resource from src/main/resources to target/classes
2024-03-07 06:30:06,216 [Worker-65: Building] INFO  o.a.m.s.f.DefaultMavenResourcesFiltering - Copying 0 resource from src/main/resources to target/classes
2024-03-07 06:30:06,239 [Worker-65: Building] INFO  o.a.m.s.f.DefaultMavenResourcesFiltering - skip non existing resourceDirectory /Users/aaravrubral/Documents/workspace/SpringBoot2RestH2DBCURDEx/src/test/resources
2024-03-07 06:35:57,871 [Worker-55: Building] INFO  o.a.m.s.f.DefaultMavenResourcesFiltering - Copying 1 resource from src/main/resources to target/classes
2024-03-07 06:35:57,879 [Worker-55: Building] INFO  o.a.m.s.f.DefaultMavenResourcesFiltering - Copying 0 resource from src/main/resources to target/classes
2024-03-07 06:35:57,883 [Worker-55: Building] INFO  o.a.m.s.f.DefaultMavenResourcesFiltering - skip non existing resourceDirectory /Users/aaravrubral/Documents/workspace/SpringBoot2RestH2DBCURDEx/src/test/resources
2024-03-07 06:38:19,732 [Worker-69: Building] INFO  o.a.m.s.f.DefaultMavenResourcesFiltering - Copying 1 resource from src/main/resources to target/classes
2024-03-07 06:38:19,737 [Worker-69: Building] INFO  o.a.m.s.f.DefaultMavenResourcesFiltering - Copying 0 resource from src/main/resources to target/classes
2024-03-07 06:38:19,742 [Worker-69: Building] INFO  o.a.m.s.f.DefaultMavenResourcesFiltering - skip non existing resourceDirectory /Users/aaravrubral/Documents/workspace/SpringBoot2RestH2DBCURDEx/src/test/resources
2024-03-07 06:38:53,352 [Worker-71: Building] INFO  o.a.m.s.f.DefaultMavenResourcesFiltering - Copying 1 resource from src/main/resources to target/classes
2024-03-07 06:38:53,358 [Worker-71: Building] INFO  o.a.m.s.f.DefaultMavenResourcesFiltering - Copying 0 resource from src/main/resources to target/classes
2024-03-07 06:38:53,362 [Worker-71: Building] INFO  o.a.m.s.f.DefaultMavenResourcesFiltering - skip non existing resourceDirectory /Users/aaravrubral/Documents/workspace/SpringBoot2RestH2DBCURDEx/src/test/resources
2024-03-07 06:44:15,606 [Worker-71: Building] INFO  o.a.m.s.f.DefaultMavenResourcesFiltering - Copying 1 resource from src/main/resources to target/classes
2024-03-07 06:44:15,613 [Worker-71: Building] INFO  o.a.m.s.f.DefaultMavenResourcesFiltering - Copying 0 resource from src/main/resources to target/classes
2024-03-07 06:44:15,627 [Worker-71: Building] INFO  o.a.m.s.f.DefaultMavenResourcesFiltering - skip non existing resourceDirectory /Users/aaravrubral/Documents/workspace/SpringBoot2RestH2DBCURDEx/src/test/resources
2024-03-07 06:47:34,738 [Worker-63: Building] INFO  o.a.m.s.f.DefaultMavenResourcesFiltering - Copying 1 resource from src/main/resources to target/classes
2024-03-07 06:47:34,743 [Worker-63: Building] INFO  o.a.m.s.f.DefaultMavenResourcesFiltering - Copying 0 resource from src/main/resources to target/classes
2024-03-07 06:47:34,746 [Worker-63: Building] INFO  o.a.m.s.f.DefaultMavenResourcesFiltering - skip non existing resourceDirectory /Users/aaravrubral/Documents/workspace/SpringBoot2RestH2DBCURDEx/src/test/resources
2024-03-08 13:10:54,728 [Worker-77: Building] INFO  o.a.m.s.f.DefaultMavenResourcesFiltering - Copying 1 resource from src/main/resources to target/classes
2024-03-08 13:10:54,985 [Worker-77: Building] INFO  o.a.m.s.f.DefaultMavenResourcesFiltering - Copying 0 resource from src/main/resources to target/classes
2024-03-08 13:10:54,990 [Worker-77: Building] INFO  o.a.m.s.f.DefaultMavenResourcesFiltering - skip non existing resourceDirectory /Users/aaravrubral/Documents/workspace/SpringBoot2RestH2DBCURDEx/src/test/resources
2024-03-10 18:04:19,081 [Worker-4: Loading available Gradle versions] INFO  o.e.b.c.i.u.g.PublishedGradleVersions - Gradle version information cache is out-of-date. Trying to update.
2024-03-10 18:04:27,612 [Worker-4: Loading available Gradle versions] INFO  o.e.b.c.i.u.g.PublishedGradleVersions - Updating Gradle version information cache failed. Using outdated cache.
2024-03-11 05:14:19,480 [Worker-25: Building] INFO  o.a.m.s.f.DefaultMavenResourcesFiltering - Copying 1 resource from src/main/resources to target/classes
2024-03-11 05:14:19,532 [Worker-25: Building] INFO  o.a.m.s.f.DefaultMavenResourcesFiltering - Copying 0 resource from src/main/resources to target/classes
2024-03-11 05:14:19,541 [Worker-25: Building] INFO  o.a.m.s.f.DefaultMavenResourcesFiltering - skip non existing resourceDirectory /Users/aaravrubral/Documents/workspace/SpringBoot2RestH2DBCURDEx/src/test/resources
2024-03-11 05:34:01,428 [Worker-39: Launching SpringBoot2RestH2DBCURDEx - SpringBoot2RestH2DbcurdExApplication] INFO  o.a.m.s.f.DefaultMavenResourcesFiltering - Copying 1 resource from src/main/resources to target/classes
2024-03-11 05:34:01,454 [Worker-39: Launching SpringBoot2RestH2DBCURDEx - SpringBoot2RestH2DbcurdExApplication] INFO  o.a.m.s.f.DefaultMavenResourcesFiltering - Copying 0 resource from src/main/resources to target/classes
2024-03-11 05:34:01,460 [Worker-39: Launching SpringBoot2RestH2DBCURDEx - SpringBoot2RestH2DbcurdExApplication] INFO  o.a.m.s.f.DefaultMavenResourcesFiltering - skip non existing resourceDirectory /Users/aaravrubral/Documents/workspace/SpringBoot2RestH2DBCURDEx/src/test/resources
2024-03-11 05:36:05,231 [Worker-47: Building] INFO  o.a.m.s.f.DefaultMavenResourcesFiltering - Copying 0 resource from src/main/resources to target/classes
2024-03-11 05:36:05,255 [Worker-47: Building] INFO  o.a.m.s.f.DefaultMavenResourcesFiltering - Copying 1 resource from src/main/resources to target/classes
2024-03-11 05:36:05,278 [Worker-47: Building] INFO  o.a.m.s.f.DefaultMavenResourcesFiltering - skip non existing resourceDirectory /Users/aaravrubral/Documents/workspace/SpringBoot2RestH2DBCURDEx/src/test/resources
2024-03-11 05:36:27,320 [Worker-47: Building] INFO  o.a.m.s.f.DefaultMavenResourcesFiltering - Copying 1 resource from src/main/resources to target/classes
2024-03-11 05:36:27,365 [Worker-47: Building] INFO  o.a.m.s.f.DefaultMavenResourcesFiltering - Copying 0 resource from src/main/resources to target/classes
2024-03-11 05:36:27,372 [Worker-47: Building] INFO  o.a.m.s.f.DefaultMavenResourcesFiltering - skip non existing resourceDirectory /Users/aaravrubral/Documents/workspace/SpringBoot2RestH2DBCURDEx/src/test/resources
2024-03-11 05:43:51,273 [Worker-54: Building] ERROR o.e.m.c.i.p.r.ProjectRegistryManager - Could not read pom.xml
org.eclipse.core.runtime.CoreException: Could not read pom.xml
	at org.eclipse.m2e.core.internal.IMavenToolbox.readModel(IMavenToolbox.java:236)
	at org.eclipse.m2e.core.internal.project.registry.ProjectRegistryManager.refreshPhase2(ProjectRegistryManager.java:587)
	at org.eclipse.m2e.core.internal.project.registry.ProjectRegistryManager.refresh(ProjectRegistryManager.java:487)
	at org.eclipse.m2e.core.internal.project.registry.ProjectRegistryManager.refresh(ProjectRegistryManager.java:366)
	at org.eclipse.m2e.core.internal.project.registry.ProjectRegistryManager.refresh(ProjectRegistryManager.java:318)
	at org.eclipse.m2e.core.internal.builder.MavenBuilder$BuildMethod.getProjectFacade(MavenBuilder.java:146)
	at org.eclipse.m2e.core.internal.builder.MavenBuilder$BuildMethod.lambda$0(MavenBuilder.java:84)
	at org.eclipse.m2e.core.internal.embedder.MavenExecutionContext.executeBare(MavenExecutionContext.java:394)
	at org.eclipse.m2e.core.internal.embedder.MavenExecutionContext.execute(MavenExecutionContext.java:275)
	at org.eclipse.m2e.core.internal.embedder.MavenExecutionContext.execute(MavenExecutionContext.java:214)
	at org.eclipse.m2e.core.internal.builder.MavenBuilder$BuildMethod.execute(MavenBuilder.java:83)
	at org.eclipse.m2e.core.internal.builder.MavenBuilder.build(MavenBuilder.java:192)
	at org.eclipse.core.internal.events.BuildManager$2.run(BuildManager.java:1079)
	at org.eclipse.core.runtime.SafeRunner.run(SafeRunner.java:47)
	at org.eclipse.core.internal.events.BuildManager.basicBuild(BuildManager.java:296)
	at org.eclipse.core.internal.events.BuildManager.basicBuild(BuildManager.java:352)
	at org.eclipse.core.internal.events.BuildManager$1.run(BuildManager.java:441)
	at org.eclipse.core.runtime.SafeRunner.run(SafeRunner.java:47)
	at org.eclipse.core.internal.events.BuildManager.basicBuild(BuildManager.java:444)
	at org.eclipse.core.internal.events.BuildManager.basicBuildLoop(BuildManager.java:555)
	at org.eclipse.core.internal.events.BuildManager.basicBuildLoop(BuildManager.java:503)
	at org.eclipse.core.internal.events.BuildManager.build(BuildManager.java:585)
	at org.eclipse.core.internal.events.AutoBuildJob.doBuild(AutoBuildJob.java:207)
	at org.eclipse.core.internal.events.AutoBuildJob.run(AutoBuildJob.java:300)
	at org.eclipse.core.internal.jobs.Worker.run(Worker.java:63)
Caused by: org.apache.maven.model.io.ModelParseException: unexpected character in markup   (position: END_TAG seen ...</dependency>\n< ... @28:3) 
	at org.apache.maven.model.io.DefaultModelReader.read(DefaultModelReader.java:96)
	at org.apache.maven.model.io.DefaultModelReader.read(DefaultModelReader.java:74)
	at org.eclipse.m2e.core.internal.IMavenToolbox.readModel(IMavenToolbox.java:234)
	... 24 common frames omitted
Caused by: org.codehaus.plexus.util.xml.pull.XmlPullParserException: unexpected character in markup   (position: END_TAG seen ...</dependency>\n< ... @28:3) 
	at org.codehaus.plexus.util.xml.pull.MXParser.nextImpl(MXParser.java:1582)
	at org.codehaus.plexus.util.xml.pull.MXParser.next(MXParser.java:1375)
	at org.codehaus.plexus.util.xml.pull.MXParser.nextTag(MXParser.java:1357)
	at org.apache.maven.model.io.xpp3.MavenXpp3Reader.parseModel(MavenXpp3Reader.java:2317)
	at org.apache.maven.model.io.xpp3.MavenXpp3Reader.read(MavenXpp3Reader.java:623)
	at org.apache.maven.model.io.xpp3.MavenXpp3Reader.read(MavenXpp3Reader.java:654)
	at org.apache.maven.model.io.DefaultModelReader.read(DefaultModelReader.java:93)
	... 26 common frames omitted
2024-03-11 05:43:52,502 [Worker-52: Building] ERROR o.e.m.c.i.p.r.ProjectRegistryManager - Could not read pom.xml
org.eclipse.core.runtime.CoreException: Could not read pom.xml
	at org.eclipse.m2e.core.internal.IMavenToolbox.readModel(IMavenToolbox.java:236)
	at org.eclipse.m2e.core.internal.project.registry.ProjectRegistryManager.refreshPhase2(ProjectRegistryManager.java:587)
	at org.eclipse.m2e.core.internal.project.registry.ProjectRegistryManager.refresh(ProjectRegistryManager.java:487)
	at org.eclipse.m2e.core.internal.project.registry.ProjectRegistryManager.refresh(ProjectRegistryManager.java:366)
	at org.eclipse.m2e.core.internal.project.registry.ProjectRegistryManager.refresh(ProjectRegistryManager.java:318)
	at org.eclipse.m2e.core.internal.builder.MavenBuilder$BuildMethod.getProjectFacade(MavenBuilder.java:146)
	at org.eclipse.m2e.core.internal.builder.MavenBuilder$BuildMethod.lambda$0(MavenBuilder.java:84)
	at org.eclipse.m2e.core.internal.embedder.MavenExecutionContext.executeBare(MavenExecutionContext.java:394)
	at org.eclipse.m2e.core.internal.embedder.MavenExecutionContext.execute(MavenExecutionContext.java:275)
	at org.eclipse.m2e.core.internal.embedder.MavenExecutionContext.execute(MavenExecutionContext.java:214)
	at org.eclipse.m2e.core.internal.builder.MavenBuilder$BuildMethod.execute(MavenBuilder.java:83)
	at org.eclipse.m2e.core.internal.builder.MavenBuilder.build(MavenBuilder.java:192)
	at org.eclipse.core.internal.events.BuildManager$2.run(BuildManager.java:1079)
	at org.eclipse.core.runtime.SafeRunner.run(SafeRunner.java:47)
	at org.eclipse.core.internal.events.BuildManager.basicBuild(BuildManager.java:296)
	at org.eclipse.core.internal.events.BuildManager.basicBuild(BuildManager.java:352)
	at org.eclipse.core.internal.events.BuildManager$1.run(BuildManager.java:441)
	at org.eclipse.core.runtime.SafeRunner.run(SafeRunner.java:47)
	at org.eclipse.core.internal.events.BuildManager.basicBuild(BuildManager.java:444)
	at org.eclipse.core.internal.events.BuildManager.basicBuildLoop(BuildManager.java:555)
	at org.eclipse.core.internal.events.BuildManager.basicBuildLoop(BuildManager.java:503)
	at org.eclipse.core.internal.events.BuildManager.build(BuildManager.java:585)
	at org.eclipse.core.internal.events.AutoBuildJob.doBuild(AutoBuildJob.java:207)
	at org.eclipse.core.internal.events.AutoBuildJob.run(AutoBuildJob.java:300)
	at org.eclipse.core.internal.jobs.Worker.run(Worker.java:63)
Caused by: org.apache.maven.model.io.ModelParseException: unexpected character in markup   (position: END_TAG seen ...</dependency>\n< ... @28:3) 
	at org.apache.maven.model.io.DefaultModelReader.read(DefaultModelReader.java:96)
	at org.apache.maven.model.io.DefaultModelReader.read(DefaultModelReader.java:74)
	at org.eclipse.m2e.core.internal.IMavenToolbox.readModel(IMavenToolbox.java:234)
	... 24 common frames omitted
Caused by: org.codehaus.plexus.util.xml.pull.XmlPullParserException: unexpected character in markup   (position: END_TAG seen ...</dependency>\n< ... @28:3) 
	at org.codehaus.plexus.util.xml.pull.MXParser.nextImpl(MXParser.java:1582)
	at org.codehaus.plexus.util.xml.pull.MXParser.next(MXParser.java:1375)
	at org.codehaus.plexus.util.xml.pull.MXParser.nextTag(MXParser.java:1357)
	at org.apache.maven.model.io.xpp3.MavenXpp3Reader.parseModel(MavenXpp3Reader.java:2317)
	at org.apache.maven.model.io.xpp3.MavenXpp3Reader.read(MavenXpp3Reader.java:623)
	at org.apache.maven.model.io.xpp3.MavenXpp3Reader.read(MavenXpp3Reader.java:654)
	at org.apache.maven.model.io.DefaultModelReader.read(DefaultModelReader.java:93)
	... 26 common frames omitted
2024-03-11 05:45:32,990 [Worker-48: Building] INFO  o.e.m.c.i.l.LifecycleMappingFactory - Using org.eclipse.m2e.jdt.JarLifecycleMapping lifecycle mapping for MavenProject: in.aarav.rubral:SpringBoot2RestH2DBCURDEx:1.0 @ /Users/aaravrubral/Documents/workspace/SpringBoot2RestH2DBCURDEx/pom.xml.
2024-03-11 05:45:33,474 [Worker-48: Building] INFO  o.a.m.s.f.DefaultMavenResourcesFiltering - Copying 1 resource from src/main/resources to target/classes
2024-03-11 05:45:33,493 [Worker-48: Building] INFO  o.a.m.s.f.DefaultMavenResourcesFiltering - Copying 1 resource from src/main/resources to target/classes
2024-03-11 05:45:33,500 [Worker-48: Building] INFO  o.a.m.s.f.DefaultMavenResourcesFiltering - skip non existing resourceDirectory /Users/aaravrubral/Documents/workspace/SpringBoot2RestH2DBCURDEx/src/test/resources
2024-03-11 05:46:40,068 [Worker-54: Updating Maven Project] INFO  o.e.m.c.i.p.ProjectConfigurationManager - Update started
2024-03-11 05:46:40,364 [Worker-54: Updating Maven Project] INFO  o.e.m.c.i.l.LifecycleMappingFactory - Using org.eclipse.m2e.jdt.JarLifecycleMapping lifecycle mapping for MavenProject: in.aarav.rubral:SpringBoot2RestH2DBCURDEx:1.0 @ /Users/aaravrubral/Documents/workspace/SpringBoot2RestH2DBCURDEx/pom.xml.
2024-03-11 05:46:41,201 [Worker-54: Updating Maven Project] INFO  o.e.m.j.i.AbstractJavaProjectConfigurator - Adding source folder /SpringBoot2RestH2DBCURDEx/src/main/java
2024-03-11 05:46:41,201 [Worker-54: Updating Maven Project] INFO  o.e.m.j.i.AbstractJavaProjectConfigurator - Adding resource folder /SpringBoot2RestH2DBCURDEx/src/main/resources
2024-03-11 05:46:41,202 [Worker-54: Updating Maven Project] INFO  o.e.m.j.i.AbstractJavaProjectConfigurator - Adding resource folder /SpringBoot2RestH2DBCURDEx/src/main/resources
2024-03-11 05:46:41,203 [Worker-54: Updating Maven Project] INFO  o.e.m.j.i.AbstractJavaProjectConfigurator - Adding source folder /SpringBoot2RestH2DBCURDEx/src/test/java
2024-03-11 05:46:41,203 [Worker-54: Updating Maven Project] INFO  o.e.m.j.i.AbstractJavaProjectConfigurator - Adding resource folder /SpringBoot2RestH2DBCURDEx/src/test/resources
2024-03-11 05:46:41,570 [Worker-54: Updating Maven Project] INFO  o.e.m.c.i.p.ProjectConfigurationManager - Update completed for 1 poms: local refresh takes 0.00 sec, refresh facades takes 1.00 sec, update config takes 0.00 sec 
2024-03-11 05:46:42,073 [Worker-64: Building] INFO  o.a.m.s.f.DefaultMavenResourcesFiltering - Copying 1 resource from src/main/resources to target/classes
2024-03-11 05:46:42,100 [Worker-64: Building] INFO  o.a.m.s.f.DefaultMavenResourcesFiltering - Copying 1 resource from src/main/resources to target/classes
2024-03-11 05:46:42,110 [Worker-64: Building] INFO  o.a.m.s.f.DefaultMavenResourcesFiltering - skip non existing resourceDirectory /Users/aaravrubral/Documents/workspace/SpringBoot2RestH2DBCURDEx/src/test/resources
2024-03-11 05:46:51,364 [Worker-53: Launching SpringBoot2RestH2DBCURDEx - SpringBoot2RestH2DbcurdExApplication] INFO  o.a.m.s.f.DefaultMavenResourcesFiltering - Copying 1 resource from src/main/resources to target/classes
2024-03-11 05:46:51,410 [Worker-53: Launching SpringBoot2RestH2DBCURDEx - SpringBoot2RestH2DbcurdExApplication] INFO  o.a.m.s.f.DefaultMavenResourcesFiltering - Copying 0 resource from src/main/resources to target/classes
2024-03-11 05:46:51,417 [Worker-53: Launching SpringBoot2RestH2DBCURDEx - SpringBoot2RestH2DbcurdExApplication] INFO  o.a.m.s.f.DefaultMavenResourcesFiltering - skip non existing resourceDirectory /Users/aaravrubral/Documents/workspace/SpringBoot2RestH2DBCURDEx/src/test/resources
2024-03-11 05:49:32,788 [Worker-53: Building] INFO  o.a.m.s.f.DefaultMavenResourcesFiltering - Copying 1 resource from src/main/resources to target/classes
2024-03-11 05:49:32,816 [Worker-53: Building] INFO  o.a.m.s.f.DefaultMavenResourcesFiltering - Copying 0 resource from src/main/resources to target/classes
2024-03-11 05:49:32,849 [Worker-53: Building] INFO  o.a.m.s.f.DefaultMavenResourcesFiltering - skip non existing resourceDirectory /Users/aaravrubral/Documents/workspace/SpringBoot2RestH2DBCURDEx/src/test/resources
2024-03-11 05:54:46,329 [Worker-73: Building] INFO  o.a.m.s.f.DefaultMavenResourcesFiltering - Copying 1 resource from src/main/resources to target/classes
2024-03-11 05:54:46,342 [Worker-73: Building] INFO  o.a.m.s.f.DefaultMavenResourcesFiltering - Copying 0 resource from src/main/resources to target/classes
2024-03-11 05:54:46,347 [Worker-73: Building] INFO  o.a.m.s.f.DefaultMavenResourcesFiltering - skip non existing resourceDirectory /Users/aaravrubral/Documents/workspace/SpringBoot2RestH2DBCURDEx/src/test/resources
2024-03-11 05:55:46,962 [Worker-72: Building] INFO  o.a.m.s.f.DefaultMavenResourcesFiltering - Copying 1 resource from src/main/resources to target/classes
2024-03-11 05:55:46,979 [Worker-72: Building] INFO  o.a.m.s.f.DefaultMavenResourcesFiltering - Copying 1 resource from src/main/resources to target/classes
2024-03-11 05:55:46,988 [Worker-72: Building] INFO  o.a.m.s.f.DefaultMavenResourcesFiltering - skip non existing resourceDirectory /Users/aaravrubral/Documents/workspace/SpringBoot2RestH2DBCURDEx/src/test/resources
2024-03-11 05:58:08,211 [Worker-77: Building] INFO  o.e.m.c.i.l.LifecycleMappingFactory - Using org.eclipse.m2e.jdt.JarLifecycleMapping lifecycle mapping for MavenProject: in.aarav.rubral:SpringBoot2RestH2DBCURDEx:1.0 @ /Users/aaravrubral/Documents/workspace/SpringBoot2RestH2DBCURDEx/pom.xml.
2024-03-11 05:58:08,825 [Worker-77: Building] INFO  o.a.m.s.f.DefaultMavenResourcesFiltering - Copying 0 resource from src/main/resources to target/classes
2024-03-11 05:58:08,826 [Worker-77: Building] INFO  o.a.m.s.f.DefaultMavenResourcesFiltering - Copying 0 resource from src/main/resources to target/classes
2024-03-11 05:58:08,831 [Worker-77: Building] INFO  o.a.m.s.f.DefaultMavenResourcesFiltering - skip non existing resourceDirectory /Users/aaravrubral/Documents/workspace/SpringBoot2RestH2DBCURDEx/src/test/resources
2024-03-11 05:59:51,270 [Worker-75: Launching SpringBoot2RestH2DBCURDEx] INFO  o.eclipse.m2e.core.internal.Bundles - getClasspathEntries(Bundle=org.eclipse.m2e.maven.runtime_3.9.500.20231113-2345 [338])
2024-03-11 05:59:51,273 [Worker-75: Launching SpringBoot2RestH2DBCURDEx] INFO  o.eclipse.m2e.core.internal.Bundles - 	Entry: /Applications/SpringToolSuite4.app/Contents/Eclipse/plugins/org.eclipse.m2e.maven.runtime_3.9.500.20231113-2345
2024-03-11 05:59:51,274 [Worker-75: Launching SpringBoot2RestH2DBCURDEx] INFO  o.eclipse.m2e.core.internal.Bundles - 	Entry: /Applications/SpringToolSuite4.app/Contents/Eclipse/plugins/org.eclipse.m2e.maven.runtime_3.9.500.20231113-2345/jars/aopalliance-1.0.jar
2024-03-11 05:59:51,275 [Worker-75: Launching SpringBoot2RestH2DBCURDEx] INFO  o.eclipse.m2e.core.internal.Bundles - 	Entry: /Applications/SpringToolSuite4.app/Contents/Eclipse/plugins/org.eclipse.m2e.maven.runtime_3.9.500.20231113-2345/jars/guice-5.1.0.jar
2024-03-11 05:59:51,276 [Worker-75: Launching SpringBoot2RestH2DBCURDEx] INFO  o.eclipse.m2e.core.internal.Bundles - 	Entry: /Applications/SpringToolSuite4.app/Contents/Eclipse/plugins/org.eclipse.m2e.maven.runtime_3.9.500.20231113-2345/jars/httpclient-4.5.14.jar
2024-03-11 05:59:51,276 [Worker-75: Launching SpringBoot2RestH2DBCURDEx] INFO  o.eclipse.m2e.core.internal.Bundles - 	Entry: /Applications/SpringToolSuite4.app/Contents/Eclipse/plugins/org.eclipse.m2e.maven.runtime_3.9.500.20231113-2345/jars/httpcore-4.4.16.jar
2024-03-11 05:59:51,276 [Worker-75: Launching SpringBoot2RestH2DBCURDEx] INFO  o.eclipse.m2e.core.internal.Bundles - 	Entry: /Applications/SpringToolSuite4.app/Contents/Eclipse/plugins/org.eclipse.m2e.maven.runtime_3.9.500.20231113-2345/jars/jansi-2.4.0.jar
2024-03-11 05:59:51,277 [Worker-75: Launching SpringBoot2RestH2DBCURDEx] INFO  o.eclipse.m2e.core.internal.Bundles - 	Entry: /Applications/SpringToolSuite4.app/Contents/Eclipse/plugins/org.eclipse.m2e.maven.runtime_3.9.500.20231113-2345/jars/jcl-over-slf4j-1.7.36.jar
2024-03-11 05:59:51,277 [Worker-75: Launching SpringBoot2RestH2DBCURDEx] INFO  o.eclipse.m2e.core.internal.Bundles - 	Entry: /Applications/SpringToolSuite4.app/Contents/Eclipse/plugins/org.eclipse.m2e.maven.runtime_3.9.500.20231113-2345/jars/maven-artifact-3.9.5.jar
2024-03-11 05:59:51,277 [Worker-75: Launching SpringBoot2RestH2DBCURDEx] INFO  o.eclipse.m2e.core.internal.Bundles - 	Entry: /Applications/SpringToolSuite4.app/Contents/Eclipse/plugins/org.eclipse.m2e.maven.runtime_3.9.500.20231113-2345/jars/maven-builder-support-3.9.5.jar
2024-03-11 05:59:51,277 [Worker-75: Launching SpringBoot2RestH2DBCURDEx] INFO  o.eclipse.m2e.core.internal.Bundles - 	Entry: /Applications/SpringToolSuite4.app/Contents/Eclipse/plugins/org.eclipse.m2e.maven.runtime_3.9.500.20231113-2345/jars/maven-compat-3.9.5.jar
2024-03-11 05:59:51,277 [Worker-75: Launching SpringBoot2RestH2DBCURDEx] INFO  o.eclipse.m2e.core.internal.Bundles - 	Entry: /Applications/SpringToolSuite4.app/Contents/Eclipse/plugins/org.eclipse.m2e.maven.runtime_3.9.500.20231113-2345/jars/maven-core-3.9.5.jar
2024-03-11 05:59:51,278 [Worker-75: Launching SpringBoot2RestH2DBCURDEx] INFO  o.eclipse.m2e.core.internal.Bundles - 	Entry: /Applications/SpringToolSuite4.app/Contents/Eclipse/plugins/org.eclipse.m2e.maven.runtime_3.9.500.20231113-2345/jars/maven-embedder-3.9.5.jar
2024-03-11 05:59:51,283 [Worker-75: Launching SpringBoot2RestH2DBCURDEx] INFO  o.eclipse.m2e.core.internal.Bundles - 	Entry: /Applications/SpringToolSuite4.app/Contents/Eclipse/plugins/org.eclipse.m2e.maven.runtime_3.9.500.20231113-2345/jars/maven-model-3.9.5.jar
2024-03-11 05:59:51,284 [Worker-75: Launching SpringBoot2RestH2DBCURDEx] INFO  o.eclipse.m2e.core.internal.Bundles - 	Entry: /Applications/SpringToolSuite4.app/Contents/Eclipse/plugins/org.eclipse.m2e.maven.runtime_3.9.500.20231113-2345/jars/maven-model-builder-3.9.5.jar
2024-03-11 05:59:51,284 [Worker-75: Launching SpringBoot2RestH2DBCURDEx] INFO  o.eclipse.m2e.core.internal.Bundles - 	Entry: /Applications/SpringToolSuite4.app/Contents/Eclipse/plugins/org.eclipse.m2e.maven.runtime_3.9.500.20231113-2345/jars/maven-plugin-api-3.9.5.jar
2024-03-11 05:59:51,284 [Worker-75: Launching SpringBoot2RestH2DBCURDEx] INFO  o.eclipse.m2e.core.internal.Bundles - 	Entry: /Applications/SpringToolSuite4.app/Contents/Eclipse/plugins/org.eclipse.m2e.maven.runtime_3.9.500.20231113-2345/jars/maven-repository-metadata-3.9.5.jar
2024-03-11 05:59:51,284 [Worker-75: Launching SpringBoot2RestH2DBCURDEx] INFO  o.eclipse.m2e.core.internal.Bundles - 	Entry: /Applications/SpringToolSuite4.app/Contents/Eclipse/plugins/org.eclipse.m2e.maven.runtime_3.9.500.20231113-2345/jars/maven-resolver-api-1.9.16.jar
2024-03-11 05:59:51,284 [Worker-75: Launching SpringBoot2RestH2DBCURDEx] INFO  o.eclipse.m2e.core.internal.Bundles - 	Entry: /Applications/SpringToolSuite4.app/Contents/Eclipse/plugins/org.eclipse.m2e.maven.runtime_3.9.500.20231113-2345/jars/maven-resolver-connector-basic-1.9.16.jar
2024-03-11 05:59:51,285 [Worker-75: Launching SpringBoot2RestH2DBCURDEx] INFO  o.eclipse.m2e.core.internal.Bundles - 	Entry: /Applications/SpringToolSuite4.app/Contents/Eclipse/plugins/org.eclipse.m2e.maven.runtime_3.9.500.20231113-2345/jars/maven-resolver-impl-1.9.16.jar
2024-03-11 05:59:51,285 [Worker-75: Launching SpringBoot2RestH2DBCURDEx] INFO  o.eclipse.m2e.core.internal.Bundles - 	Entry: /Applications/SpringToolSuite4.app/Contents/Eclipse/plugins/org.eclipse.m2e.maven.runtime_3.9.500.20231113-2345/jars/maven-resolver-named-locks-1.9.16.jar
2024-03-11 05:59:51,285 [Worker-75: Launching SpringBoot2RestH2DBCURDEx] INFO  o.eclipse.m2e.core.internal.Bundles - 	Entry: /Applications/SpringToolSuite4.app/Contents/Eclipse/plugins/org.eclipse.m2e.maven.runtime_3.9.500.20231113-2345/jars/maven-resolver-provider-3.9.5.jar
2024-03-11 05:59:51,285 [Worker-75: Launching SpringBoot2RestH2DBCURDEx] INFO  o.eclipse.m2e.core.internal.Bundles - 	Entry: /Applications/SpringToolSuite4.app/Contents/Eclipse/plugins/org.eclipse.m2e.maven.runtime_3.9.500.20231113-2345/jars/maven-resolver-spi-1.9.16.jar
2024-03-11 05:59:51,285 [Worker-75: Launching SpringBoot2RestH2DBCURDEx] INFO  o.eclipse.m2e.core.internal.Bundles - 	Entry: /Applications/SpringToolSuite4.app/Contents/Eclipse/plugins/org.eclipse.m2e.maven.runtime_3.9.500.20231113-2345/jars/maven-resolver-transport-file-1.9.16.jar
2024-03-11 05:59:51,285 [Worker-75: Launching SpringBoot2RestH2DBCURDEx] INFO  o.eclipse.m2e.core.internal.Bundles - 	Entry: /Applications/SpringToolSuite4.app/Contents/Eclipse/plugins/org.eclipse.m2e.maven.runtime_3.9.500.20231113-2345/jars/maven-resolver-transport-http-1.9.16.jar
2024-03-11 05:59:51,286 [Worker-75: Launching SpringBoot2RestH2DBCURDEx] INFO  o.eclipse.m2e.core.internal.Bundles - 	Entry: /Applications/SpringToolSuite4.app/Contents/Eclipse/plugins/org.eclipse.m2e.maven.runtime_3.9.500.20231113-2345/jars/maven-resolver-transport-wagon-1.9.16.jar
2024-03-11 05:59:51,286 [Worker-75: Launching SpringBoot2RestH2DBCURDEx] INFO  o.eclipse.m2e.core.internal.Bundles - 	Entry: /Applications/SpringToolSuite4.app/Contents/Eclipse/plugins/org.eclipse.m2e.maven.runtime_3.9.500.20231113-2345/jars/maven-resolver-util-1.9.16.jar
2024-03-11 05:59:51,286 [Worker-75: Launching SpringBoot2RestH2DBCURDEx] INFO  o.eclipse.m2e.core.internal.Bundles - 	Entry: /Applications/SpringToolSuite4.app/Contents/Eclipse/plugins/org.eclipse.m2e.maven.runtime_3.9.500.20231113-2345/jars/maven-settings-3.9.5.jar
2024-03-11 05:59:51,286 [Worker-75: Launching SpringBoot2RestH2DBCURDEx] INFO  o.eclipse.m2e.core.internal.Bundles - 	Entry: /Applications/SpringToolSuite4.app/Contents/Eclipse/plugins/org.eclipse.m2e.maven.runtime_3.9.500.20231113-2345/jars/maven-settings-builder-3.9.5.jar
2024-03-11 05:59:51,286 [Worker-75: Launching SpringBoot2RestH2DBCURDEx] INFO  o.eclipse.m2e.core.internal.Bundles - 	Entry: /Applications/SpringToolSuite4.app/Contents/Eclipse/plugins/org.eclipse.m2e.maven.runtime_3.9.500.20231113-2345/jars/maven-shared-utils-3.3.4.jar
2024-03-11 05:59:51,287 [Worker-75: Launching SpringBoot2RestH2DBCURDEx] INFO  o.eclipse.m2e.core.internal.Bundles - 	Entry: /Applications/SpringToolSuite4.app/Contents/Eclipse/plugins/org.eclipse.m2e.maven.runtime_3.9.500.20231113-2345/jars/org.eclipse.sisu.inject-0.3.5.jar
2024-03-11 05:59:51,287 [Worker-75: Launching SpringBoot2RestH2DBCURDEx] INFO  o.eclipse.m2e.core.internal.Bundles - 	Entry: /Applications/SpringToolSuite4.app/Contents/Eclipse/plugins/org.eclipse.m2e.maven.runtime_3.9.500.20231113-2345/jars/org.eclipse.sisu.plexus-0.3.5.jar
2024-03-11 05:59:51,287 [Worker-75: Launching SpringBoot2RestH2DBCURDEx] INFO  o.eclipse.m2e.core.internal.Bundles - 	Entry: /Applications/SpringToolSuite4.app/Contents/Eclipse/plugins/org.eclipse.m2e.maven.runtime_3.9.500.20231113-2345/jars/plexus-build-api-0.0.7.jar
2024-03-11 05:59:51,287 [Worker-75: Launching SpringBoot2RestH2DBCURDEx] INFO  o.eclipse.m2e.core.internal.Bundles - 	Entry: /Applications/SpringToolSuite4.app/Contents/Eclipse/plugins/org.eclipse.m2e.maven.runtime_3.9.500.20231113-2345/jars/plexus-cipher-2.0.jar
2024-03-11 05:59:51,287 [Worker-75: Launching SpringBoot2RestH2DBCURDEx] INFO  o.eclipse.m2e.core.internal.Bundles - 	Entry: /Applications/SpringToolSuite4.app/Contents/Eclipse/plugins/org.eclipse.m2e.maven.runtime_3.9.500.20231113-2345/jars/plexus-classworlds-2.7.0.jar
2024-03-11 05:59:51,287 [Worker-75: Launching SpringBoot2RestH2DBCURDEx] INFO  o.eclipse.m2e.core.internal.Bundles - 	Entry: /Applications/SpringToolSuite4.app/Contents/Eclipse/plugins/org.eclipse.m2e.maven.runtime_3.9.500.20231113-2345/jars/plexus-component-annotations-2.1.0.jar
2024-03-11 05:59:51,287 [Worker-75: Launching SpringBoot2RestH2DBCURDEx] INFO  o.eclipse.m2e.core.internal.Bundles - 	Entry: /Applications/SpringToolSuite4.app/Contents/Eclipse/plugins/org.eclipse.m2e.maven.runtime_3.9.500.20231113-2345/jars/plexus-interpolation-1.26.jar
2024-03-11 05:59:51,287 [Worker-75: Launching SpringBoot2RestH2DBCURDEx] INFO  o.eclipse.m2e.core.internal.Bundles - 	Entry: /Applications/SpringToolSuite4.app/Contents/Eclipse/plugins/org.eclipse.m2e.maven.runtime_3.9.500.20231113-2345/jars/plexus-sec-dispatcher-2.0.jar
2024-03-11 05:59:51,287 [Worker-75: Launching SpringBoot2RestH2DBCURDEx] INFO  o.eclipse.m2e.core.internal.Bundles - 	Entry: /Applications/SpringToolSuite4.app/Contents/Eclipse/plugins/org.eclipse.m2e.maven.runtime_3.9.500.20231113-2345/jars/plexus-utils-3.5.1.jar
2024-03-11 05:59:51,288 [Worker-75: Launching SpringBoot2RestH2DBCURDEx] INFO  o.eclipse.m2e.core.internal.Bundles - 	Entry: /Applications/SpringToolSuite4.app/Contents/Eclipse/plugins/org.eclipse.m2e.maven.runtime_3.9.500.20231113-2345/jars/wagon-file-3.5.3.jar
2024-03-11 05:59:51,288 [Worker-75: Launching SpringBoot2RestH2DBCURDEx] INFO  o.eclipse.m2e.core.internal.Bundles - 	Entry: /Applications/SpringToolSuite4.app/Contents/Eclipse/plugins/org.eclipse.m2e.maven.runtime_3.9.500.20231113-2345/jars/wagon-http-3.5.3.jar
2024-03-11 05:59:51,288 [Worker-75: Launching SpringBoot2RestH2DBCURDEx] INFO  o.eclipse.m2e.core.internal.Bundles - 	Entry: /Applications/SpringToolSuite4.app/Contents/Eclipse/plugins/org.eclipse.m2e.maven.runtime_3.9.500.20231113-2345/jars/wagon-http-shared-3.5.3.jar
2024-03-11 05:59:51,288 [Worker-75: Launching SpringBoot2RestH2DBCURDEx] INFO  o.eclipse.m2e.core.internal.Bundles - 	Entry: /Applications/SpringToolSuite4.app/Contents/Eclipse/plugins/org.eclipse.m2e.maven.runtime_3.9.500.20231113-2345/jars/wagon-provider-api-3.5.3.jar
2024-03-11 05:59:51,290 [Worker-75: Launching SpringBoot2RestH2DBCURDEx] INFO  o.eclipse.m2e.core.internal.Bundles - getClasspathEntries(Bundle=com.google.guava_33.0.0.jre [25])
2024-03-11 05:59:51,290 [Worker-75: Launching SpringBoot2RestH2DBCURDEx] INFO  o.eclipse.m2e.core.internal.Bundles - 	Entry: /Applications/SpringToolSuite4.app/Contents/Eclipse/plugins/com.google.guava_33.0.0.jre.jar
2024-03-11 05:59:51,290 [Worker-75: Launching SpringBoot2RestH2DBCURDEx] INFO  o.eclipse.m2e.core.internal.Bundles - getClasspathEntries(Bundle=slf4j.api_2.0.9 [565])
2024-03-11 05:59:51,291 [Worker-75: Launching SpringBoot2RestH2DBCURDEx] INFO  o.eclipse.m2e.core.internal.Bundles - 	Entry: /Applications/SpringToolSuite4.app/Contents/Eclipse/plugins/slf4j.api_2.0.9.jar
2024-03-11 05:59:51,291 [Worker-75: Launching SpringBoot2RestH2DBCURDEx] INFO  o.eclipse.m2e.core.internal.Bundles - getClasspathEntries(Bundle=jakarta.inject.jakarta.inject-api_1.0.5 [41])
2024-03-11 05:59:51,291 [Worker-75: Launching SpringBoot2RestH2DBCURDEx] INFO  o.eclipse.m2e.core.internal.Bundles - 	Entry: /Applications/SpringToolSuite4.app/Contents/Eclipse/plugins/jakarta.inject.jakarta.inject-api_1.0.5.jar
2024-03-11 05:59:51,291 [Worker-75: Launching SpringBoot2RestH2DBCURDEx] INFO  o.eclipse.m2e.core.internal.Bundles - getClasspathEntries(Bundle=jakarta.annotation-api_1.3.5 [37])
2024-03-11 05:59:51,291 [Worker-75: Launching SpringBoot2RestH2DBCURDEx] INFO  o.eclipse.m2e.core.internal.Bundles - 	Entry: /Applications/SpringToolSuite4.app/Contents/Eclipse/plugins/jakarta.annotation-api_1.3.5.jar
2024-03-11 05:59:51,291 [Worker-75: Launching SpringBoot2RestH2DBCURDEx] INFO  o.eclipse.m2e.core.internal.Bundles - getClasspathEntries(Bundle=org.apache.commons.cli_1.6.0 [71])
2024-03-11 05:59:51,291 [Worker-75: Launching SpringBoot2RestH2DBCURDEx] INFO  o.eclipse.m2e.core.internal.Bundles - 	Entry: /Applications/SpringToolSuite4.app/Contents/Eclipse/plugins/org.apache.commons.cli_1.6.0.jar
2024-03-11 05:59:51,292 [Worker-75: Launching SpringBoot2RestH2DBCURDEx] INFO  o.eclipse.m2e.core.internal.Bundles - getClasspathEntries(Bundle=org.apache.commons.commons-codec_1.16.0 [73])
2024-03-11 05:59:51,292 [Worker-75: Launching SpringBoot2RestH2DBCURDEx] INFO  o.eclipse.m2e.core.internal.Bundles - 	Entry: /Applications/SpringToolSuite4.app/Contents/Eclipse/plugins/org.apache.commons.commons-codec_1.16.0.jar
2024-03-11 05:59:51,292 [Worker-75: Launching SpringBoot2RestH2DBCURDEx] INFO  o.eclipse.m2e.core.internal.Bundles - getClasspathEntries(Bundle=org.apache.commons.lang3_3.13.0 [77])
2024-03-11 05:59:51,292 [Worker-75: Launching SpringBoot2RestH2DBCURDEx] INFO  o.eclipse.m2e.core.internal.Bundles - 	Entry: /Applications/SpringToolSuite4.app/Contents/Eclipse/plugins/org.apache.commons.lang3_3.13.0.jar
2024-03-11 05:59:51,292 [Worker-75: Launching SpringBoot2RestH2DBCURDEx] INFO  o.eclipse.m2e.core.internal.Bundles - getClasspathEntries(Bundle=com.google.guava.failureaccess_1.0.2 [27])
2024-03-11 05:59:51,292 [Worker-75: Launching SpringBoot2RestH2DBCURDEx] INFO  o.eclipse.m2e.core.internal.Bundles - 	Entry: /Applications/SpringToolSuite4.app/Contents/Eclipse/plugins/com.google.guava.failureaccess_1.0.2.jar
2024-03-11 05:59:51,297 [Worker-75: Launching SpringBoot2RestH2DBCURDEx] INFO  o.e.m.i.launch.MavenLaunchDelegate - Run build in "/Users/aaravrubral/Documents/workspace/SpringBoot2RestH2DBCURDEx":
2024-03-11 05:59:51,299 [Worker-75: Launching SpringBoot2RestH2DBCURDEx] INFO  o.e.m.i.launch.MavenLaunchDelegate -  mvn  -Ppom.xml -B -Dstyle.color=always 
2024-03-11 06:00:16,103 [Worker-75: Updating Maven Project] INFO  o.e.m.c.i.p.ProjectConfigurationManager - Update started
2024-03-11 06:00:16,388 [Worker-75: Updating Maven Project] INFO  o.e.m.c.i.l.LifecycleMappingFactory - Using org.eclipse.m2e.jdt.JarLifecycleMapping lifecycle mapping for MavenProject: in.aarav.rubral:SpringBoot2RestH2DBCURDEx:1.0 @ /Users/aaravrubral/Documents/workspace/SpringBoot2RestH2DBCURDEx/pom.xml.
2024-03-11 06:00:16,771 [Worker-75: Updating Maven Project] INFO  o.e.m.j.i.AbstractJavaProjectConfigurator - Adding source folder /SpringBoot2RestH2DBCURDEx/src/main/java
2024-03-11 06:00:16,771 [Worker-75: Updating Maven Project] INFO  o.e.m.j.i.AbstractJavaProjectConfigurator - Adding resource folder /SpringBoot2RestH2DBCURDEx/src/main/resources
2024-03-11 06:00:16,772 [Worker-75: Updating Maven Project] INFO  o.e.m.j.i.AbstractJavaProjectConfigurator - Adding resource folder /SpringBoot2RestH2DBCURDEx/src/main/resources
2024-03-11 06:00:16,773 [Worker-75: Updating Maven Project] INFO  o.e.m.j.i.AbstractJavaProjectConfigurator - Adding source folder /SpringBoot2RestH2DBCURDEx/src/test/java
2024-03-11 06:00:16,773 [Worker-75: Updating Maven Project] INFO  o.e.m.j.i.AbstractJavaProjectConfigurator - Adding resource folder /SpringBoot2RestH2DBCURDEx/src/test/resources
2024-03-11 06:00:17,111 [Worker-75: Updating Maven Project] INFO  o.e.m.c.i.p.ProjectConfigurationManager - Update completed for 1 poms: local refresh takes 0.00 sec, refresh facades takes 0.00 sec, update config takes 0.00 sec 
2024-03-11 06:00:17,760 [Worker-87: Building] INFO  o.a.m.s.f.DefaultMavenResourcesFiltering - Copying 1 resource from src/main/resources to target/classes
2024-03-11 06:00:17,806 [Worker-87: Building] INFO  o.a.m.s.f.DefaultMavenResourcesFiltering - Copying 1 resource from src/main/resources to target/classes
2024-03-11 06:00:17,812 [Worker-87: Building] INFO  o.a.m.s.f.DefaultMavenResourcesFiltering - skip non existing resourceDirectory /Users/aaravrubral/Documents/workspace/SpringBoot2RestH2DBCURDEx/src/test/resources
2024-03-11 06:00:23,286 [Worker-79: Launching SpringBoot2RestH2DBCURDEx] INFO  o.eclipse.m2e.core.internal.Bundles - getClasspathEntries(Bundle=org.eclipse.m2e.maven.runtime_3.9.500.20231113-2345 [338])
2024-03-11 06:00:23,287 [Worker-79: Launching SpringBoot2RestH2DBCURDEx] INFO  o.eclipse.m2e.core.internal.Bundles - 	Entry: /Applications/SpringToolSuite4.app/Contents/Eclipse/plugins/org.eclipse.m2e.maven.runtime_3.9.500.20231113-2345
2024-03-11 06:00:23,287 [Worker-79: Launching SpringBoot2RestH2DBCURDEx] INFO  o.eclipse.m2e.core.internal.Bundles - 	Entry: /Applications/SpringToolSuite4.app/Contents/Eclipse/plugins/org.eclipse.m2e.maven.runtime_3.9.500.20231113-2345/jars/aopalliance-1.0.jar
2024-03-11 06:00:23,288 [Worker-79: Launching SpringBoot2RestH2DBCURDEx] INFO  o.eclipse.m2e.core.internal.Bundles - 	Entry: /Applications/SpringToolSuite4.app/Contents/Eclipse/plugins/org.eclipse.m2e.maven.runtime_3.9.500.20231113-2345/jars/guice-5.1.0.jar
2024-03-11 06:00:23,288 [Worker-79: Launching SpringBoot2RestH2DBCURDEx] INFO  o.eclipse.m2e.core.internal.Bundles - 	Entry: /Applications/SpringToolSuite4.app/Contents/Eclipse/plugins/org.eclipse.m2e.maven.runtime_3.9.500.20231113-2345/jars/httpclient-4.5.14.jar
2024-03-11 06:00:23,288 [Worker-79: Launching SpringBoot2RestH2DBCURDEx] INFO  o.eclipse.m2e.core.internal.Bundles - 	Entry: /Applications/SpringToolSuite4.app/Contents/Eclipse/plugins/org.eclipse.m2e.maven.runtime_3.9.500.20231113-2345/jars/httpcore-4.4.16.jar
2024-03-11 06:00:23,288 [Worker-79: Launching SpringBoot2RestH2DBCURDEx] INFO  o.eclipse.m2e.core.internal.Bundles - 	Entry: /Applications/SpringToolSuite4.app/Contents/Eclipse/plugins/org.eclipse.m2e.maven.runtime_3.9.500.20231113-2345/jars/jansi-2.4.0.jar
2024-03-11 06:00:23,288 [Worker-79: Launching SpringBoot2RestH2DBCURDEx] INFO  o.eclipse.m2e.core.internal.Bundles - 	Entry: /Applications/SpringToolSuite4.app/Contents/Eclipse/plugins/org.eclipse.m2e.maven.runtime_3.9.500.20231113-2345/jars/jcl-over-slf4j-1.7.36.jar
2024-03-11 06:00:23,289 [Worker-79: Launching SpringBoot2RestH2DBCURDEx] INFO  o.eclipse.m2e.core.internal.Bundles - 	Entry: /Applications/SpringToolSuite4.app/Contents/Eclipse/plugins/org.eclipse.m2e.maven.runtime_3.9.500.20231113-2345/jars/maven-artifact-3.9.5.jar
2024-03-11 06:00:23,289 [Worker-79: Launching SpringBoot2RestH2DBCURDEx] INFO  o.eclipse.m2e.core.internal.Bundles - 	Entry: /Applications/SpringToolSuite4.app/Contents/Eclipse/plugins/org.eclipse.m2e.maven.runtime_3.9.500.20231113-2345/jars/maven-builder-support-3.9.5.jar
2024-03-11 06:00:23,289 [Worker-79: Launching SpringBoot2RestH2DBCURDEx] INFO  o.eclipse.m2e.core.internal.Bundles - 	Entry: /Applications/SpringToolSuite4.app/Contents/Eclipse/plugins/org.eclipse.m2e.maven.runtime_3.9.500.20231113-2345/jars/maven-compat-3.9.5.jar
2024-03-11 06:00:23,289 [Worker-79: Launching SpringBoot2RestH2DBCURDEx] INFO  o.eclipse.m2e.core.internal.Bundles - 	Entry: /Applications/SpringToolSuite4.app/Contents/Eclipse/plugins/org.eclipse.m2e.maven.runtime_3.9.500.20231113-2345/jars/maven-core-3.9.5.jar
2024-03-11 06:00:23,289 [Worker-79: Launching SpringBoot2RestH2DBCURDEx] INFO  o.eclipse.m2e.core.internal.Bundles - 	Entry: /Applications/SpringToolSuite4.app/Contents/Eclipse/plugins/org.eclipse.m2e.maven.runtime_3.9.500.20231113-2345/jars/maven-embedder-3.9.5.jar
2024-03-11 06:00:23,290 [Worker-79: Launching SpringBoot2RestH2DBCURDEx] INFO  o.eclipse.m2e.core.internal.Bundles - 	Entry: /Applications/SpringToolSuite4.app/Contents/Eclipse/plugins/org.eclipse.m2e.maven.runtime_3.9.500.20231113-2345/jars/maven-model-3.9.5.jar
2024-03-11 06:00:23,290 [Worker-79: Launching SpringBoot2RestH2DBCURDEx] INFO  o.eclipse.m2e.core.internal.Bundles - 	Entry: /Applications/SpringToolSuite4.app/Contents/Eclipse/plugins/org.eclipse.m2e.maven.runtime_3.9.500.20231113-2345/jars/maven-model-builder-3.9.5.jar
2024-03-11 06:00:23,290 [Worker-79: Launching SpringBoot2RestH2DBCURDEx] INFO  o.eclipse.m2e.core.internal.Bundles - 	Entry: /Applications/SpringToolSuite4.app/Contents/Eclipse/plugins/org.eclipse.m2e.maven.runtime_3.9.500.20231113-2345/jars/maven-plugin-api-3.9.5.jar
2024-03-11 06:00:23,290 [Worker-79: Launching SpringBoot2RestH2DBCURDEx] INFO  o.eclipse.m2e.core.internal.Bundles - 	Entry: /Applications/SpringToolSuite4.app/Contents/Eclipse/plugins/org.eclipse.m2e.maven.runtime_3.9.500.20231113-2345/jars/maven-repository-metadata-3.9.5.jar
2024-03-11 06:00:23,291 [Worker-79: Launching SpringBoot2RestH2DBCURDEx] INFO  o.eclipse.m2e.core.internal.Bundles - 	Entry: /Applications/SpringToolSuite4.app/Contents/Eclipse/plugins/org.eclipse.m2e.maven.runtime_3.9.500.20231113-2345/jars/maven-resolver-api-1.9.16.jar
2024-03-11 06:00:23,291 [Worker-79: Launching SpringBoot2RestH2DBCURDEx] INFO  o.eclipse.m2e.core.internal.Bundles - 	Entry: /Applications/SpringToolSuite4.app/Contents/Eclipse/plugins/org.eclipse.m2e.maven.runtime_3.9.500.20231113-2345/jars/maven-resolver-connector-basic-1.9.16.jar
2024-03-11 06:00:23,291 [Worker-79: Launching SpringBoot2RestH2DBCURDEx] INFO  o.eclipse.m2e.core.internal.Bundles - 	Entry: /Applications/SpringToolSuite4.app/Contents/Eclipse/plugins/org.eclipse.m2e.maven.runtime_3.9.500.20231113-2345/jars/maven-resolver-impl-1.9.16.jar
2024-03-11 06:00:23,291 [Worker-79: Launching SpringBoot2RestH2DBCURDEx] INFO  o.eclipse.m2e.core.internal.Bundles - 	Entry: /Applications/SpringToolSuite4.app/Contents/Eclipse/plugins/org.eclipse.m2e.maven.runtime_3.9.500.20231113-2345/jars/maven-resolver-named-locks-1.9.16.jar
2024-03-11 06:00:23,291 [Worker-79: Launching SpringBoot2RestH2DBCURDEx] INFO  o.eclipse.m2e.core.internal.Bundles - 	Entry: /Applications/SpringToolSuite4.app/Contents/Eclipse/plugins/org.eclipse.m2e.maven.runtime_3.9.500.20231113-2345/jars/maven-resolver-provider-3.9.5.jar
2024-03-11 06:00:23,291 [Worker-79: Launching SpringBoot2RestH2DBCURDEx] INFO  o.eclipse.m2e.core.internal.Bundles - 	Entry: /Applications/SpringToolSuite4.app/Contents/Eclipse/plugins/org.eclipse.m2e.maven.runtime_3.9.500.20231113-2345/jars/maven-resolver-spi-1.9.16.jar
2024-03-11 06:00:23,292 [Worker-79: Launching SpringBoot2RestH2DBCURDEx] INFO  o.eclipse.m2e.core.internal.Bundles - 	Entry: /Applications/SpringToolSuite4.app/Contents/Eclipse/plugins/org.eclipse.m2e.maven.runtime_3.9.500.20231113-2345/jars/maven-resolver-transport-file-1.9.16.jar
2024-03-11 06:00:23,292 [Worker-79: Launching SpringBoot2RestH2DBCURDEx] INFO  o.eclipse.m2e.core.internal.Bundles - 	Entry: /Applications/SpringToolSuite4.app/Contents/Eclipse/plugins/org.eclipse.m2e.maven.runtime_3.9.500.20231113-2345/jars/maven-resolver-transport-http-1.9.16.jar
2024-03-11 06:00:23,292 [Worker-79: Launching SpringBoot2RestH2DBCURDEx] INFO  o.eclipse.m2e.core.internal.Bundles - 	Entry: /Applications/SpringToolSuite4.app/Contents/Eclipse/plugins/org.eclipse.m2e.maven.runtime_3.9.500.20231113-2345/jars/maven-resolver-transport-wagon-1.9.16.jar
2024-03-11 06:00:23,292 [Worker-79: Launching SpringBoot2RestH2DBCURDEx] INFO  o.eclipse.m2e.core.internal.Bundles - 	Entry: /Applications/SpringToolSuite4.app/Contents/Eclipse/plugins/org.eclipse.m2e.maven.runtime_3.9.500.20231113-2345/jars/maven-resolver-util-1.9.16.jar
2024-03-11 06:00:23,292 [Worker-79: Launching SpringBoot2RestH2DBCURDEx] INFO  o.eclipse.m2e.core.internal.Bundles - 	Entry: /Applications/SpringToolSuite4.app/Contents/Eclipse/plugins/org.eclipse.m2e.maven.runtime_3.9.500.20231113-2345/jars/maven-settings-3.9.5.jar
2024-03-11 06:00:23,292 [Worker-79: Launching SpringBoot2RestH2DBCURDEx] INFO  o.eclipse.m2e.core.internal.Bundles - 	Entry: /Applications/SpringToolSuite4.app/Contents/Eclipse/plugins/org.eclipse.m2e.maven.runtime_3.9.500.20231113-2345/jars/maven-settings-builder-3.9.5.jar
2024-03-11 06:00:23,293 [Worker-79: Launching SpringBoot2RestH2DBCURDEx] INFO  o.eclipse.m2e.core.internal.Bundles - 	Entry: /Applications/SpringToolSuite4.app/Contents/Eclipse/plugins/org.eclipse.m2e.maven.runtime_3.9.500.20231113-2345/jars/maven-shared-utils-3.3.4.jar
2024-03-11 06:00:23,293 [Worker-79: Launching SpringBoot2RestH2DBCURDEx] INFO  o.eclipse.m2e.core.internal.Bundles - 	Entry: /Applications/SpringToolSuite4.app/Contents/Eclipse/plugins/org.eclipse.m2e.maven.runtime_3.9.500.20231113-2345/jars/org.eclipse.sisu.inject-0.3.5.jar
2024-03-11 06:00:23,293 [Worker-79: Launching SpringBoot2RestH2DBCURDEx] INFO  o.eclipse.m2e.core.internal.Bundles - 	Entry: /Applications/SpringToolSuite4.app/Contents/Eclipse/plugins/org.eclipse.m2e.maven.runtime_3.9.500.20231113-2345/jars/org.eclipse.sisu.plexus-0.3.5.jar
2024-03-11 06:00:23,293 [Worker-79: Launching SpringBoot2RestH2DBCURDEx] INFO  o.eclipse.m2e.core.internal.Bundles - 	Entry: /Applications/SpringToolSuite4.app/Contents/Eclipse/plugins/org.eclipse.m2e.maven.runtime_3.9.500.20231113-2345/jars/plexus-build-api-0.0.7.jar
2024-03-11 06:00:23,293 [Worker-79: Launching SpringBoot2RestH2DBCURDEx] INFO  o.eclipse.m2e.core.internal.Bundles - 	Entry: /Applications/SpringToolSuite4.app/Contents/Eclipse/plugins/org.eclipse.m2e.maven.runtime_3.9.500.20231113-2345/jars/plexus-cipher-2.0.jar
2024-03-11 06:00:23,293 [Worker-79: Launching SpringBoot2RestH2DBCURDEx] INFO  o.eclipse.m2e.core.internal.Bundles - 	Entry: /Applications/SpringToolSuite4.app/Contents/Eclipse/plugins/org.eclipse.m2e.maven.runtime_3.9.500.20231113-2345/jars/plexus-classworlds-2.7.0.jar
2024-03-11 06:00:23,293 [Worker-79: Launching SpringBoot2RestH2DBCURDEx] INFO  o.eclipse.m2e.core.internal.Bundles - 	Entry: /Applications/SpringToolSuite4.app/Contents/Eclipse/plugins/org.eclipse.m2e.maven.runtime_3.9.500.20231113-2345/jars/plexus-component-annotations-2.1.0.jar
2024-03-11 06:00:23,294 [Worker-79: Launching SpringBoot2RestH2DBCURDEx] INFO  o.eclipse.m2e.core.internal.Bundles - 	Entry: /Applications/SpringToolSuite4.app/Contents/Eclipse/plugins/org.eclipse.m2e.maven.runtime_3.9.500.20231113-2345/jars/plexus-interpolation-1.26.jar
2024-03-11 06:00:23,294 [Worker-79: Launching SpringBoot2RestH2DBCURDEx] INFO  o.eclipse.m2e.core.internal.Bundles - 	Entry: /Applications/SpringToolSuite4.app/Contents/Eclipse/plugins/org.eclipse.m2e.maven.runtime_3.9.500.20231113-2345/jars/plexus-sec-dispatcher-2.0.jar
2024-03-11 06:00:23,294 [Worker-79: Launching SpringBoot2RestH2DBCURDEx] INFO  o.eclipse.m2e.core.internal.Bundles - 	Entry: /Applications/SpringToolSuite4.app/Contents/Eclipse/plugins/org.eclipse.m2e.maven.runtime_3.9.500.20231113-2345/jars/plexus-utils-3.5.1.jar
2024-03-11 06:00:23,294 [Worker-79: Launching SpringBoot2RestH2DBCURDEx] INFO  o.eclipse.m2e.core.internal.Bundles - 	Entry: /Applications/SpringToolSuite4.app/Contents/Eclipse/plugins/org.eclipse.m2e.maven.runtime_3.9.500.20231113-2345/jars/wagon-file-3.5.3.jar
2024-03-11 06:00:23,294 [Worker-79: Launching SpringBoot2RestH2DBCURDEx] INFO  o.eclipse.m2e.core.internal.Bundles - 	Entry: /Applications/SpringToolSuite4.app/Contents/Eclipse/plugins/org.eclipse.m2e.maven.runtime_3.9.500.20231113-2345/jars/wagon-http-3.5.3.jar
2024-03-11 06:00:23,297 [Worker-79: Launching SpringBoot2RestH2DBCURDEx] INFO  o.eclipse.m2e.core.internal.Bundles - 	Entry: /Applications/SpringToolSuite4.app/Contents/Eclipse/plugins/org.eclipse.m2e.maven.runtime_3.9.500.20231113-2345/jars/wagon-http-shared-3.5.3.jar
2024-03-11 06:00:23,302 [Worker-79: Launching SpringBoot2RestH2DBCURDEx] INFO  o.eclipse.m2e.core.internal.Bundles - 	Entry: /Applications/SpringToolSuite4.app/Contents/Eclipse/plugins/org.eclipse.m2e.maven.runtime_3.9.500.20231113-2345/jars/wagon-provider-api-3.5.3.jar
2024-03-11 06:00:23,303 [Worker-79: Launching SpringBoot2RestH2DBCURDEx] INFO  o.eclipse.m2e.core.internal.Bundles - getClasspathEntries(Bundle=com.google.guava_33.0.0.jre [25])
2024-03-11 06:00:23,303 [Worker-79: Launching SpringBoot2RestH2DBCURDEx] INFO  o.eclipse.m2e.core.internal.Bundles - 	Entry: /Applications/SpringToolSuite4.app/Contents/Eclipse/plugins/com.google.guava_33.0.0.jre.jar
2024-03-11 06:00:23,303 [Worker-79: Launching SpringBoot2RestH2DBCURDEx] INFO  o.eclipse.m2e.core.internal.Bundles - getClasspathEntries(Bundle=slf4j.api_2.0.9 [565])
2024-03-11 06:00:23,303 [Worker-79: Launching SpringBoot2RestH2DBCURDEx] INFO  o.eclipse.m2e.core.internal.Bundles - 	Entry: /Applications/SpringToolSuite4.app/Contents/Eclipse/plugins/slf4j.api_2.0.9.jar
2024-03-11 06:00:23,304 [Worker-79: Launching SpringBoot2RestH2DBCURDEx] INFO  o.eclipse.m2e.core.internal.Bundles - getClasspathEntries(Bundle=jakarta.inject.jakarta.inject-api_1.0.5 [41])
2024-03-11 06:00:23,304 [Worker-79: Launching SpringBoot2RestH2DBCURDEx] INFO  o.eclipse.m2e.core.internal.Bundles - 	Entry: /Applications/SpringToolSuite4.app/Contents/Eclipse/plugins/jakarta.inject.jakarta.inject-api_1.0.5.jar
2024-03-11 06:00:23,304 [Worker-79: Launching SpringBoot2RestH2DBCURDEx] INFO  o.eclipse.m2e.core.internal.Bundles - getClasspathEntries(Bundle=jakarta.annotation-api_1.3.5 [37])
2024-03-11 06:00:23,304 [Worker-79: Launching SpringBoot2RestH2DBCURDEx] INFO  o.eclipse.m2e.core.internal.Bundles - 	Entry: /Applications/SpringToolSuite4.app/Contents/Eclipse/plugins/jakarta.annotation-api_1.3.5.jar
2024-03-11 06:00:23,304 [Worker-79: Launching SpringBoot2RestH2DBCURDEx] INFO  o.eclipse.m2e.core.internal.Bundles - getClasspathEntries(Bundle=org.apache.commons.cli_1.6.0 [71])
2024-03-11 06:00:23,304 [Worker-79: Launching SpringBoot2RestH2DBCURDEx] INFO  o.eclipse.m2e.core.internal.Bundles - 	Entry: /Applications/SpringToolSuite4.app/Contents/Eclipse/plugins/org.apache.commons.cli_1.6.0.jar
2024-03-11 06:00:23,304 [Worker-79: Launching SpringBoot2RestH2DBCURDEx] INFO  o.eclipse.m2e.core.internal.Bundles - getClasspathEntries(Bundle=org.apache.commons.commons-codec_1.16.0 [73])
2024-03-11 06:00:23,304 [Worker-79: Launching SpringBoot2RestH2DBCURDEx] INFO  o.eclipse.m2e.core.internal.Bundles - 	Entry: /Applications/SpringToolSuite4.app/Contents/Eclipse/plugins/org.apache.commons.commons-codec_1.16.0.jar
2024-03-11 06:00:23,305 [Worker-79: Launching SpringBoot2RestH2DBCURDEx] INFO  o.eclipse.m2e.core.internal.Bundles - getClasspathEntries(Bundle=org.apache.commons.lang3_3.13.0 [77])
2024-03-11 06:00:23,305 [Worker-79: Launching SpringBoot2RestH2DBCURDEx] INFO  o.eclipse.m2e.core.internal.Bundles - 	Entry: /Applications/SpringToolSuite4.app/Contents/Eclipse/plugins/org.apache.commons.lang3_3.13.0.jar
2024-03-11 06:00:23,305 [Worker-79: Launching SpringBoot2RestH2DBCURDEx] INFO  o.eclipse.m2e.core.internal.Bundles - getClasspathEntries(Bundle=com.google.guava.failureaccess_1.0.2 [27])
2024-03-11 06:00:23,305 [Worker-79: Launching SpringBoot2RestH2DBCURDEx] INFO  o.eclipse.m2e.core.internal.Bundles - 	Entry: /Applications/SpringToolSuite4.app/Contents/Eclipse/plugins/com.google.guava.failureaccess_1.0.2.jar
2024-03-11 06:00:23,307 [Worker-79: Launching SpringBoot2RestH2DBCURDEx] INFO  o.e.m.i.launch.MavenLaunchDelegate - Run build in "/Users/aaravrubral/Documents/workspace/SpringBoot2RestH2DBCURDEx":
2024-03-11 06:00:23,308 [Worker-79: Launching SpringBoot2RestH2DBCURDEx] INFO  o.e.m.i.launch.MavenLaunchDelegate -  mvn  -Ppom.xml -B -Dstyle.color=always 
2024-03-11 06:01:10,563 [Worker-5: Loading available Gradle versions] INFO  o.e.b.c.i.u.g.PublishedGradleVersions - Gradle version information cache is out-of-date. Trying to update.
2024-03-11 06:01:43,374 [Worker-8: Launching SpringBoot2RestH2DBCURDEx] INFO  o.eclipse.m2e.core.internal.Bundles - getClasspathEntries(Bundle=org.eclipse.m2e.maven.runtime_3.9.500.20231113-2345 [338])
2024-03-11 06:01:43,375 [Worker-8: Launching SpringBoot2RestH2DBCURDEx] INFO  o.eclipse.m2e.core.internal.Bundles - 	Entry: /Applications/SpringToolSuite4.app/Contents/Eclipse/plugins/org.eclipse.m2e.maven.runtime_3.9.500.20231113-2345
2024-03-11 06:01:43,376 [Worker-8: Launching SpringBoot2RestH2DBCURDEx] INFO  o.eclipse.m2e.core.internal.Bundles - 	Entry: /Applications/SpringToolSuite4.app/Contents/Eclipse/plugins/org.eclipse.m2e.maven.runtime_3.9.500.20231113-2345/jars/aopalliance-1.0.jar
2024-03-11 06:01:43,376 [Worker-8: Launching SpringBoot2RestH2DBCURDEx] INFO  o.eclipse.m2e.core.internal.Bundles - 	Entry: /Applications/SpringToolSuite4.app/Contents/Eclipse/plugins/org.eclipse.m2e.maven.runtime_3.9.500.20231113-2345/jars/guice-5.1.0.jar
2024-03-11 06:01:43,377 [Worker-8: Launching SpringBoot2RestH2DBCURDEx] INFO  o.eclipse.m2e.core.internal.Bundles - 	Entry: /Applications/SpringToolSuite4.app/Contents/Eclipse/plugins/org.eclipse.m2e.maven.runtime_3.9.500.20231113-2345/jars/httpclient-4.5.14.jar
2024-03-11 06:01:43,377 [Worker-8: Launching SpringBoot2RestH2DBCURDEx] INFO  o.eclipse.m2e.core.internal.Bundles - 	Entry: /Applications/SpringToolSuite4.app/Contents/Eclipse/plugins/org.eclipse.m2e.maven.runtime_3.9.500.20231113-2345/jars/httpcore-4.4.16.jar
2024-03-11 06:01:43,377 [Worker-8: Launching SpringBoot2RestH2DBCURDEx] INFO  o.eclipse.m2e.core.internal.Bundles - 	Entry: /Applications/SpringToolSuite4.app/Contents/Eclipse/plugins/org.eclipse.m2e.maven.runtime_3.9.500.20231113-2345/jars/jansi-2.4.0.jar
2024-03-11 06:01:43,377 [Worker-8: Launching SpringBoot2RestH2DBCURDEx] INFO  o.eclipse.m2e.core.internal.Bundles - 	Entry: /Applications/SpringToolSuite4.app/Contents/Eclipse/plugins/org.eclipse.m2e.maven.runtime_3.9.500.20231113-2345/jars/jcl-over-slf4j-1.7.36.jar
2024-03-11 06:01:43,377 [Worker-8: Launching SpringBoot2RestH2DBCURDEx] INFO  o.eclipse.m2e.core.internal.Bundles - 	Entry: /Applications/SpringToolSuite4.app/Contents/Eclipse/plugins/org.eclipse.m2e.maven.runtime_3.9.500.20231113-2345/jars/maven-artifact-3.9.5.jar
2024-03-11 06:01:43,378 [Worker-8: Launching SpringBoot2RestH2DBCURDEx] INFO  o.eclipse.m2e.core.internal.Bundles - 	Entry: /Applications/SpringToolSuite4.app/Contents/Eclipse/plugins/org.eclipse.m2e.maven.runtime_3.9.500.20231113-2345/jars/maven-builder-support-3.9.5.jar
2024-03-11 06:01:43,378 [Worker-8: Launching SpringBoot2RestH2DBCURDEx] INFO  o.eclipse.m2e.core.internal.Bundles - 	Entry: /Applications/SpringToolSuite4.app/Contents/Eclipse/plugins/org.eclipse.m2e.maven.runtime_3.9.500.20231113-2345/jars/maven-compat-3.9.5.jar
2024-03-11 06:01:43,378 [Worker-8: Launching SpringBoot2RestH2DBCURDEx] INFO  o.eclipse.m2e.core.internal.Bundles - 	Entry: /Applications/SpringToolSuite4.app/Contents/Eclipse/plugins/org.eclipse.m2e.maven.runtime_3.9.500.20231113-2345/jars/maven-core-3.9.5.jar
2024-03-11 06:01:43,378 [Worker-8: Launching SpringBoot2RestH2DBCURDEx] INFO  o.eclipse.m2e.core.internal.Bundles - 	Entry: /Applications/SpringToolSuite4.app/Contents/Eclipse/plugins/org.eclipse.m2e.maven.runtime_3.9.500.20231113-2345/jars/maven-embedder-3.9.5.jar
2024-03-11 06:01:43,378 [Worker-8: Launching SpringBoot2RestH2DBCURDEx] INFO  o.eclipse.m2e.core.internal.Bundles - 	Entry: /Applications/SpringToolSuite4.app/Contents/Eclipse/plugins/org.eclipse.m2e.maven.runtime_3.9.500.20231113-2345/jars/maven-model-3.9.5.jar
2024-03-11 06:01:43,379 [Worker-8: Launching SpringBoot2RestH2DBCURDEx] INFO  o.eclipse.m2e.core.internal.Bundles - 	Entry: /Applications/SpringToolSuite4.app/Contents/Eclipse/plugins/org.eclipse.m2e.maven.runtime_3.9.500.20231113-2345/jars/maven-model-builder-3.9.5.jar
2024-03-11 06:01:43,379 [Worker-8: Launching SpringBoot2RestH2DBCURDEx] INFO  o.eclipse.m2e.core.internal.Bundles - 	Entry: /Applications/SpringToolSuite4.app/Contents/Eclipse/plugins/org.eclipse.m2e.maven.runtime_3.9.500.20231113-2345/jars/maven-plugin-api-3.9.5.jar
2024-03-11 06:01:43,379 [Worker-8: Launching SpringBoot2RestH2DBCURDEx] INFO  o.eclipse.m2e.core.internal.Bundles - 	Entry: /Applications/SpringToolSuite4.app/Contents/Eclipse/plugins/org.eclipse.m2e.maven.runtime_3.9.500.20231113-2345/jars/maven-repository-metadata-3.9.5.jar
2024-03-11 06:01:43,379 [Worker-8: Launching SpringBoot2RestH2DBCURDEx] INFO  o.eclipse.m2e.core.internal.Bundles - 	Entry: /Applications/SpringToolSuite4.app/Contents/Eclipse/plugins/org.eclipse.m2e.maven.runtime_3.9.500.20231113-2345/jars/maven-resolver-api-1.9.16.jar
2024-03-11 06:01:43,379 [Worker-8: Launching SpringBoot2RestH2DBCURDEx] INFO  o.eclipse.m2e.core.internal.Bundles - 	Entry: /Applications/SpringToolSuite4.app/Contents/Eclipse/plugins/org.eclipse.m2e.maven.runtime_3.9.500.20231113-2345/jars/maven-resolver-connector-basic-1.9.16.jar
2024-03-11 06:01:43,380 [Worker-8: Launching SpringBoot2RestH2DBCURDEx] INFO  o.eclipse.m2e.core.internal.Bundles - 	Entry: /Applications/SpringToolSuite4.app/Contents/Eclipse/plugins/org.eclipse.m2e.maven.runtime_3.9.500.20231113-2345/jars/maven-resolver-impl-1.9.16.jar
2024-03-11 06:01:43,380 [Worker-8: Launching SpringBoot2RestH2DBCURDEx] INFO  o.eclipse.m2e.core.internal.Bundles - 	Entry: /Applications/SpringToolSuite4.app/Contents/Eclipse/plugins/org.eclipse.m2e.maven.runtime_3.9.500.20231113-2345/jars/maven-resolver-named-locks-1.9.16.jar
2024-03-11 06:01:43,380 [Worker-8: Launching SpringBoot2RestH2DBCURDEx] INFO  o.eclipse.m2e.core.internal.Bundles - 	Entry: /Applications/SpringToolSuite4.app/Contents/Eclipse/plugins/org.eclipse.m2e.maven.runtime_3.9.500.20231113-2345/jars/maven-resolver-provider-3.9.5.jar
2024-03-11 06:01:43,380 [Worker-8: Launching SpringBoot2RestH2DBCURDEx] INFO  o.eclipse.m2e.core.internal.Bundles - 	Entry: /Applications/SpringToolSuite4.app/Contents/Eclipse/plugins/org.eclipse.m2e.maven.runtime_3.9.500.20231113-2345/jars/maven-resolver-spi-1.9.16.jar
2024-03-11 06:01:43,380 [Worker-8: Launching SpringBoot2RestH2DBCURDEx] INFO  o.eclipse.m2e.core.internal.Bundles - 	Entry: /Applications/SpringToolSuite4.app/Contents/Eclipse/plugins/org.eclipse.m2e.maven.runtime_3.9.500.20231113-2345/jars/maven-resolver-transport-file-1.9.16.jar
2024-03-11 06:01:43,380 [Worker-8: Launching SpringBoot2RestH2DBCURDEx] INFO  o.eclipse.m2e.core.internal.Bundles - 	Entry: /Applications/SpringToolSuite4.app/Contents/Eclipse/plugins/org.eclipse.m2e.maven.runtime_3.9.500.20231113-2345/jars/maven-resolver-transport-http-1.9.16.jar
2024-03-11 06:01:43,381 [Worker-8: Launching SpringBoot2RestH2DBCURDEx] INFO  o.eclipse.m2e.core.internal.Bundles - 	Entry: /Applications/SpringToolSuite4.app/Contents/Eclipse/plugins/org.eclipse.m2e.maven.runtime_3.9.500.20231113-2345/jars/maven-resolver-transport-wagon-1.9.16.jar
2024-03-11 06:01:43,381 [Worker-8: Launching SpringBoot2RestH2DBCURDEx] INFO  o.eclipse.m2e.core.internal.Bundles - 	Entry: /Applications/SpringToolSuite4.app/Contents/Eclipse/plugins/org.eclipse.m2e.maven.runtime_3.9.500.20231113-2345/jars/maven-resolver-util-1.9.16.jar
2024-03-11 06:01:43,381 [Worker-8: Launching SpringBoot2RestH2DBCURDEx] INFO  o.eclipse.m2e.core.internal.Bundles - 	Entry: /Applications/SpringToolSuite4.app/Contents/Eclipse/plugins/org.eclipse.m2e.maven.runtime_3.9.500.20231113-2345/jars/maven-settings-3.9.5.jar
2024-03-11 06:01:43,381 [Worker-8: Launching SpringBoot2RestH2DBCURDEx] INFO  o.eclipse.m2e.core.internal.Bundles - 	Entry: /Applications/SpringToolSuite4.app/Contents/Eclipse/plugins/org.eclipse.m2e.maven.runtime_3.9.500.20231113-2345/jars/maven-settings-builder-3.9.5.jar
2024-03-11 06:01:43,381 [Worker-8: Launching SpringBoot2RestH2DBCURDEx] INFO  o.eclipse.m2e.core.internal.Bundles - 	Entry: /Applications/SpringToolSuite4.app/Contents/Eclipse/plugins/org.eclipse.m2e.maven.runtime_3.9.500.20231113-2345/jars/maven-shared-utils-3.3.4.jar
2024-03-11 06:01:43,381 [Worker-8: Launching SpringBoot2RestH2DBCURDEx] INFO  o.eclipse.m2e.core.internal.Bundles - 	Entry: /Applications/SpringToolSuite4.app/Contents/Eclipse/plugins/org.eclipse.m2e.maven.runtime_3.9.500.20231113-2345/jars/org.eclipse.sisu.inject-0.3.5.jar
2024-03-11 06:01:43,382 [Worker-8: Launching SpringBoot2RestH2DBCURDEx] INFO  o.eclipse.m2e.core.internal.Bundles - 	Entry: /Applications/SpringToolSuite4.app/Contents/Eclipse/plugins/org.eclipse.m2e.maven.runtime_3.9.500.20231113-2345/jars/org.eclipse.sisu.plexus-0.3.5.jar
2024-03-11 06:01:43,382 [Worker-8: Launching SpringBoot2RestH2DBCURDEx] INFO  o.eclipse.m2e.core.internal.Bundles - 	Entry: /Applications/SpringToolSuite4.app/Contents/Eclipse/plugins/org.eclipse.m2e.maven.runtime_3.9.500.20231113-2345/jars/plexus-build-api-0.0.7.jar
2024-03-11 06:01:43,382 [Worker-8: Launching SpringBoot2RestH2DBCURDEx] INFO  o.eclipse.m2e.core.internal.Bundles - 	Entry: /Applications/SpringToolSuite4.app/Contents/Eclipse/plugins/org.eclipse.m2e.maven.runtime_3.9.500.20231113-2345/jars/plexus-cipher-2.0.jar
2024-03-11 06:01:43,382 [Worker-8: Launching SpringBoot2RestH2DBCURDEx] INFO  o.eclipse.m2e.core.internal.Bundles - 	Entry: /Applications/SpringToolSuite4.app/Contents/Eclipse/plugins/org.eclipse.m2e.maven.runtime_3.9.500.20231113-2345/jars/plexus-classworlds-2.7.0.jar
2024-03-11 06:01:43,382 [Worker-8: Launching SpringBoot2RestH2DBCURDEx] INFO  o.eclipse.m2e.core.internal.Bundles - 	Entry: /Applications/SpringToolSuite4.app/Contents/Eclipse/plugins/org.eclipse.m2e.maven.runtime_3.9.500.20231113-2345/jars/plexus-component-annotations-2.1.0.jar
2024-03-11 06:01:43,382 [Worker-8: Launching SpringBoot2RestH2DBCURDEx] INFO  o.eclipse.m2e.core.internal.Bundles - 	Entry: /Applications/SpringToolSuite4.app/Contents/Eclipse/plugins/org.eclipse.m2e.maven.runtime_3.9.500.20231113-2345/jars/plexus-interpolation-1.26.jar
2024-03-11 06:01:43,383 [Worker-8: Launching SpringBoot2RestH2DBCURDEx] INFO  o.eclipse.m2e.core.internal.Bundles - 	Entry: /Applications/SpringToolSuite4.app/Contents/Eclipse/plugins/org.eclipse.m2e.maven.runtime_3.9.500.20231113-2345/jars/plexus-sec-dispatcher-2.0.jar
2024-03-11 06:01:43,383 [Worker-8: Launching SpringBoot2RestH2DBCURDEx] INFO  o.eclipse.m2e.core.internal.Bundles - 	Entry: /Applications/SpringToolSuite4.app/Contents/Eclipse/plugins/org.eclipse.m2e.maven.runtime_3.9.500.20231113-2345/jars/plexus-utils-3.5.1.jar
2024-03-11 06:01:43,386 [Worker-8: Launching SpringBoot2RestH2DBCURDEx] INFO  o.eclipse.m2e.core.internal.Bundles - 	Entry: /Applications/SpringToolSuite4.app/Contents/Eclipse/plugins/org.eclipse.m2e.maven.runtime_3.9.500.20231113-2345/jars/wagon-file-3.5.3.jar
2024-03-11 06:01:43,387 [Worker-8: Launching SpringBoot2RestH2DBCURDEx] INFO  o.eclipse.m2e.core.internal.Bundles - 	Entry: /Applications/SpringToolSuite4.app/Contents/Eclipse/plugins/org.eclipse.m2e.maven.runtime_3.9.500.20231113-2345/jars/wagon-http-3.5.3.jar
2024-03-11 06:01:43,388 [Worker-8: Launching SpringBoot2RestH2DBCURDEx] INFO  o.eclipse.m2e.core.internal.Bundles - 	Entry: /Applications/SpringToolSuite4.app/Contents/Eclipse/plugins/org.eclipse.m2e.maven.runtime_3.9.500.20231113-2345/jars/wagon-http-shared-3.5.3.jar
2024-03-11 06:01:43,388 [Worker-8: Launching SpringBoot2RestH2DBCURDEx] INFO  o.eclipse.m2e.core.internal.Bundles - 	Entry: /Applications/SpringToolSuite4.app/Contents/Eclipse/plugins/org.eclipse.m2e.maven.runtime_3.9.500.20231113-2345/jars/wagon-provider-api-3.5.3.jar
2024-03-11 06:01:43,392 [Worker-8: Launching SpringBoot2RestH2DBCURDEx] INFO  o.eclipse.m2e.core.internal.Bundles - getClasspathEntries(Bundle=com.google.guava_33.0.0.jre [25])
2024-03-11 06:01:43,392 [Worker-8: Launching SpringBoot2RestH2DBCURDEx] INFO  o.eclipse.m2e.core.internal.Bundles - 	Entry: /Applications/SpringToolSuite4.app/Contents/Eclipse/plugins/com.google.guava_33.0.0.jre.jar
2024-03-11 06:01:43,392 [Worker-8: Launching SpringBoot2RestH2DBCURDEx] INFO  o.eclipse.m2e.core.internal.Bundles - getClasspathEntries(Bundle=slf4j.api_2.0.9 [565])
2024-03-11 06:01:43,393 [Worker-8: Launching SpringBoot2RestH2DBCURDEx] INFO  o.eclipse.m2e.core.internal.Bundles - 	Entry: /Applications/SpringToolSuite4.app/Contents/Eclipse/plugins/slf4j.api_2.0.9.jar
2024-03-11 06:01:43,393 [Worker-8: Launching SpringBoot2RestH2DBCURDEx] INFO  o.eclipse.m2e.core.internal.Bundles - getClasspathEntries(Bundle=jakarta.inject.jakarta.inject-api_1.0.5 [41])
2024-03-11 06:01:43,393 [Worker-8: Launching SpringBoot2RestH2DBCURDEx] INFO  o.eclipse.m2e.core.internal.Bundles - 	Entry: /Applications/SpringToolSuite4.app/Contents/Eclipse/plugins/jakarta.inject.jakarta.inject-api_1.0.5.jar
2024-03-11 06:01:43,393 [Worker-8: Launching SpringBoot2RestH2DBCURDEx] INFO  o.eclipse.m2e.core.internal.Bundles - getClasspathEntries(Bundle=jakarta.annotation-api_1.3.5 [37])
2024-03-11 06:01:43,393 [Worker-8: Launching SpringBoot2RestH2DBCURDEx] INFO  o.eclipse.m2e.core.internal.Bundles - 	Entry: /Applications/SpringToolSuite4.app/Contents/Eclipse/plugins/jakarta.annotation-api_1.3.5.jar
2024-03-11 06:01:43,393 [Worker-8: Launching SpringBoot2RestH2DBCURDEx] INFO  o.eclipse.m2e.core.internal.Bundles - getClasspathEntries(Bundle=org.apache.commons.cli_1.6.0 [71])
2024-03-11 06:01:43,393 [Worker-8: Launching SpringBoot2RestH2DBCURDEx] INFO  o.eclipse.m2e.core.internal.Bundles - 	Entry: /Applications/SpringToolSuite4.app/Contents/Eclipse/plugins/org.apache.commons.cli_1.6.0.jar
2024-03-11 06:01:43,394 [Worker-8: Launching SpringBoot2RestH2DBCURDEx] INFO  o.eclipse.m2e.core.internal.Bundles - getClasspathEntries(Bundle=org.apache.commons.commons-codec_1.16.0 [73])
2024-03-11 06:01:43,394 [Worker-8: Launching SpringBoot2RestH2DBCURDEx] INFO  o.eclipse.m2e.core.internal.Bundles - 	Entry: /Applications/SpringToolSuite4.app/Contents/Eclipse/plugins/org.apache.commons.commons-codec_1.16.0.jar
2024-03-11 06:01:43,394 [Worker-8: Launching SpringBoot2RestH2DBCURDEx] INFO  o.eclipse.m2e.core.internal.Bundles - getClasspathEntries(Bundle=org.apache.commons.lang3_3.13.0 [77])
2024-03-11 06:01:43,394 [Worker-8: Launching SpringBoot2RestH2DBCURDEx] INFO  o.eclipse.m2e.core.internal.Bundles - 	Entry: /Applications/SpringToolSuite4.app/Contents/Eclipse/plugins/org.apache.commons.lang3_3.13.0.jar
2024-03-11 06:01:43,394 [Worker-8: Launching SpringBoot2RestH2DBCURDEx] INFO  o.eclipse.m2e.core.internal.Bundles - getClasspathEntries(Bundle=com.google.guava.failureaccess_1.0.2 [27])
2024-03-11 06:01:43,395 [Worker-8: Launching SpringBoot2RestH2DBCURDEx] INFO  o.eclipse.m2e.core.internal.Bundles - 	Entry: /Applications/SpringToolSuite4.app/Contents/Eclipse/plugins/com.google.guava.failureaccess_1.0.2.jar
2024-03-11 06:01:43,398 [Worker-8: Launching SpringBoot2RestH2DBCURDEx] INFO  o.e.m.i.launch.MavenLaunchDelegate - Run build in "/Users/aaravrubral/Documents/workspace/SpringBoot2RestH2DBCURDEx":
2024-03-11 06:01:43,403 [Worker-8: Launching SpringBoot2RestH2DBCURDEx] INFO  o.e.m.i.launch.MavenLaunchDelegate -  mvn  -Ppom.xml -B -Dstyle.color=always 
2024-03-11 06:02:08,500 [main] INFO  o.e.m2e.actions.ExecutePomAction - Creating new launch configuration
2024-03-11 06:02:21,169 [Worker-12: Launching Executing clean in _Users_aaravrubral_Documents_workspace_SpringBoot2RestH2DBCURDEx] INFO  o.eclipse.m2e.core.internal.Bundles - getClasspathEntries(Bundle=org.eclipse.m2e.maven.runtime_3.9.500.20231113-2345 [338])
2024-03-11 06:02:21,170 [Worker-12: Launching Executing clean in _Users_aaravrubral_Documents_workspace_SpringBoot2RestH2DBCURDEx] INFO  o.eclipse.m2e.core.internal.Bundles - 	Entry: /Applications/SpringToolSuite4.app/Contents/Eclipse/plugins/org.eclipse.m2e.maven.runtime_3.9.500.20231113-2345
2024-03-11 06:02:21,171 [Worker-12: Launching Executing clean in _Users_aaravrubral_Documents_workspace_SpringBoot2RestH2DBCURDEx] INFO  o.eclipse.m2e.core.internal.Bundles - 	Entry: /Applications/SpringToolSuite4.app/Contents/Eclipse/plugins/org.eclipse.m2e.maven.runtime_3.9.500.20231113-2345/jars/aopalliance-1.0.jar
2024-03-11 06:02:21,171 [Worker-12: Launching Executing clean in _Users_aaravrubral_Documents_workspace_SpringBoot2RestH2DBCURDEx] INFO  o.eclipse.m2e.core.internal.Bundles - 	Entry: /Applications/SpringToolSuite4.app/Contents/Eclipse/plugins/org.eclipse.m2e.maven.runtime_3.9.500.20231113-2345/jars/guice-5.1.0.jar
2024-03-11 06:02:21,172 [Worker-12: Launching Executing clean in _Users_aaravrubral_Documents_workspace_SpringBoot2RestH2DBCURDEx] INFO  o.eclipse.m2e.core.internal.Bundles - 	Entry: /Applications/SpringToolSuite4.app/Contents/Eclipse/plugins/org.eclipse.m2e.maven.runtime_3.9.500.20231113-2345/jars/httpclient-4.5.14.jar
2024-03-11 06:02:21,172 [Worker-12: Launching Executing clean in _Users_aaravrubral_Documents_workspace_SpringBoot2RestH2DBCURDEx] INFO  o.eclipse.m2e.core.internal.Bundles - 	Entry: /Applications/SpringToolSuite4.app/Contents/Eclipse/plugins/org.eclipse.m2e.maven.runtime_3.9.500.20231113-2345/jars/httpcore-4.4.16.jar
2024-03-11 06:02:21,172 [Worker-12: Launching Executing clean in _Users_aaravrubral_Documents_workspace_SpringBoot2RestH2DBCURDEx] INFO  o.eclipse.m2e.core.internal.Bundles - 	Entry: /Applications/SpringToolSuite4.app/Contents/Eclipse/plugins/org.eclipse.m2e.maven.runtime_3.9.500.20231113-2345/jars/jansi-2.4.0.jar
2024-03-11 06:02:21,172 [Worker-12: Launching Executing clean in _Users_aaravrubral_Documents_workspace_SpringBoot2RestH2DBCURDEx] INFO  o.eclipse.m2e.core.internal.Bundles - 	Entry: /Applications/SpringToolSuite4.app/Contents/Eclipse/plugins/org.eclipse.m2e.maven.runtime_3.9.500.20231113-2345/jars/jcl-over-slf4j-1.7.36.jar
2024-03-11 06:02:21,173 [Worker-12: Launching Executing clean in _Users_aaravrubral_Documents_workspace_SpringBoot2RestH2DBCURDEx] INFO  o.eclipse.m2e.core.internal.Bundles - 	Entry: /Applications/SpringToolSuite4.app/Contents/Eclipse/plugins/org.eclipse.m2e.maven.runtime_3.9.500.20231113-2345/jars/maven-artifact-3.9.5.jar
2024-03-11 06:02:21,173 [Worker-12: Launching Executing clean in _Users_aaravrubral_Documents_workspace_SpringBoot2RestH2DBCURDEx] INFO  o.eclipse.m2e.core.internal.Bundles - 	Entry: /Applications/SpringToolSuite4.app/Contents/Eclipse/plugins/org.eclipse.m2e.maven.runtime_3.9.500.20231113-2345/jars/maven-builder-support-3.9.5.jar
2024-03-11 06:02:21,173 [Worker-12: Launching Executing clean in _Users_aaravrubral_Documents_workspace_SpringBoot2RestH2DBCURDEx] INFO  o.eclipse.m2e.core.internal.Bundles - 	Entry: /Applications/SpringToolSuite4.app/Contents/Eclipse/plugins/org.eclipse.m2e.maven.runtime_3.9.500.20231113-2345/jars/maven-compat-3.9.5.jar
2024-03-11 06:02:21,173 [Worker-12: Launching Executing clean in _Users_aaravrubral_Documents_workspace_SpringBoot2RestH2DBCURDEx] INFO  o.eclipse.m2e.core.internal.Bundles - 	Entry: /Applications/SpringToolSuite4.app/Contents/Eclipse/plugins/org.eclipse.m2e.maven.runtime_3.9.500.20231113-2345/jars/maven-core-3.9.5.jar
2024-03-11 06:02:21,173 [Worker-12: Launching Executing clean in _Users_aaravrubral_Documents_workspace_SpringBoot2RestH2DBCURDEx] INFO  o.eclipse.m2e.core.internal.Bundles - 	Entry: /Applications/SpringToolSuite4.app/Contents/Eclipse/plugins/org.eclipse.m2e.maven.runtime_3.9.500.20231113-2345/jars/maven-embedder-3.9.5.jar
2024-03-11 06:02:21,174 [Worker-12: Launching Executing clean in _Users_aaravrubral_Documents_workspace_SpringBoot2RestH2DBCURDEx] INFO  o.eclipse.m2e.core.internal.Bundles - 	Entry: /Applications/SpringToolSuite4.app/Contents/Eclipse/plugins/org.eclipse.m2e.maven.runtime_3.9.500.20231113-2345/jars/maven-model-3.9.5.jar
2024-03-11 06:02:21,174 [Worker-12: Launching Executing clean in _Users_aaravrubral_Documents_workspace_SpringBoot2RestH2DBCURDEx] INFO  o.eclipse.m2e.core.internal.Bundles - 	Entry: /Applications/SpringToolSuite4.app/Contents/Eclipse/plugins/org.eclipse.m2e.maven.runtime_3.9.500.20231113-2345/jars/maven-model-builder-3.9.5.jar
2024-03-11 06:02:21,174 [Worker-12: Launching Executing clean in _Users_aaravrubral_Documents_workspace_SpringBoot2RestH2DBCURDEx] INFO  o.eclipse.m2e.core.internal.Bundles - 	Entry: /Applications/SpringToolSuite4.app/Contents/Eclipse/plugins/org.eclipse.m2e.maven.runtime_3.9.500.20231113-2345/jars/maven-plugin-api-3.9.5.jar
2024-03-11 06:02:21,174 [Worker-12: Launching Executing clean in _Users_aaravrubral_Documents_workspace_SpringBoot2RestH2DBCURDEx] INFO  o.eclipse.m2e.core.internal.Bundles - 	Entry: /Applications/SpringToolSuite4.app/Contents/Eclipse/plugins/org.eclipse.m2e.maven.runtime_3.9.500.20231113-2345/jars/maven-repository-metadata-3.9.5.jar
2024-03-11 06:02:21,174 [Worker-12: Launching Executing clean in _Users_aaravrubral_Documents_workspace_SpringBoot2RestH2DBCURDEx] INFO  o.eclipse.m2e.core.internal.Bundles - 	Entry: /Applications/SpringToolSuite4.app/Contents/Eclipse/plugins/org.eclipse.m2e.maven.runtime_3.9.500.20231113-2345/jars/maven-resolver-api-1.9.16.jar
2024-03-11 06:02:21,174 [Worker-12: Launching Executing clean in _Users_aaravrubral_Documents_workspace_SpringBoot2RestH2DBCURDEx] INFO  o.eclipse.m2e.core.internal.Bundles - 	Entry: /Applications/SpringToolSuite4.app/Contents/Eclipse/plugins/org.eclipse.m2e.maven.runtime_3.9.500.20231113-2345/jars/maven-resolver-connector-basic-1.9.16.jar
2024-03-11 06:02:21,174 [Worker-12: Launching Executing clean in _Users_aaravrubral_Documents_workspace_SpringBoot2RestH2DBCURDEx] INFO  o.eclipse.m2e.core.internal.Bundles - 	Entry: /Applications/SpringToolSuite4.app/Contents/Eclipse/plugins/org.eclipse.m2e.maven.runtime_3.9.500.20231113-2345/jars/maven-resolver-impl-1.9.16.jar
2024-03-11 06:02:21,175 [Worker-12: Launching Executing clean in _Users_aaravrubral_Documents_workspace_SpringBoot2RestH2DBCURDEx] INFO  o.eclipse.m2e.core.internal.Bundles - 	Entry: /Applications/SpringToolSuite4.app/Contents/Eclipse/plugins/org.eclipse.m2e.maven.runtime_3.9.500.20231113-2345/jars/maven-resolver-named-locks-1.9.16.jar
2024-03-11 06:02:21,175 [Worker-12: Launching Executing clean in _Users_aaravrubral_Documents_workspace_SpringBoot2RestH2DBCURDEx] INFO  o.eclipse.m2e.core.internal.Bundles - 	Entry: /Applications/SpringToolSuite4.app/Contents/Eclipse/plugins/org.eclipse.m2e.maven.runtime_3.9.500.20231113-2345/jars/maven-resolver-provider-3.9.5.jar
2024-03-11 06:02:21,176 [Worker-12: Launching Executing clean in _Users_aaravrubral_Documents_workspace_SpringBoot2RestH2DBCURDEx] INFO  o.eclipse.m2e.core.internal.Bundles - 	Entry: /Applications/SpringToolSuite4.app/Contents/Eclipse/plugins/org.eclipse.m2e.maven.runtime_3.9.500.20231113-2345/jars/maven-resolver-spi-1.9.16.jar
2024-03-11 06:02:21,176 [Worker-12: Launching Executing clean in _Users_aaravrubral_Documents_workspace_SpringBoot2RestH2DBCURDEx] INFO  o.eclipse.m2e.core.internal.Bundles - 	Entry: /Applications/SpringToolSuite4.app/Contents/Eclipse/plugins/org.eclipse.m2e.maven.runtime_3.9.500.20231113-2345/jars/maven-resolver-transport-file-1.9.16.jar
2024-03-11 06:02:21,176 [Worker-12: Launching Executing clean in _Users_aaravrubral_Documents_workspace_SpringBoot2RestH2DBCURDEx] INFO  o.eclipse.m2e.core.internal.Bundles - 	Entry: /Applications/SpringToolSuite4.app/Contents/Eclipse/plugins/org.eclipse.m2e.maven.runtime_3.9.500.20231113-2345/jars/maven-resolver-transport-http-1.9.16.jar
2024-03-11 06:02:21,177 [Worker-12: Launching Executing clean in _Users_aaravrubral_Documents_workspace_SpringBoot2RestH2DBCURDEx] INFO  o.eclipse.m2e.core.internal.Bundles - 	Entry: /Applications/SpringToolSuite4.app/Contents/Eclipse/plugins/org.eclipse.m2e.maven.runtime_3.9.500.20231113-2345/jars/maven-resolver-transport-wagon-1.9.16.jar
2024-03-11 06:02:21,177 [Worker-12: Launching Executing clean in _Users_aaravrubral_Documents_workspace_SpringBoot2RestH2DBCURDEx] INFO  o.eclipse.m2e.core.internal.Bundles - 	Entry: /Applications/SpringToolSuite4.app/Contents/Eclipse/plugins/org.eclipse.m2e.maven.runtime_3.9.500.20231113-2345/jars/maven-resolver-util-1.9.16.jar
2024-03-11 06:02:21,177 [Worker-12: Launching Executing clean in _Users_aaravrubral_Documents_workspace_SpringBoot2RestH2DBCURDEx] INFO  o.eclipse.m2e.core.internal.Bundles - 	Entry: /Applications/SpringToolSuite4.app/Contents/Eclipse/plugins/org.eclipse.m2e.maven.runtime_3.9.500.20231113-2345/jars/maven-settings-3.9.5.jar
2024-03-11 06:02:21,177 [Worker-12: Launching Executing clean in _Users_aaravrubral_Documents_workspace_SpringBoot2RestH2DBCURDEx] INFO  o.eclipse.m2e.core.internal.Bundles - 	Entry: /Applications/SpringToolSuite4.app/Contents/Eclipse/plugins/org.eclipse.m2e.maven.runtime_3.9.500.20231113-2345/jars/maven-settings-builder-3.9.5.jar
2024-03-11 06:02:21,177 [Worker-12: Launching Executing clean in _Users_aaravrubral_Documents_workspace_SpringBoot2RestH2DBCURDEx] INFO  o.eclipse.m2e.core.internal.Bundles - 	Entry: /Applications/SpringToolSuite4.app/Contents/Eclipse/plugins/org.eclipse.m2e.maven.runtime_3.9.500.20231113-2345/jars/maven-shared-utils-3.3.4.jar
2024-03-11 06:02:21,177 [Worker-12: Launching Executing clean in _Users_aaravrubral_Documents_workspace_SpringBoot2RestH2DBCURDEx] INFO  o.eclipse.m2e.core.internal.Bundles - 	Entry: /Applications/SpringToolSuite4.app/Contents/Eclipse/plugins/org.eclipse.m2e.maven.runtime_3.9.500.20231113-2345/jars/org.eclipse.sisu.inject-0.3.5.jar
2024-03-11 06:02:21,177 [Worker-12: Launching Executing clean in _Users_aaravrubral_Documents_workspace_SpringBoot2RestH2DBCURDEx] INFO  o.eclipse.m2e.core.internal.Bundles - 	Entry: /Applications/SpringToolSuite4.app/Contents/Eclipse/plugins/org.eclipse.m2e.maven.runtime_3.9.500.20231113-2345/jars/org.eclipse.sisu.plexus-0.3.5.jar
2024-03-11 06:02:21,178 [Worker-12: Launching Executing clean in _Users_aaravrubral_Documents_workspace_SpringBoot2RestH2DBCURDEx] INFO  o.eclipse.m2e.core.internal.Bundles - 	Entry: /Applications/SpringToolSuite4.app/Contents/Eclipse/plugins/org.eclipse.m2e.maven.runtime_3.9.500.20231113-2345/jars/plexus-build-api-0.0.7.jar
2024-03-11 06:02:21,178 [Worker-12: Launching Executing clean in _Users_aaravrubral_Documents_workspace_SpringBoot2RestH2DBCURDEx] INFO  o.eclipse.m2e.core.internal.Bundles - 	Entry: /Applications/SpringToolSuite4.app/Contents/Eclipse/plugins/org.eclipse.m2e.maven.runtime_3.9.500.20231113-2345/jars/plexus-cipher-2.0.jar
2024-03-11 06:02:21,178 [Worker-12: Launching Executing clean in _Users_aaravrubral_Documents_workspace_SpringBoot2RestH2DBCURDEx] INFO  o.eclipse.m2e.core.internal.Bundles - 	Entry: /Applications/SpringToolSuite4.app/Contents/Eclipse/plugins/org.eclipse.m2e.maven.runtime_3.9.500.20231113-2345/jars/plexus-classworlds-2.7.0.jar
2024-03-11 06:02:21,178 [Worker-12: Launching Executing clean in _Users_aaravrubral_Documents_workspace_SpringBoot2RestH2DBCURDEx] INFO  o.eclipse.m2e.core.internal.Bundles - 	Entry: /Applications/SpringToolSuite4.app/Contents/Eclipse/plugins/org.eclipse.m2e.maven.runtime_3.9.500.20231113-2345/jars/plexus-component-annotations-2.1.0.jar
2024-03-11 06:02:21,178 [Worker-12: Launching Executing clean in _Users_aaravrubral_Documents_workspace_SpringBoot2RestH2DBCURDEx] INFO  o.eclipse.m2e.core.internal.Bundles - 	Entry: /Applications/SpringToolSuite4.app/Contents/Eclipse/plugins/org.eclipse.m2e.maven.runtime_3.9.500.20231113-2345/jars/plexus-interpolation-1.26.jar
2024-03-11 06:02:21,178 [Worker-12: Launching Executing clean in _Users_aaravrubral_Documents_workspace_SpringBoot2RestH2DBCURDEx] INFO  o.eclipse.m2e.core.internal.Bundles - 	Entry: /Applications/SpringToolSuite4.app/Contents/Eclipse/plugins/org.eclipse.m2e.maven.runtime_3.9.500.20231113-2345/jars/plexus-sec-dispatcher-2.0.jar
2024-03-11 06:02:21,183 [Worker-12: Launching Executing clean in _Users_aaravrubral_Documents_workspace_SpringBoot2RestH2DBCURDEx] INFO  o.eclipse.m2e.core.internal.Bundles - 	Entry: /Applications/SpringToolSuite4.app/Contents/Eclipse/plugins/org.eclipse.m2e.maven.runtime_3.9.500.20231113-2345/jars/plexus-utils-3.5.1.jar
2024-03-11 06:02:21,185 [Worker-12: Launching Executing clean in _Users_aaravrubral_Documents_workspace_SpringBoot2RestH2DBCURDEx] INFO  o.eclipse.m2e.core.internal.Bundles - 	Entry: /Applications/SpringToolSuite4.app/Contents/Eclipse/plugins/org.eclipse.m2e.maven.runtime_3.9.500.20231113-2345/jars/wagon-file-3.5.3.jar
2024-03-11 06:02:21,186 [Worker-12: Launching Executing clean in _Users_aaravrubral_Documents_workspace_SpringBoot2RestH2DBCURDEx] INFO  o.eclipse.m2e.core.internal.Bundles - 	Entry: /Applications/SpringToolSuite4.app/Contents/Eclipse/plugins/org.eclipse.m2e.maven.runtime_3.9.500.20231113-2345/jars/wagon-http-3.5.3.jar
2024-03-11 06:02:21,186 [Worker-12: Launching Executing clean in _Users_aaravrubral_Documents_workspace_SpringBoot2RestH2DBCURDEx] INFO  o.eclipse.m2e.core.internal.Bundles - 	Entry: /Applications/SpringToolSuite4.app/Contents/Eclipse/plugins/org.eclipse.m2e.maven.runtime_3.9.500.20231113-2345/jars/wagon-http-shared-3.5.3.jar
2024-03-11 06:02:21,186 [Worker-12: Launching Executing clean in _Users_aaravrubral_Documents_workspace_SpringBoot2RestH2DBCURDEx] INFO  o.eclipse.m2e.core.internal.Bundles - 	Entry: /Applications/SpringToolSuite4.app/Contents/Eclipse/plugins/org.eclipse.m2e.maven.runtime_3.9.500.20231113-2345/jars/wagon-provider-api-3.5.3.jar
2024-03-11 06:02:21,187 [Worker-12: Launching Executing clean in _Users_aaravrubral_Documents_workspace_SpringBoot2RestH2DBCURDEx] INFO  o.eclipse.m2e.core.internal.Bundles - getClasspathEntries(Bundle=com.google.guava_33.0.0.jre [25])
2024-03-11 06:02:21,187 [Worker-12: Launching Executing clean in _Users_aaravrubral_Documents_workspace_SpringBoot2RestH2DBCURDEx] INFO  o.eclipse.m2e.core.internal.Bundles - 	Entry: /Applications/SpringToolSuite4.app/Contents/Eclipse/plugins/com.google.guava_33.0.0.jre.jar
2024-03-11 06:02:21,187 [Worker-12: Launching Executing clean in _Users_aaravrubral_Documents_workspace_SpringBoot2RestH2DBCURDEx] INFO  o.eclipse.m2e.core.internal.Bundles - getClasspathEntries(Bundle=slf4j.api_2.0.9 [565])
2024-03-11 06:02:21,187 [Worker-12: Launching Executing clean in _Users_aaravrubral_Documents_workspace_SpringBoot2RestH2DBCURDEx] INFO  o.eclipse.m2e.core.internal.Bundles - 	Entry: /Applications/SpringToolSuite4.app/Contents/Eclipse/plugins/slf4j.api_2.0.9.jar
2024-03-11 06:02:21,187 [Worker-12: Launching Executing clean in _Users_aaravrubral_Documents_workspace_SpringBoot2RestH2DBCURDEx] INFO  o.eclipse.m2e.core.internal.Bundles - getClasspathEntries(Bundle=jakarta.inject.jakarta.inject-api_1.0.5 [41])
2024-03-11 06:02:21,188 [Worker-12: Launching Executing clean in _Users_aaravrubral_Documents_workspace_SpringBoot2RestH2DBCURDEx] INFO  o.eclipse.m2e.core.internal.Bundles - 	Entry: /Applications/SpringToolSuite4.app/Contents/Eclipse/plugins/jakarta.inject.jakarta.inject-api_1.0.5.jar
2024-03-11 06:02:21,188 [Worker-12: Launching Executing clean in _Users_aaravrubral_Documents_workspace_SpringBoot2RestH2DBCURDEx] INFO  o.eclipse.m2e.core.internal.Bundles - getClasspathEntries(Bundle=jakarta.annotation-api_1.3.5 [37])
2024-03-11 06:02:21,188 [Worker-12: Launching Executing clean in _Users_aaravrubral_Documents_workspace_SpringBoot2RestH2DBCURDEx] INFO  o.eclipse.m2e.core.internal.Bundles - 	Entry: /Applications/SpringToolSuite4.app/Contents/Eclipse/plugins/jakarta.annotation-api_1.3.5.jar
2024-03-11 06:02:21,188 [Worker-12: Launching Executing clean in _Users_aaravrubral_Documents_workspace_SpringBoot2RestH2DBCURDEx] INFO  o.eclipse.m2e.core.internal.Bundles - getClasspathEntries(Bundle=org.apache.commons.cli_1.6.0 [71])
2024-03-11 06:02:21,188 [Worker-12: Launching Executing clean in _Users_aaravrubral_Documents_workspace_SpringBoot2RestH2DBCURDEx] INFO  o.eclipse.m2e.core.internal.Bundles - 	Entry: /Applications/SpringToolSuite4.app/Contents/Eclipse/plugins/org.apache.commons.cli_1.6.0.jar
2024-03-11 06:02:21,188 [Worker-12: Launching Executing clean in _Users_aaravrubral_Documents_workspace_SpringBoot2RestH2DBCURDEx] INFO  o.eclipse.m2e.core.internal.Bundles - getClasspathEntries(Bundle=org.apache.commons.commons-codec_1.16.0 [73])
2024-03-11 06:02:21,188 [Worker-12: Launching Executing clean in _Users_aaravrubral_Documents_workspace_SpringBoot2RestH2DBCURDEx] INFO  o.eclipse.m2e.core.internal.Bundles - 	Entry: /Applications/SpringToolSuite4.app/Contents/Eclipse/plugins/org.apache.commons.commons-codec_1.16.0.jar
2024-03-11 06:02:21,188 [Worker-12: Launching Executing clean in _Users_aaravrubral_Documents_workspace_SpringBoot2RestH2DBCURDEx] INFO  o.eclipse.m2e.core.internal.Bundles - getClasspathEntries(Bundle=org.apache.commons.lang3_3.13.0 [77])
2024-03-11 06:02:21,188 [Worker-12: Launching Executing clean in _Users_aaravrubral_Documents_workspace_SpringBoot2RestH2DBCURDEx] INFO  o.eclipse.m2e.core.internal.Bundles - 	Entry: /Applications/SpringToolSuite4.app/Contents/Eclipse/plugins/org.apache.commons.lang3_3.13.0.jar
2024-03-11 06:02:21,188 [Worker-12: Launching Executing clean in _Users_aaravrubral_Documents_workspace_SpringBoot2RestH2DBCURDEx] INFO  o.eclipse.m2e.core.internal.Bundles - getClasspathEntries(Bundle=com.google.guava.failureaccess_1.0.2 [27])
2024-03-11 06:02:21,189 [Worker-12: Launching Executing clean in _Users_aaravrubral_Documents_workspace_SpringBoot2RestH2DBCURDEx] INFO  o.eclipse.m2e.core.internal.Bundles - 	Entry: /Applications/SpringToolSuite4.app/Contents/Eclipse/plugins/com.google.guava.failureaccess_1.0.2.jar
2024-03-11 06:02:21,190 [Worker-12: Launching Executing clean in _Users_aaravrubral_Documents_workspace_SpringBoot2RestH2DBCURDEx] INFO  o.e.m.i.launch.MavenLaunchDelegate - Run build in "/Users/aaravrubral/Documents/workspace/SpringBoot2RestH2DBCURDEx":
2024-03-11 06:02:21,190 [Worker-12: Launching Executing clean in _Users_aaravrubral_Documents_workspace_SpringBoot2RestH2DBCURDEx] INFO  o.e.m.i.launch.MavenLaunchDelegate -  mvn  -Ppom.xml -B -Dstyle.color=always clean
2024-03-11 06:03:24,305 [Worker-12: Launching Executing install in _Users_aaravrubral_Documents_workspace_SpringBoot2RestH2DBCURDEx] INFO  o.eclipse.m2e.core.internal.Bundles - getClasspathEntries(Bundle=org.eclipse.m2e.maven.runtime_3.9.500.20231113-2345 [338])
2024-03-11 06:03:24,307 [Worker-12: Launching Executing install in _Users_aaravrubral_Documents_workspace_SpringBoot2RestH2DBCURDEx] INFO  o.eclipse.m2e.core.internal.Bundles - 	Entry: /Applications/SpringToolSuite4.app/Contents/Eclipse/plugins/org.eclipse.m2e.maven.runtime_3.9.500.20231113-2345
2024-03-11 06:03:24,308 [Worker-12: Launching Executing install in _Users_aaravrubral_Documents_workspace_SpringBoot2RestH2DBCURDEx] INFO  o.eclipse.m2e.core.internal.Bundles - 	Entry: /Applications/SpringToolSuite4.app/Contents/Eclipse/plugins/org.eclipse.m2e.maven.runtime_3.9.500.20231113-2345/jars/aopalliance-1.0.jar
2024-03-11 06:03:24,308 [Worker-12: Launching Executing install in _Users_aaravrubral_Documents_workspace_SpringBoot2RestH2DBCURDEx] INFO  o.eclipse.m2e.core.internal.Bundles - 	Entry: /Applications/SpringToolSuite4.app/Contents/Eclipse/plugins/org.eclipse.m2e.maven.runtime_3.9.500.20231113-2345/jars/guice-5.1.0.jar
2024-03-11 06:03:24,309 [Worker-12: Launching Executing install in _Users_aaravrubral_Documents_workspace_SpringBoot2RestH2DBCURDEx] INFO  o.eclipse.m2e.core.internal.Bundles - 	Entry: /Applications/SpringToolSuite4.app/Contents/Eclipse/plugins/org.eclipse.m2e.maven.runtime_3.9.500.20231113-2345/jars/httpclient-4.5.14.jar
2024-03-11 06:03:24,309 [Worker-12: Launching Executing install in _Users_aaravrubral_Documents_workspace_SpringBoot2RestH2DBCURDEx] INFO  o.eclipse.m2e.core.internal.Bundles - 	Entry: /Applications/SpringToolSuite4.app/Contents/Eclipse/plugins/org.eclipse.m2e.maven.runtime_3.9.500.20231113-2345/jars/httpcore-4.4.16.jar
2024-03-11 06:03:24,310 [Worker-12: Launching Executing install in _Users_aaravrubral_Documents_workspace_SpringBoot2RestH2DBCURDEx] INFO  o.eclipse.m2e.core.internal.Bundles - 	Entry: /Applications/SpringToolSuite4.app/Contents/Eclipse/plugins/org.eclipse.m2e.maven.runtime_3.9.500.20231113-2345/jars/jansi-2.4.0.jar
2024-03-11 06:03:24,310 [Worker-12: Launching Executing install in _Users_aaravrubral_Documents_workspace_SpringBoot2RestH2DBCURDEx] INFO  o.eclipse.m2e.core.internal.Bundles - 	Entry: /Applications/SpringToolSuite4.app/Contents/Eclipse/plugins/org.eclipse.m2e.maven.runtime_3.9.500.20231113-2345/jars/jcl-over-slf4j-1.7.36.jar
2024-03-11 06:03:24,310 [Worker-12: Launching Executing install in _Users_aaravrubral_Documents_workspace_SpringBoot2RestH2DBCURDEx] INFO  o.eclipse.m2e.core.internal.Bundles - 	Entry: /Applications/SpringToolSuite4.app/Contents/Eclipse/plugins/org.eclipse.m2e.maven.runtime_3.9.500.20231113-2345/jars/maven-artifact-3.9.5.jar
2024-03-11 06:03:24,310 [Worker-12: Launching Executing install in _Users_aaravrubral_Documents_workspace_SpringBoot2RestH2DBCURDEx] INFO  o.eclipse.m2e.core.internal.Bundles - 	Entry: /Applications/SpringToolSuite4.app/Contents/Eclipse/plugins/org.eclipse.m2e.maven.runtime_3.9.500.20231113-2345/jars/maven-builder-support-3.9.5.jar
2024-03-11 06:03:24,311 [Worker-12: Launching Executing install in _Users_aaravrubral_Documents_workspace_SpringBoot2RestH2DBCURDEx] INFO  o.eclipse.m2e.core.internal.Bundles - 	Entry: /Applications/SpringToolSuite4.app/Contents/Eclipse/plugins/org.eclipse.m2e.maven.runtime_3.9.500.20231113-2345/jars/maven-compat-3.9.5.jar
2024-03-11 06:03:24,311 [Worker-12: Launching Executing install in _Users_aaravrubral_Documents_workspace_SpringBoot2RestH2DBCURDEx] INFO  o.eclipse.m2e.core.internal.Bundles - 	Entry: /Applications/SpringToolSuite4.app/Contents/Eclipse/plugins/org.eclipse.m2e.maven.runtime_3.9.500.20231113-2345/jars/maven-core-3.9.5.jar
2024-03-11 06:03:24,311 [Worker-12: Launching Executing install in _Users_aaravrubral_Documents_workspace_SpringBoot2RestH2DBCURDEx] INFO  o.eclipse.m2e.core.internal.Bundles - 	Entry: /Applications/SpringToolSuite4.app/Contents/Eclipse/plugins/org.eclipse.m2e.maven.runtime_3.9.500.20231113-2345/jars/maven-embedder-3.9.5.jar
2024-03-11 06:03:24,311 [Worker-12: Launching Executing install in _Users_aaravrubral_Documents_workspace_SpringBoot2RestH2DBCURDEx] INFO  o.eclipse.m2e.core.internal.Bundles - 	Entry: /Applications/SpringToolSuite4.app/Contents/Eclipse/plugins/org.eclipse.m2e.maven.runtime_3.9.500.20231113-2345/jars/maven-model-3.9.5.jar
2024-03-11 06:03:24,312 [Worker-12: Launching Executing install in _Users_aaravrubral_Documents_workspace_SpringBoot2RestH2DBCURDEx] INFO  o.eclipse.m2e.core.internal.Bundles - 	Entry: /Applications/SpringToolSuite4.app/Contents/Eclipse/plugins/org.eclipse.m2e.maven.runtime_3.9.500.20231113-2345/jars/maven-model-builder-3.9.5.jar
2024-03-11 06:03:24,312 [Worker-12: Launching Executing install in _Users_aaravrubral_Documents_workspace_SpringBoot2RestH2DBCURDEx] INFO  o.eclipse.m2e.core.internal.Bundles - 	Entry: /Applications/SpringToolSuite4.app/Contents/Eclipse/plugins/org.eclipse.m2e.maven.runtime_3.9.500.20231113-2345/jars/maven-plugin-api-3.9.5.jar
2024-03-11 06:03:24,312 [Worker-12: Launching Executing install in _Users_aaravrubral_Documents_workspace_SpringBoot2RestH2DBCURDEx] INFO  o.eclipse.m2e.core.internal.Bundles - 	Entry: /Applications/SpringToolSuite4.app/Contents/Eclipse/plugins/org.eclipse.m2e.maven.runtime_3.9.500.20231113-2345/jars/maven-repository-metadata-3.9.5.jar
2024-03-11 06:03:24,312 [Worker-12: Launching Executing install in _Users_aaravrubral_Documents_workspace_SpringBoot2RestH2DBCURDEx] INFO  o.eclipse.m2e.core.internal.Bundles - 	Entry: /Applications/SpringToolSuite4.app/Contents/Eclipse/plugins/org.eclipse.m2e.maven.runtime_3.9.500.20231113-2345/jars/maven-resolver-api-1.9.16.jar
2024-03-11 06:03:24,312 [Worker-12: Launching Executing install in _Users_aaravrubral_Documents_workspace_SpringBoot2RestH2DBCURDEx] INFO  o.eclipse.m2e.core.internal.Bundles - 	Entry: /Applications/SpringToolSuite4.app/Contents/Eclipse/plugins/org.eclipse.m2e.maven.runtime_3.9.500.20231113-2345/jars/maven-resolver-connector-basic-1.9.16.jar
2024-03-11 06:03:24,313 [Worker-12: Launching Executing install in _Users_aaravrubral_Documents_workspace_SpringBoot2RestH2DBCURDEx] INFO  o.eclipse.m2e.core.internal.Bundles - 	Entry: /Applications/SpringToolSuite4.app/Contents/Eclipse/plugins/org.eclipse.m2e.maven.runtime_3.9.500.20231113-2345/jars/maven-resolver-impl-1.9.16.jar
2024-03-11 06:03:24,313 [Worker-12: Launching Executing install in _Users_aaravrubral_Documents_workspace_SpringBoot2RestH2DBCURDEx] INFO  o.eclipse.m2e.core.internal.Bundles - 	Entry: /Applications/SpringToolSuite4.app/Contents/Eclipse/plugins/org.eclipse.m2e.maven.runtime_3.9.500.20231113-2345/jars/maven-resolver-named-locks-1.9.16.jar
2024-03-11 06:03:24,313 [Worker-12: Launching Executing install in _Users_aaravrubral_Documents_workspace_SpringBoot2RestH2DBCURDEx] INFO  o.eclipse.m2e.core.internal.Bundles - 	Entry: /Applications/SpringToolSuite4.app/Contents/Eclipse/plugins/org.eclipse.m2e.maven.runtime_3.9.500.20231113-2345/jars/maven-resolver-provider-3.9.5.jar
2024-03-11 06:03:24,313 [Worker-12: Launching Executing install in _Users_aaravrubral_Documents_workspace_SpringBoot2RestH2DBCURDEx] INFO  o.eclipse.m2e.core.internal.Bundles - 	Entry: /Applications/SpringToolSuite4.app/Contents/Eclipse/plugins/org.eclipse.m2e.maven.runtime_3.9.500.20231113-2345/jars/maven-resolver-spi-1.9.16.jar
2024-03-11 06:03:24,314 [Worker-12: Launching Executing install in _Users_aaravrubral_Documents_workspace_SpringBoot2RestH2DBCURDEx] INFO  o.eclipse.m2e.core.internal.Bundles - 	Entry: /Applications/SpringToolSuite4.app/Contents/Eclipse/plugins/org.eclipse.m2e.maven.runtime_3.9.500.20231113-2345/jars/maven-resolver-transport-file-1.9.16.jar
2024-03-11 06:03:24,314 [Worker-12: Launching Executing install in _Users_aaravrubral_Documents_workspace_SpringBoot2RestH2DBCURDEx] INFO  o.eclipse.m2e.core.internal.Bundles - 	Entry: /Applications/SpringToolSuite4.app/Contents/Eclipse/plugins/org.eclipse.m2e.maven.runtime_3.9.500.20231113-2345/jars/maven-resolver-transport-http-1.9.16.jar
2024-03-11 06:03:24,314 [Worker-12: Launching Executing install in _Users_aaravrubral_Documents_workspace_SpringBoot2RestH2DBCURDEx] INFO  o.eclipse.m2e.core.internal.Bundles - 	Entry: /Applications/SpringToolSuite4.app/Contents/Eclipse/plugins/org.eclipse.m2e.maven.runtime_3.9.500.20231113-2345/jars/maven-resolver-transport-wagon-1.9.16.jar
2024-03-11 06:03:24,315 [Worker-12: Launching Executing install in _Users_aaravrubral_Documents_workspace_SpringBoot2RestH2DBCURDEx] INFO  o.eclipse.m2e.core.internal.Bundles - 	Entry: /Applications/SpringToolSuite4.app/Contents/Eclipse/plugins/org.eclipse.m2e.maven.runtime_3.9.500.20231113-2345/jars/maven-resolver-util-1.9.16.jar
2024-03-11 06:03:24,315 [Worker-12: Launching Executing install in _Users_aaravrubral_Documents_workspace_SpringBoot2RestH2DBCURDEx] INFO  o.eclipse.m2e.core.internal.Bundles - 	Entry: /Applications/SpringToolSuite4.app/Contents/Eclipse/plugins/org.eclipse.m2e.maven.runtime_3.9.500.20231113-2345/jars/maven-settings-3.9.5.jar
2024-03-11 06:03:24,315 [Worker-12: Launching Executing install in _Users_aaravrubral_Documents_workspace_SpringBoot2RestH2DBCURDEx] INFO  o.eclipse.m2e.core.internal.Bundles - 	Entry: /Applications/SpringToolSuite4.app/Contents/Eclipse/plugins/org.eclipse.m2e.maven.runtime_3.9.500.20231113-2345/jars/maven-settings-builder-3.9.5.jar
2024-03-11 06:03:24,321 [Worker-12: Launching Executing install in _Users_aaravrubral_Documents_workspace_SpringBoot2RestH2DBCURDEx] INFO  o.eclipse.m2e.core.internal.Bundles - 	Entry: /Applications/SpringToolSuite4.app/Contents/Eclipse/plugins/org.eclipse.m2e.maven.runtime_3.9.500.20231113-2345/jars/maven-shared-utils-3.3.4.jar
2024-03-11 06:03:24,322 [Worker-12: Launching Executing install in _Users_aaravrubral_Documents_workspace_SpringBoot2RestH2DBCURDEx] INFO  o.eclipse.m2e.core.internal.Bundles - 	Entry: /Applications/SpringToolSuite4.app/Contents/Eclipse/plugins/org.eclipse.m2e.maven.runtime_3.9.500.20231113-2345/jars/org.eclipse.sisu.inject-0.3.5.jar
2024-03-11 06:03:24,322 [Worker-12: Launching Executing install in _Users_aaravrubral_Documents_workspace_SpringBoot2RestH2DBCURDEx] INFO  o.eclipse.m2e.core.internal.Bundles - 	Entry: /Applications/SpringToolSuite4.app/Contents/Eclipse/plugins/org.eclipse.m2e.maven.runtime_3.9.500.20231113-2345/jars/org.eclipse.sisu.plexus-0.3.5.jar
2024-03-11 06:03:24,323 [Worker-12: Launching Executing install in _Users_aaravrubral_Documents_workspace_SpringBoot2RestH2DBCURDEx] INFO  o.eclipse.m2e.core.internal.Bundles - 	Entry: /Applications/SpringToolSuite4.app/Contents/Eclipse/plugins/org.eclipse.m2e.maven.runtime_3.9.500.20231113-2345/jars/plexus-build-api-0.0.7.jar
2024-03-11 06:03:24,323 [Worker-12: Launching Executing install in _Users_aaravrubral_Documents_workspace_SpringBoot2RestH2DBCURDEx] INFO  o.eclipse.m2e.core.internal.Bundles - 	Entry: /Applications/SpringToolSuite4.app/Contents/Eclipse/plugins/org.eclipse.m2e.maven.runtime_3.9.500.20231113-2345/jars/plexus-cipher-2.0.jar
2024-03-11 06:03:24,323 [Worker-12: Launching Executing install in _Users_aaravrubral_Documents_workspace_SpringBoot2RestH2DBCURDEx] INFO  o.eclipse.m2e.core.internal.Bundles - 	Entry: /Applications/SpringToolSuite4.app/Contents/Eclipse/plugins/org.eclipse.m2e.maven.runtime_3.9.500.20231113-2345/jars/plexus-classworlds-2.7.0.jar
2024-03-11 06:03:24,323 [Worker-12: Launching Executing install in _Users_aaravrubral_Documents_workspace_SpringBoot2RestH2DBCURDEx] INFO  o.eclipse.m2e.core.internal.Bundles - 	Entry: /Applications/SpringToolSuite4.app/Contents/Eclipse/plugins/org.eclipse.m2e.maven.runtime_3.9.500.20231113-2345/jars/plexus-component-annotations-2.1.0.jar
2024-03-11 06:03:24,323 [Worker-12: Launching Executing install in _Users_aaravrubral_Documents_workspace_SpringBoot2RestH2DBCURDEx] INFO  o.eclipse.m2e.core.internal.Bundles - 	Entry: /Applications/SpringToolSuite4.app/Contents/Eclipse/plugins/org.eclipse.m2e.maven.runtime_3.9.500.20231113-2345/jars/plexus-interpolation-1.26.jar
2024-03-11 06:03:24,324 [Worker-12: Launching Executing install in _Users_aaravrubral_Documents_workspace_SpringBoot2RestH2DBCURDEx] INFO  o.eclipse.m2e.core.internal.Bundles - 	Entry: /Applications/SpringToolSuite4.app/Contents/Eclipse/plugins/org.eclipse.m2e.maven.runtime_3.9.500.20231113-2345/jars/plexus-sec-dispatcher-2.0.jar
2024-03-11 06:03:24,324 [Worker-12: Launching Executing install in _Users_aaravrubral_Documents_workspace_SpringBoot2RestH2DBCURDEx] INFO  o.eclipse.m2e.core.internal.Bundles - 	Entry: /Applications/SpringToolSuite4.app/Contents/Eclipse/plugins/org.eclipse.m2e.maven.runtime_3.9.500.20231113-2345/jars/plexus-utils-3.5.1.jar
2024-03-11 06:03:24,324 [Worker-12: Launching Executing install in _Users_aaravrubral_Documents_workspace_SpringBoot2RestH2DBCURDEx] INFO  o.eclipse.m2e.core.internal.Bundles - 	Entry: /Applications/SpringToolSuite4.app/Contents/Eclipse/plugins/org.eclipse.m2e.maven.runtime_3.9.500.20231113-2345/jars/wagon-file-3.5.3.jar
2024-03-11 06:03:24,324 [Worker-12: Launching Executing install in _Users_aaravrubral_Documents_workspace_SpringBoot2RestH2DBCURDEx] INFO  o.eclipse.m2e.core.internal.Bundles - 	Entry: /Applications/SpringToolSuite4.app/Contents/Eclipse/plugins/org.eclipse.m2e.maven.runtime_3.9.500.20231113-2345/jars/wagon-http-3.5.3.jar
2024-03-11 06:03:24,325 [Worker-12: Launching Executing install in _Users_aaravrubral_Documents_workspace_SpringBoot2RestH2DBCURDEx] INFO  o.eclipse.m2e.core.internal.Bundles - 	Entry: /Applications/SpringToolSuite4.app/Contents/Eclipse/plugins/org.eclipse.m2e.maven.runtime_3.9.500.20231113-2345/jars/wagon-http-shared-3.5.3.jar
2024-03-11 06:03:24,325 [Worker-12: Launching Executing install in _Users_aaravrubral_Documents_workspace_SpringBoot2RestH2DBCURDEx] INFO  o.eclipse.m2e.core.internal.Bundles - 	Entry: /Applications/SpringToolSuite4.app/Contents/Eclipse/plugins/org.eclipse.m2e.maven.runtime_3.9.500.20231113-2345/jars/wagon-provider-api-3.5.3.jar
2024-03-11 06:03:24,325 [Worker-12: Launching Executing install in _Users_aaravrubral_Documents_workspace_SpringBoot2RestH2DBCURDEx] INFO  o.eclipse.m2e.core.internal.Bundles - getClasspathEntries(Bundle=com.google.guava_33.0.0.jre [25])
2024-03-11 06:03:24,325 [Worker-12: Launching Executing install in _Users_aaravrubral_Documents_workspace_SpringBoot2RestH2DBCURDEx] INFO  o.eclipse.m2e.core.internal.Bundles - 	Entry: /Applications/SpringToolSuite4.app/Contents/Eclipse/plugins/com.google.guava_33.0.0.jre.jar
2024-03-11 06:03:24,326 [Worker-12: Launching Executing install in _Users_aaravrubral_Documents_workspace_SpringBoot2RestH2DBCURDEx] INFO  o.eclipse.m2e.core.internal.Bundles - getClasspathEntries(Bundle=slf4j.api_2.0.9 [565])
2024-03-11 06:03:24,326 [Worker-12: Launching Executing install in _Users_aaravrubral_Documents_workspace_SpringBoot2RestH2DBCURDEx] INFO  o.eclipse.m2e.core.internal.Bundles - 	Entry: /Applications/SpringToolSuite4.app/Contents/Eclipse/plugins/slf4j.api_2.0.9.jar
2024-03-11 06:03:24,326 [Worker-12: Launching Executing install in _Users_aaravrubral_Documents_workspace_SpringBoot2RestH2DBCURDEx] INFO  o.eclipse.m2e.core.internal.Bundles - getClasspathEntries(Bundle=jakarta.inject.jakarta.inject-api_1.0.5 [41])
2024-03-11 06:03:24,326 [Worker-12: Launching Executing install in _Users_aaravrubral_Documents_workspace_SpringBoot2RestH2DBCURDEx] INFO  o.eclipse.m2e.core.internal.Bundles - 	Entry: /Applications/SpringToolSuite4.app/Contents/Eclipse/plugins/jakarta.inject.jakarta.inject-api_1.0.5.jar
2024-03-11 06:03:24,326 [Worker-12: Launching Executing install in _Users_aaravrubral_Documents_workspace_SpringBoot2RestH2DBCURDEx] INFO  o.eclipse.m2e.core.internal.Bundles - getClasspathEntries(Bundle=jakarta.annotation-api_1.3.5 [37])
2024-03-11 06:03:24,327 [Worker-12: Launching Executing install in _Users_aaravrubral_Documents_workspace_SpringBoot2RestH2DBCURDEx] INFO  o.eclipse.m2e.core.internal.Bundles - 	Entry: /Applications/SpringToolSuite4.app/Contents/Eclipse/plugins/jakarta.annotation-api_1.3.5.jar
2024-03-11 06:03:24,327 [Worker-12: Launching Executing install in _Users_aaravrubral_Documents_workspace_SpringBoot2RestH2DBCURDEx] INFO  o.eclipse.m2e.core.internal.Bundles - getClasspathEntries(Bundle=org.apache.commons.cli_1.6.0 [71])
2024-03-11 06:03:24,327 [Worker-12: Launching Executing install in _Users_aaravrubral_Documents_workspace_SpringBoot2RestH2DBCURDEx] INFO  o.eclipse.m2e.core.internal.Bundles - 	Entry: /Applications/SpringToolSuite4.app/Contents/Eclipse/plugins/org.apache.commons.cli_1.6.0.jar
2024-03-11 06:03:24,327 [Worker-12: Launching Executing install in _Users_aaravrubral_Documents_workspace_SpringBoot2RestH2DBCURDEx] INFO  o.eclipse.m2e.core.internal.Bundles - getClasspathEntries(Bundle=org.apache.commons.commons-codec_1.16.0 [73])
2024-03-11 06:03:24,327 [Worker-12: Launching Executing install in _Users_aaravrubral_Documents_workspace_SpringBoot2RestH2DBCURDEx] INFO  o.eclipse.m2e.core.internal.Bundles - 	Entry: /Applications/SpringToolSuite4.app/Contents/Eclipse/plugins/org.apache.commons.commons-codec_1.16.0.jar
2024-03-11 06:03:24,327 [Worker-12: Launching Executing install in _Users_aaravrubral_Documents_workspace_SpringBoot2RestH2DBCURDEx] INFO  o.eclipse.m2e.core.internal.Bundles - getClasspathEntries(Bundle=org.apache.commons.lang3_3.13.0 [77])
2024-03-11 06:03:24,328 [Worker-12: Launching Executing install in _Users_aaravrubral_Documents_workspace_SpringBoot2RestH2DBCURDEx] INFO  o.eclipse.m2e.core.internal.Bundles - 	Entry: /Applications/SpringToolSuite4.app/Contents/Eclipse/plugins/org.apache.commons.lang3_3.13.0.jar
2024-03-11 06:03:24,328 [Worker-12: Launching Executing install in _Users_aaravrubral_Documents_workspace_SpringBoot2RestH2DBCURDEx] INFO  o.eclipse.m2e.core.internal.Bundles - getClasspathEntries(Bundle=com.google.guava.failureaccess_1.0.2 [27])
2024-03-11 06:03:24,328 [Worker-12: Launching Executing install in _Users_aaravrubral_Documents_workspace_SpringBoot2RestH2DBCURDEx] INFO  o.eclipse.m2e.core.internal.Bundles - 	Entry: /Applications/SpringToolSuite4.app/Contents/Eclipse/plugins/com.google.guava.failureaccess_1.0.2.jar
2024-03-11 06:03:24,329 [Worker-12: Launching Executing install in _Users_aaravrubral_Documents_workspace_SpringBoot2RestH2DBCURDEx] INFO  o.e.m.i.launch.MavenLaunchDelegate - Run build in "/Users/aaravrubral/Documents/workspace/SpringBoot2RestH2DBCURDEx":
2024-03-11 06:03:24,330 [Worker-12: Launching Executing install in _Users_aaravrubral_Documents_workspace_SpringBoot2RestH2DBCURDEx] INFO  o.e.m.i.launch.MavenLaunchDelegate -  mvn  -Ppom.xml -B -Dstyle.color=always install
2024-03-11 06:04:40,099 [Worker-3: Import Getting Started Content] INFO  o.e.m.c.i.l.LifecycleMappingFactory - Using org.eclipse.m2e.jdt.JarLifecycleMapping lifecycle mapping for MavenProject: in.aarav.rubral:SpringBoot2RestH2DBCURDEx-1:1.0 @ /Users/aaravrubral/Documents/workspace/SpringBoot2RestH2DBCURDEx-1/pom.xml.
2024-03-11 06:04:41,489 [Worker-3: Import Getting Started Content] INFO  o.e.m.j.i.AbstractJavaProjectConfigurator - Adding source folder /SpringBoot2RestH2DBCURDEx-1/src/main/java
2024-03-11 06:04:41,490 [Worker-3: Import Getting Started Content] INFO  o.e.m.j.i.AbstractJavaProjectConfigurator - Adding resource folder /SpringBoot2RestH2DBCURDEx-1/src/main/resources
2024-03-11 06:04:41,493 [Worker-3: Import Getting Started Content] INFO  o.e.m.j.i.AbstractJavaProjectConfigurator - Adding resource folder /SpringBoot2RestH2DBCURDEx-1/src/main/resources
2024-03-11 06:04:41,499 [Worker-3: Import Getting Started Content] INFO  o.e.m.j.i.AbstractJavaProjectConfigurator - Adding source folder /SpringBoot2RestH2DBCURDEx-1/src/test/java
2024-03-11 06:04:41,500 [Worker-3: Import Getting Started Content] INFO  o.e.m.j.i.AbstractJavaProjectConfigurator - Adding resource folder /SpringBoot2RestH2DBCURDEx-1/src/test/resources
2024-03-11 06:04:41,822 [Worker-3: Import Getting Started Content] INFO  o.e.m.c.i.p.ProjectConfigurationManager - Imported and configured 1 project(s) in 2 sec
2024-03-11 06:04:41,827 [Worker-3: Import Getting Started Content] INFO  o.e.m.c.i.p.ProjectConfigurationManager - Update started
2024-03-11 06:04:42,134 [Worker-3: Import Getting Started Content] INFO  o.e.m.c.i.l.LifecycleMappingFactory - Using org.eclipse.m2e.jdt.JarLifecycleMapping lifecycle mapping for MavenProject: in.aarav.rubral:SpringBoot2RestH2DBCURDEx-1:1.0 @ /Users/aaravrubral/Documents/workspace/SpringBoot2RestH2DBCURDEx-1/pom.xml.
2024-03-11 06:04:43,298 [Worker-3: Import Getting Started Content] INFO  o.e.m.j.i.AbstractJavaProjectConfigurator - Adding source folder /SpringBoot2RestH2DBCURDEx-1/src/main/java
2024-03-11 06:04:43,299 [Worker-3: Import Getting Started Content] INFO  o.e.m.j.i.AbstractJavaProjectConfigurator - Adding resource folder /SpringBoot2RestH2DBCURDEx-1/src/main/resources
2024-03-11 06:04:43,299 [Worker-3: Import Getting Started Content] INFO  o.e.m.j.i.AbstractJavaProjectConfigurator - Adding resource folder /SpringBoot2RestH2DBCURDEx-1/src/main/resources
2024-03-11 06:04:43,300 [Worker-3: Import Getting Started Content] INFO  o.e.m.j.i.AbstractJavaProjectConfigurator - Adding source folder /SpringBoot2RestH2DBCURDEx-1/src/test/java
2024-03-11 06:04:43,300 [Worker-3: Import Getting Started Content] INFO  o.e.m.j.i.AbstractJavaProjectConfigurator - Adding resource folder /SpringBoot2RestH2DBCURDEx-1/src/test/resources
2024-03-11 06:04:43,825 [Worker-3: Import Getting Started Content] INFO  o.e.m.c.i.p.ProjectConfigurationManager - Update completed for 1 poms: local refresh takes 0.00 sec, refresh facades takes 1.00 sec, update config takes 0.00 sec 
2024-03-11 06:04:44,433 [Worker-12: Building] INFO  o.a.m.s.f.DefaultMavenResourcesFiltering - Copying 1 resource from src/main/resources to target/classes
2024-03-11 06:04:44,460 [Worker-12: Building] INFO  o.a.m.s.f.DefaultMavenResourcesFiltering - Copying 0 resource from src/main/resources to target/classes
2024-03-11 06:04:44,468 [Worker-12: Building] INFO  o.a.m.s.f.DefaultMavenResourcesFiltering - skip non existing resourceDirectory /Users/aaravrubral/Documents/workspace/SpringBoot2RestH2DBCURDEx-1/src/test/resources
2024-03-11 06:05:55,869 [Worker-2: Building] INFO  o.a.m.s.f.DefaultMavenResourcesFiltering - Copying 1 resource from src/main/resources to target/classes
2024-03-11 06:05:55,908 [Worker-2: Building] INFO  o.a.m.s.f.DefaultMavenResourcesFiltering - Copying 0 resource from src/main/resources to target/classes
2024-03-11 06:05:55,916 [Worker-2: Building] INFO  o.a.m.s.f.DefaultMavenResourcesFiltering - skip non existing resourceDirectory /Users/aaravrubral/Documents/workspace/SpringBoot2RestH2DBCURDEx-1/src/test/resources
2024-03-11 06:06:07,121 [Worker-6: Building] INFO  o.a.m.s.f.DefaultMavenResourcesFiltering - Copying 1 resource from src/main/resources to target/classes
2024-03-11 06:06:07,166 [Worker-6: Building] INFO  o.a.m.s.f.DefaultMavenResourcesFiltering - Copying 0 resource from src/main/resources to target/classes
2024-03-11 06:06:07,173 [Worker-6: Building] INFO  o.a.m.s.f.DefaultMavenResourcesFiltering - skip non existing resourceDirectory /Users/aaravrubral/Documents/workspace/SpringBoot2RestH2DBCURDEx-1/src/test/resources
2024-03-11 06:07:25,131 [Worker-3: Building] INFO  o.a.m.s.f.DefaultMavenResourcesFiltering - Copying 1 resource from src/main/resources to target/classes
2024-03-11 06:07:25,136 [Worker-3: Building] INFO  o.a.m.s.f.DefaultMavenResourcesFiltering - Copying 0 resource from src/main/resources to target/classes
2024-03-11 06:07:25,142 [Worker-3: Building] INFO  o.a.m.s.f.DefaultMavenResourcesFiltering - skip non existing resourceDirectory /Users/aaravrubral/Documents/workspace/SpringBoot2RestH2DBCURDEx-1/src/test/resources
2024-03-11 06:07:31,783 [Worker-13: Building] INFO  o.a.m.s.f.DefaultMavenResourcesFiltering - Copying 1 resource from src/main/resources to target/classes
2024-03-11 06:07:31,788 [Worker-13: Building] INFO  o.a.m.s.f.DefaultMavenResourcesFiltering - Copying 0 resource from src/main/resources to target/classes
2024-03-11 06:07:31,794 [Worker-13: Building] INFO  o.a.m.s.f.DefaultMavenResourcesFiltering - skip non existing resourceDirectory /Users/aaravrubral/Documents/workspace/SpringBoot2RestH2DBCURDEx-1/src/test/resources
2024-03-11 06:08:39,050 [Worker-11: Building] INFO  o.a.m.s.f.DefaultMavenResourcesFiltering - Copying 1 resource from src/main/resources to target/classes
2024-03-11 06:08:39,056 [Worker-11: Building] INFO  o.a.m.s.f.DefaultMavenResourcesFiltering - Copying 0 resource from src/main/resources to target/classes
2024-03-11 06:08:39,060 [Worker-11: Building] INFO  o.a.m.s.f.DefaultMavenResourcesFiltering - skip non existing resourceDirectory /Users/aaravrubral/Documents/workspace/SpringBoot2RestH2DBCURDEx-1/src/test/resources
2024-03-11 06:08:43,267 [Worker-6: Building] INFO  o.a.m.s.f.DefaultMavenResourcesFiltering - Copying 1 resource from src/main/resources to target/classes
2024-03-11 06:08:43,271 [Worker-6: Building] INFO  o.a.m.s.f.DefaultMavenResourcesFiltering - Copying 0 resource from src/main/resources to target/classes
2024-03-11 06:08:43,275 [Worker-6: Building] INFO  o.a.m.s.f.DefaultMavenResourcesFiltering - skip non existing resourceDirectory /Users/aaravrubral/Documents/workspace/SpringBoot2RestH2DBCURDEx-1/src/test/resources
2024-03-11 06:09:35,094 [Worker-2: Building] INFO  o.a.m.s.f.DefaultMavenResourcesFiltering - Copying 1 resource from src/main/resources to target/classes
2024-03-11 06:09:35,100 [Worker-2: Building] INFO  o.a.m.s.f.DefaultMavenResourcesFiltering - Copying 0 resource from src/main/resources to target/classes
2024-03-11 06:09:35,108 [Worker-2: Building] INFO  o.a.m.s.f.DefaultMavenResourcesFiltering - skip non existing resourceDirectory /Users/aaravrubral/Documents/workspace/SpringBoot2RestH2DBCURDEx-1/src/test/resources
2024-03-11 06:11:37,429 [Worker-4: Building] INFO  o.a.m.s.f.DefaultMavenResourcesFiltering - Copying 1 resource from src/main/resources to target/classes
2024-03-11 06:11:37,436 [Worker-4: Building] INFO  o.a.m.s.f.DefaultMavenResourcesFiltering - Copying 0 resource from src/main/resources to target/classes
2024-03-11 06:11:37,440 [Worker-4: Building] INFO  o.a.m.s.f.DefaultMavenResourcesFiltering - skip non existing resourceDirectory /Users/aaravrubral/Documents/workspace/SpringBoot2RestH2DBCURDEx-1/src/test/resources
2024-03-11 06:11:42,221 [Worker-14: Building] INFO  o.a.m.s.f.DefaultMavenResourcesFiltering - Copying 1 resource from src/main/resources to target/classes
2024-03-11 06:11:42,304 [Worker-14: Building] INFO  o.a.m.s.f.DefaultMavenResourcesFiltering - Copying 0 resource from src/main/resources to target/classes
2024-03-11 06:11:42,308 [Worker-14: Building] INFO  o.a.m.s.f.DefaultMavenResourcesFiltering - skip non existing resourceDirectory /Users/aaravrubral/Documents/workspace/SpringBoot2RestH2DBCURDEx-1/src/test/resources
2024-03-11 06:12:32,597 [Worker-2: Building] INFO  o.a.m.s.f.DefaultMavenResourcesFiltering - Copying 1 resource from src/main/resources to target/classes
2024-03-11 06:12:32,661 [Worker-2: Building] INFO  o.a.m.s.f.DefaultMavenResourcesFiltering - Copying 0 resource from src/main/resources to target/classes
2024-03-11 06:12:32,666 [Worker-2: Building] INFO  o.a.m.s.f.DefaultMavenResourcesFiltering - skip non existing resourceDirectory /Users/aaravrubral/Documents/workspace/SpringBoot2RestH2DBCURDEx-1/src/test/resources
2024-03-11 06:12:37,240 [Worker-3: Building] INFO  o.a.m.s.f.DefaultMavenResourcesFiltering - Copying 1 resource from src/main/resources to target/classes
2024-03-11 06:12:37,256 [Worker-3: Building] INFO  o.a.m.s.f.DefaultMavenResourcesFiltering - Copying 0 resource from src/main/resources to target/classes
2024-03-11 06:12:37,260 [Worker-3: Building] INFO  o.a.m.s.f.DefaultMavenResourcesFiltering - skip non existing resourceDirectory /Users/aaravrubral/Documents/workspace/SpringBoot2RestH2DBCURDEx-1/src/test/resources
2024-03-11 06:12:49,866 [Worker-4: Building] INFO  o.a.m.s.f.DefaultMavenResourcesFiltering - Copying 1 resource from src/main/resources to target/classes
2024-03-11 06:12:49,873 [Worker-4: Building] INFO  o.a.m.s.f.DefaultMavenResourcesFiltering - Copying 0 resource from src/main/resources to target/classes
2024-03-11 06:12:49,877 [Worker-4: Building] INFO  o.a.m.s.f.DefaultMavenResourcesFiltering - skip non existing resourceDirectory /Users/aaravrubral/Documents/workspace/SpringBoot2RestH2DBCURDEx-1/src/test/resources
2024-03-11 06:12:57,847 [Worker-3: Building] INFO  o.a.m.s.f.DefaultMavenResourcesFiltering - Copying 1 resource from src/main/resources to target/classes
2024-03-11 06:12:57,852 [Worker-3: Building] INFO  o.a.m.s.f.DefaultMavenResourcesFiltering - Copying 0 resource from src/main/resources to target/classes
2024-03-11 06:12:57,856 [Worker-3: Building] INFO  o.a.m.s.f.DefaultMavenResourcesFiltering - skip non existing resourceDirectory /Users/aaravrubral/Documents/workspace/SpringBoot2RestH2DBCURDEx-1/src/test/resources
2024-03-11 06:13:29,651 [Worker-3: Building] INFO  o.a.m.s.f.DefaultMavenResourcesFiltering - Copying 1 resource from src/main/resources to target/classes
2024-03-11 06:13:29,657 [Worker-3: Building] INFO  o.a.m.s.f.DefaultMavenResourcesFiltering - Copying 0 resource from src/main/resources to target/classes
2024-03-11 06:13:29,660 [Worker-3: Building] INFO  o.a.m.s.f.DefaultMavenResourcesFiltering - skip non existing resourceDirectory /Users/aaravrubral/Documents/workspace/SpringBoot2RestH2DBCURDEx-1/src/test/resources
2024-03-11 06:14:02,698 [Worker-15: Launching SpringBoot2RestH2DBCURDEx-1 - SpringBoot2RestH2DbcurdEx1Application] INFO  o.a.m.s.f.DefaultMavenResourcesFiltering - Copying 1 resource from src/main/resources to target/classes
2024-03-11 06:14:02,704 [Worker-15: Launching SpringBoot2RestH2DBCURDEx-1 - SpringBoot2RestH2DbcurdEx1Application] INFO  o.a.m.s.f.DefaultMavenResourcesFiltering - Copying 0 resource from src/main/resources to target/classes
2024-03-11 06:14:02,711 [Worker-15: Launching SpringBoot2RestH2DBCURDEx-1 - SpringBoot2RestH2DbcurdEx1Application] INFO  o.a.m.s.f.DefaultMavenResourcesFiltering - skip non existing resourceDirectory /Users/aaravrubral/Documents/workspace/SpringBoot2RestH2DBCURDEx-1/src/test/resources
2024-03-11 06:18:28,601 [Worker-18: Building] INFO  o.a.m.s.f.DefaultMavenResourcesFiltering - Copying 1 resource from src/main/resources to target/classes
2024-03-11 06:18:28,611 [Worker-18: Building] INFO  o.a.m.s.f.DefaultMavenResourcesFiltering - Copying 0 resource from src/main/resources to target/classes
2024-03-11 06:18:28,615 [Worker-18: Building] INFO  o.a.m.s.f.DefaultMavenResourcesFiltering - skip non existing resourceDirectory /Users/aaravrubral/Documents/workspace/SpringBoot2RestH2DBCURDEx-1/src/test/resources
2024-03-11 06:20:27,587 [Worker-17: Building] INFO  o.a.m.s.f.DefaultMavenResourcesFiltering - Copying 1 resource from src/main/resources to target/classes
2024-03-11 06:20:27,592 [Worker-17: Building] INFO  o.a.m.s.f.DefaultMavenResourcesFiltering - Copying 0 resource from src/main/resources to target/classes
2024-03-11 06:20:27,596 [Worker-17: Building] INFO  o.a.m.s.f.DefaultMavenResourcesFiltering - skip non existing resourceDirectory /Users/aaravrubral/Documents/workspace/SpringBoot2RestH2DBCURDEx-1/src/test/resources
2024-03-11 06:20:45,495 [Worker-22: Building] INFO  o.a.m.s.f.DefaultMavenResourcesFiltering - Copying 1 resource from src/main/resources to target/classes
2024-03-11 06:20:45,501 [Worker-22: Building] INFO  o.a.m.s.f.DefaultMavenResourcesFiltering - Copying 0 resource from src/main/resources to target/classes
2024-03-11 06:20:45,504 [Worker-22: Building] INFO  o.a.m.s.f.DefaultMavenResourcesFiltering - skip non existing resourceDirectory /Users/aaravrubral/Documents/workspace/SpringBoot2RestH2DBCURDEx-1/src/test/resources
2024-03-11 06:24:50,622 [Worker-23: Building] INFO  o.a.m.s.f.DefaultMavenResourcesFiltering - Copying 1 resource from src/main/resources to target/classes
2024-03-11 06:24:50,632 [Worker-23: Building] INFO  o.a.m.s.f.DefaultMavenResourcesFiltering - Copying 0 resource from src/main/resources to target/classes
2024-03-11 06:24:50,636 [Worker-23: Building] INFO  o.a.m.s.f.DefaultMavenResourcesFiltering - skip non existing resourceDirectory /Users/aaravrubral/Documents/workspace/SpringBoot2RestH2DBCURDEx-1/src/test/resources
2024-03-11 06:26:00,694 [Worker-5: Loading available Gradle versions] INFO  o.e.b.c.i.u.g.PublishedGradleVersions - Gradle version information cache is up-to-date. Trying to read.
2024-03-11 06:30:17,499 [Worker-13: Building] INFO  o.a.m.s.f.DefaultMavenResourcesFiltering - Copying 1 resource from src/main/resources to target/classes
2024-03-11 06:30:17,520 [Worker-13: Building] INFO  o.a.m.s.f.DefaultMavenResourcesFiltering - Copying 0 resource from src/main/resources to target/classes
2024-03-11 06:30:17,526 [Worker-13: Building] INFO  o.a.m.s.f.DefaultMavenResourcesFiltering - skip non existing resourceDirectory /Users/aaravrubral/Documents/workspace/SpringBoot2RestH2DBCURDEx-1/src/test/resources
2024-03-11 06:31:26,090 [Worker-6: Building] INFO  o.a.m.s.f.DefaultMavenResourcesFiltering - Copying 1 resource from src/main/resources to target/classes
2024-03-11 06:31:26,100 [Worker-6: Building] INFO  o.a.m.s.f.DefaultMavenResourcesFiltering - Copying 0 resource from src/main/resources to target/classes
2024-03-11 06:31:26,105 [Worker-6: Building] INFO  o.a.m.s.f.DefaultMavenResourcesFiltering - skip non existing resourceDirectory /Users/aaravrubral/Documents/workspace/SpringBoot2RestH2DBCURDEx-1/src/test/resources
2024-03-11 06:32:20,680 [Worker-1: Building] INFO  o.a.m.s.f.DefaultMavenResourcesFiltering - Copying 1 resource from src/main/resources to target/classes
2024-03-11 06:32:20,687 [Worker-1: Building] INFO  o.a.m.s.f.DefaultMavenResourcesFiltering - Copying 0 resource from src/main/resources to target/classes
2024-03-11 06:32:20,693 [Worker-1: Building] INFO  o.a.m.s.f.DefaultMavenResourcesFiltering - skip non existing resourceDirectory /Users/aaravrubral/Documents/workspace/SpringBoot2RestH2DBCURDEx-1/src/test/resources
2024-03-11 06:32:39,649 [Worker-1: Building] INFO  o.a.m.s.f.DefaultMavenResourcesFiltering - Copying 1 resource from src/main/resources to target/classes
2024-03-11 06:32:39,655 [Worker-1: Building] INFO  o.a.m.s.f.DefaultMavenResourcesFiltering - Copying 0 resource from src/main/resources to target/classes
2024-03-11 06:32:39,659 [Worker-1: Building] INFO  o.a.m.s.f.DefaultMavenResourcesFiltering - skip non existing resourceDirectory /Users/aaravrubral/Documents/workspace/SpringBoot2RestH2DBCURDEx-1/src/test/resources
2024-03-11 07:44:38,776 [Worker-18: Building] INFO  o.a.m.s.f.DefaultMavenResourcesFiltering - Copying 1 resource from src/main/resources to target/classes
2024-03-11 07:44:38,804 [Worker-18: Building] INFO  o.a.m.s.f.DefaultMavenResourcesFiltering - Copying 0 resource from src/main/resources to target/classes
2024-03-11 07:44:38,812 [Worker-18: Building] INFO  o.a.m.s.f.DefaultMavenResourcesFiltering - skip non existing resourceDirectory /Users/aaravrubral/Documents/workspace/SpringBoot2RestH2DBCURDEx-1/src/test/resources
2024-03-11 07:45:16,569 [Worker-17: Building] INFO  o.a.m.s.f.DefaultMavenResourcesFiltering - Copying 1 resource from src/main/resources to target/classes
2024-03-11 07:45:16,574 [Worker-17: Building] INFO  o.a.m.s.f.DefaultMavenResourcesFiltering - Copying 0 resource from src/main/resources to target/classes
2024-03-11 07:45:16,579 [Worker-17: Building] INFO  o.a.m.s.f.DefaultMavenResourcesFiltering - skip non existing resourceDirectory /Users/aaravrubral/Documents/workspace/SpringBoot2RestH2DBCURDEx-1/src/test/resources
2024-03-11 07:45:58,275 [Worker-17: Building] INFO  o.a.m.s.f.DefaultMavenResourcesFiltering - Copying 1 resource from src/main/resources to target/classes
2024-03-11 07:45:58,280 [Worker-17: Building] INFO  o.a.m.s.f.DefaultMavenResourcesFiltering - Copying 0 resource from src/main/resources to target/classes
2024-03-11 07:45:58,286 [Worker-17: Building] INFO  o.a.m.s.f.DefaultMavenResourcesFiltering - skip non existing resourceDirectory /Users/aaravrubral/Documents/workspace/SpringBoot2RestH2DBCURDEx-1/src/test/resources
2024-03-11 07:53:56,973 [Worker-19: Building] INFO  o.a.m.s.f.DefaultMavenResourcesFiltering - Copying 1 resource from src/main/resources to target/classes
2024-03-11 07:53:56,978 [Worker-19: Building] INFO  o.a.m.s.f.DefaultMavenResourcesFiltering - Copying 0 resource from src/main/resources to target/classes
2024-03-11 07:53:56,985 [Worker-19: Building] INFO  o.a.m.s.f.DefaultMavenResourcesFiltering - skip non existing resourceDirectory /Users/aaravrubral/Documents/workspace/SpringBoot2RestH2DBCURDEx-1/src/test/resources
2024-03-11 07:57:23,170 [Worker-19: Updating Maven Dependencies] INFO  o.e.m.c.i.l.LifecycleMappingFactory - Using org.eclipse.m2e.jdt.JarLifecycleMapping lifecycle mapping for MavenProject: in.aarav.rubral:SpringBoot2RestH2DBCURDEx-1:1.0 @ /Users/aaravrubral/Documents/workspace/SpringBoot2RestH2DBCURDEx-1/pom.xml.
2024-03-11 07:58:33,722 [Worker-19: Import Getting Started Content] INFO  o.e.m.c.i.l.LifecycleMappingFactory - Using org.eclipse.m2e.jdt.JarLifecycleMapping lifecycle mapping for MavenProject: in.aarav.rubral:SpringBoot2RestH2DBCURDEx:1.0 @ /Users/aaravrubral/Documents/workspace/SpringBoot2RestH2DBCURDEx/pom.xml.
2024-03-11 07:58:34,625 [Worker-19: Import Getting Started Content] INFO  o.e.m.j.i.AbstractJavaProjectConfigurator - Adding source folder /SpringBoot2RestH2DBCURDEx/src/main/java
2024-03-11 07:58:34,626 [Worker-19: Import Getting Started Content] INFO  o.e.m.j.i.AbstractJavaProjectConfigurator - Adding resource folder /SpringBoot2RestH2DBCURDEx/src/main/resources
2024-03-11 07:58:34,628 [Worker-19: Import Getting Started Content] INFO  o.e.m.j.i.AbstractJavaProjectConfigurator - Adding resource folder /SpringBoot2RestH2DBCURDEx/src/main/resources
2024-03-11 07:58:34,631 [Worker-19: Import Getting Started Content] INFO  o.e.m.j.i.AbstractJavaProjectConfigurator - Adding source folder /SpringBoot2RestH2DBCURDEx/src/test/java
2024-03-11 07:58:34,632 [Worker-19: Import Getting Started Content] INFO  o.e.m.j.i.AbstractJavaProjectConfigurator - Adding resource folder /SpringBoot2RestH2DBCURDEx/src/test/resources
2024-03-11 07:58:35,069 [Worker-19: Import Getting Started Content] INFO  o.e.m.c.i.p.ProjectConfigurationManager - Imported and configured 1 project(s) in 1 sec
2024-03-11 07:58:35,074 [Worker-19: Import Getting Started Content] INFO  o.e.m.c.i.p.ProjectConfigurationManager - Update started
2024-03-11 07:58:35,499 [Worker-19: Import Getting Started Content] INFO  o.e.m.c.i.l.LifecycleMappingFactory - Using org.eclipse.m2e.jdt.JarLifecycleMapping lifecycle mapping for MavenProject: in.aarav.rubral:SpringBoot2RestH2DBCURDEx:1.0 @ /Users/aaravrubral/Documents/workspace/SpringBoot2RestH2DBCURDEx/pom.xml.
2024-03-11 07:58:35,941 [Worker-19: Import Getting Started Content] INFO  o.e.m.j.i.AbstractJavaProjectConfigurator - Adding source folder /SpringBoot2RestH2DBCURDEx/src/main/java
2024-03-11 07:58:35,942 [Worker-19: Import Getting Started Content] INFO  o.e.m.j.i.AbstractJavaProjectConfigurator - Adding resource folder /SpringBoot2RestH2DBCURDEx/src/main/resources
2024-03-11 07:58:35,943 [Worker-19: Import Getting Started Content] INFO  o.e.m.j.i.AbstractJavaProjectConfigurator - Adding resource folder /SpringBoot2RestH2DBCURDEx/src/main/resources
2024-03-11 07:58:35,944 [Worker-19: Import Getting Started Content] INFO  o.e.m.j.i.AbstractJavaProjectConfigurator - Adding source folder /SpringBoot2RestH2DBCURDEx/src/test/java
2024-03-11 07:58:35,944 [Worker-19: Import Getting Started Content] INFO  o.e.m.j.i.AbstractJavaProjectConfigurator - Adding resource folder /SpringBoot2RestH2DBCURDEx/src/test/resources
2024-03-11 07:58:36,259 [Worker-19: Import Getting Started Content] INFO  o.e.m.c.i.p.ProjectConfigurationManager - Update completed for 1 poms: local refresh takes 0.00 sec, refresh facades takes 0.00 sec, update config takes 0.00 sec 
2024-03-11 07:58:36,704 [Worker-21: Building] INFO  o.a.m.s.f.DefaultMavenResourcesFiltering - Copying 1 resource from src/main/resources to target/classes
2024-03-11 07:58:36,732 [Worker-21: Building] INFO  o.a.m.s.f.DefaultMavenResourcesFiltering - Copying 0 resource from src/main/resources to target/classes
2024-03-11 07:58:36,739 [Worker-21: Building] INFO  o.a.m.s.f.DefaultMavenResourcesFiltering - skip non existing resourceDirectory /Users/aaravrubral/Documents/workspace/SpringBoot2RestH2DBCURDEx/src/test/resources
2024-03-11 07:59:06,300 [Worker-20: Building] INFO  o.a.m.s.f.DefaultMavenResourcesFiltering - Copying 1 resource from src/main/resources to target/classes
2024-03-11 07:59:06,306 [Worker-20: Building] INFO  o.a.m.s.f.DefaultMavenResourcesFiltering - Copying 0 resource from src/main/resources to target/classes
2024-03-11 07:59:06,310 [Worker-20: Building] INFO  o.a.m.s.f.DefaultMavenResourcesFiltering - skip non existing resourceDirectory /Users/aaravrubral/Documents/workspace/SpringBoot2RestH2DBCURDEx/src/test/resources
2024-03-11 07:59:36,288 [Worker-6: Building] INFO  o.a.m.s.f.DefaultMavenResourcesFiltering - Copying 1 resource from src/main/resources to target/classes
2024-03-11 07:59:36,293 [Worker-6: Building] INFO  o.a.m.s.f.DefaultMavenResourcesFiltering - Copying 0 resource from src/main/resources to target/classes
2024-03-11 07:59:36,296 [Worker-6: Building] INFO  o.a.m.s.f.DefaultMavenResourcesFiltering - skip non existing resourceDirectory /Users/aaravrubral/Documents/workspace/SpringBoot2RestH2DBCURDEx/src/test/resources
2024-03-11 08:00:56,160 [Worker-20: Building] INFO  o.a.m.s.f.DefaultMavenResourcesFiltering - Copying 1 resource from src/main/resources to target/classes
2024-03-11 08:00:56,211 [Worker-20: Building] INFO  o.a.m.s.f.DefaultMavenResourcesFiltering - Copying 0 resource from src/main/resources to target/classes
2024-03-11 08:00:56,215 [Worker-20: Building] INFO  o.a.m.s.f.DefaultMavenResourcesFiltering - skip non existing resourceDirectory /Users/aaravrubral/Documents/workspace/SpringBoot2RestH2DBCURDEx/src/test/resources
2024-03-11 08:03:08,546 [Worker-21: Building] INFO  o.a.m.s.f.DefaultMavenResourcesFiltering - Copying 1 resource from src/main/resources to target/classes
2024-03-11 08:03:08,551 [Worker-21: Building] INFO  o.a.m.s.f.DefaultMavenResourcesFiltering - Copying 0 resource from src/main/resources to target/classes
2024-03-11 08:03:08,559 [Worker-21: Building] INFO  o.a.m.s.f.DefaultMavenResourcesFiltering - skip non existing resourceDirectory /Users/aaravrubral/Documents/workspace/SpringBoot2RestH2DBCURDEx/src/test/resources
2024-03-11 08:03:30,242 [Worker-26: Building] INFO  o.a.m.s.f.DefaultMavenResourcesFiltering - Copying 1 resource from src/main/resources to target/classes
2024-03-11 08:03:30,247 [Worker-26: Building] INFO  o.a.m.s.f.DefaultMavenResourcesFiltering - Copying 0 resource from src/main/resources to target/classes
2024-03-11 08:03:30,259 [Worker-26: Building] INFO  o.a.m.s.f.DefaultMavenResourcesFiltering - skip non existing resourceDirectory /Users/aaravrubral/Documents/workspace/SpringBoot2RestH2DBCURDEx/src/test/resources
2024-03-11 08:04:18,259 [Worker-24: Building] INFO  o.a.m.s.f.DefaultMavenResourcesFiltering - Copying 1 resource from src/main/resources to target/classes
2024-03-11 08:04:18,264 [Worker-24: Building] INFO  o.a.m.s.f.DefaultMavenResourcesFiltering - Copying 0 resource from src/main/resources to target/classes
2024-03-11 08:04:18,267 [Worker-24: Building] INFO  o.a.m.s.f.DefaultMavenResourcesFiltering - skip non existing resourceDirectory /Users/aaravrubral/Documents/workspace/SpringBoot2RestH2DBCURDEx/src/test/resources
2024-03-11 08:05:43,263 [Worker-24: Building] INFO  o.a.m.s.f.DefaultMavenResourcesFiltering - Copying 1 resource from src/main/resources to target/classes
2024-03-11 08:05:43,268 [Worker-24: Building] INFO  o.a.m.s.f.DefaultMavenResourcesFiltering - Copying 0 resource from src/main/resources to target/classes
2024-03-11 08:05:43,274 [Worker-24: Building] INFO  o.a.m.s.f.DefaultMavenResourcesFiltering - skip non existing resourceDirectory /Users/aaravrubral/Documents/workspace/SpringBoot2RestH2DBCURDEx/src/test/resources
2024-03-11 08:06:14,307 [Worker-24: Building] INFO  o.a.m.s.f.DefaultMavenResourcesFiltering - Copying 1 resource from src/main/resources to target/classes
2024-03-11 08:06:14,312 [Worker-24: Building] INFO  o.a.m.s.f.DefaultMavenResourcesFiltering - Copying 0 resource from src/main/resources to target/classes
2024-03-11 08:06:14,316 [Worker-24: Building] INFO  o.a.m.s.f.DefaultMavenResourcesFiltering - skip non existing resourceDirectory /Users/aaravrubral/Documents/workspace/SpringBoot2RestH2DBCURDEx/src/test/resources
2024-03-11 08:06:41,577 [Worker-24: Building] INFO  o.a.m.s.f.DefaultMavenResourcesFiltering - Copying 1 resource from src/main/resources to target/classes
2024-03-11 08:06:41,581 [Worker-24: Building] INFO  o.a.m.s.f.DefaultMavenResourcesFiltering - Copying 0 resource from src/main/resources to target/classes
2024-03-11 08:06:41,586 [Worker-24: Building] INFO  o.a.m.s.f.DefaultMavenResourcesFiltering - skip non existing resourceDirectory /Users/aaravrubral/Documents/workspace/SpringBoot2RestH2DBCURDEx/src/test/resources
2024-03-11 08:08:40,359 [Worker-28: Building] INFO  o.a.m.s.f.DefaultMavenResourcesFiltering - Copying 1 resource from src/main/resources to target/classes
2024-03-11 08:08:40,365 [Worker-28: Building] INFO  o.a.m.s.f.DefaultMavenResourcesFiltering - Copying 0 resource from src/main/resources to target/classes
2024-03-11 08:08:40,371 [Worker-28: Building] INFO  o.a.m.s.f.DefaultMavenResourcesFiltering - skip non existing resourceDirectory /Users/aaravrubral/Documents/workspace/SpringBoot2RestH2DBCURDEx/src/test/resources
2024-03-11 08:09:54,012 [Worker-25: Building] INFO  o.a.m.s.f.DefaultMavenResourcesFiltering - Copying 1 resource from src/main/resources to target/classes
2024-03-11 08:09:54,017 [Worker-25: Building] INFO  o.a.m.s.f.DefaultMavenResourcesFiltering - Copying 0 resource from src/main/resources to target/classes
2024-03-11 08:09:54,021 [Worker-25: Building] INFO  o.a.m.s.f.DefaultMavenResourcesFiltering - skip non existing resourceDirectory /Users/aaravrubral/Documents/workspace/SpringBoot2RestH2DBCURDEx/src/test/resources
2024-03-11 08:10:27,820 [Worker-19: Building] INFO  o.a.m.s.f.DefaultMavenResourcesFiltering - Copying 1 resource from src/main/resources to target/classes
2024-03-11 08:10:27,825 [Worker-19: Building] INFO  o.a.m.s.f.DefaultMavenResourcesFiltering - Copying 0 resource from src/main/resources to target/classes
2024-03-11 08:10:27,829 [Worker-19: Building] INFO  o.a.m.s.f.DefaultMavenResourcesFiltering - skip non existing resourceDirectory /Users/aaravrubral/Documents/workspace/SpringBoot2RestH2DBCURDEx/src/test/resources
2024-03-11 08:10:54,980 [Worker-28: Building] INFO  o.a.m.s.f.DefaultMavenResourcesFiltering - Copying 1 resource from src/main/resources to target/classes
2024-03-11 08:10:54,985 [Worker-28: Building] INFO  o.a.m.s.f.DefaultMavenResourcesFiltering - Copying 0 resource from src/main/resources to target/classes
2024-03-11 08:10:54,988 [Worker-28: Building] INFO  o.a.m.s.f.DefaultMavenResourcesFiltering - skip non existing resourceDirectory /Users/aaravrubral/Documents/workspace/SpringBoot2RestH2DBCURDEx/src/test/resources
2024-03-11 08:11:07,521 [Worker-32: Launching SpringBoot2RestH2DBCURDEx - SpringBoot2RestH2DbcurdExApplication] INFO  o.a.m.s.f.DefaultMavenResourcesFiltering - Copying 1 resource from src/main/resources to target/classes
2024-03-11 08:11:07,546 [Worker-32: Launching SpringBoot2RestH2DBCURDEx - SpringBoot2RestH2DbcurdExApplication] INFO  o.a.m.s.f.DefaultMavenResourcesFiltering - Copying 0 resource from src/main/resources to target/classes
2024-03-11 08:11:07,552 [Worker-32: Launching SpringBoot2RestH2DBCURDEx - SpringBoot2RestH2DbcurdExApplication] INFO  o.a.m.s.f.DefaultMavenResourcesFiltering - skip non existing resourceDirectory /Users/aaravrubral/Documents/workspace/SpringBoot2RestH2DBCURDEx/src/test/resources
2024-03-11 08:13:36,860 [Worker-6: Loading available Gradle versions] INFO  o.e.b.c.i.u.g.PublishedGradleVersions - Gradle version information cache is up-to-date. Trying to read.
2024-03-11 08:18:42,940 [Worker-3: Building] INFO  o.a.m.s.f.DefaultMavenResourcesFiltering - Copying 1 resource from src/main/resources to target/classes
2024-03-11 08:18:42,972 [Worker-3: Building] INFO  o.a.m.s.f.DefaultMavenResourcesFiltering - Copying 0 resource from src/main/resources to target/classes
2024-03-11 08:18:42,980 [Worker-3: Building] INFO  o.a.m.s.f.DefaultMavenResourcesFiltering - skip non existing resourceDirectory /Users/aaravrubral/Documents/workspace/SpringBoot2RestH2DBCURDEx/src/test/resources
2024-03-11 08:18:52,923 [Worker-23: Launching SpringBoot2RestH2DBCURDEx - SpringBoot2RestH2DbcurdExApplication] INFO  o.a.m.s.f.DefaultMavenResourcesFiltering - Copying 1 resource from src/main/resources to target/classes
2024-03-11 08:18:52,930 [Worker-23: Launching SpringBoot2RestH2DBCURDEx - SpringBoot2RestH2DbcurdExApplication] INFO  o.a.m.s.f.DefaultMavenResourcesFiltering - Copying 0 resource from src/main/resources to target/classes
2024-03-11 08:18:52,935 [Worker-23: Launching SpringBoot2RestH2DBCURDEx - SpringBoot2RestH2DbcurdExApplication] INFO  o.a.m.s.f.DefaultMavenResourcesFiltering - skip non existing resourceDirectory /Users/aaravrubral/Documents/workspace/SpringBoot2RestH2DBCURDEx/src/test/resources
2024-03-11 08:28:33,577 [Worker-33: Building] INFO  o.a.m.s.f.DefaultMavenResourcesFiltering - Copying 1 resource from src/main/resources to target/classes
2024-03-11 08:28:33,585 [Worker-33: Building] INFO  o.a.m.s.f.DefaultMavenResourcesFiltering - Copying 0 resource from src/main/resources to target/classes
2024-03-11 08:28:33,589 [Worker-33: Building] INFO  o.a.m.s.f.DefaultMavenResourcesFiltering - skip non existing resourceDirectory /Users/aaravrubral/Documents/workspace/SpringBoot2RestH2DBCURDEx/src/test/resources
2024-03-11 08:29:24,149 [Worker-36: Building] INFO  o.a.m.s.f.DefaultMavenResourcesFiltering - Copying 1 resource from src/main/resources to target/classes
2024-03-11 08:29:24,155 [Worker-36: Building] INFO  o.a.m.s.f.DefaultMavenResourcesFiltering - Copying 0 resource from src/main/resources to target/classes
2024-03-11 08:29:24,159 [Worker-36: Building] INFO  o.a.m.s.f.DefaultMavenResourcesFiltering - skip non existing resourceDirectory /Users/aaravrubral/Documents/workspace/SpringBoot2RestH2DBCURDEx/src/test/resources
2024-03-11 08:45:43,410 [Worker-37: Building] INFO  o.a.m.s.f.DefaultMavenResourcesFiltering - Copying 1 resource from src/main/resources to target/classes
2024-03-11 08:45:43,416 [Worker-37: Building] INFO  o.a.m.s.f.DefaultMavenResourcesFiltering - Copying 0 resource from src/main/resources to target/classes
2024-03-11 08:45:43,422 [Worker-37: Building] INFO  o.a.m.s.f.DefaultMavenResourcesFiltering - skip non existing resourceDirectory /Users/aaravrubral/Documents/workspace/SpringBoot2RestH2DBCURDEx/src/test/resources
2024-03-11 08:45:53,161 [Worker-38: Building] INFO  o.a.m.s.f.DefaultMavenResourcesFiltering - Copying 1 resource from src/main/resources to target/classes
2024-03-11 08:45:53,214 [Worker-38: Building] INFO  o.a.m.s.f.DefaultMavenResourcesFiltering - Copying 0 resource from src/main/resources to target/classes
2024-03-11 08:45:53,262 [Worker-38: Building] INFO  o.a.m.s.f.DefaultMavenResourcesFiltering - skip non existing resourceDirectory /Users/aaravrubral/Documents/workspace/SpringBoot2RestH2DBCURDEx/src/test/resources
2024-03-12 04:57:30,526 [Worker-7: Loading available Gradle versions] INFO  o.e.b.c.i.u.g.PublishedGradleVersions - Gradle version information cache is up-to-date. Trying to read.
2024-03-12 05:02:13,109 [Worker-12: Launching SpringBoot2RestH2DBCURDEx - SpringBoot2RestH2DbcurdExApplication] INFO  o.a.m.s.f.DefaultMavenResourcesFiltering - Copying 1 resource from src/main/resources to target/classes
2024-03-12 05:02:13,139 [Worker-12: Launching SpringBoot2RestH2DBCURDEx - SpringBoot2RestH2DbcurdExApplication] INFO  o.a.m.s.f.DefaultMavenResourcesFiltering - Copying 0 resource from src/main/resources to target/classes
2024-03-12 05:02:13,149 [Worker-12: Launching SpringBoot2RestH2DBCURDEx - SpringBoot2RestH2DbcurdExApplication] INFO  o.a.m.s.f.DefaultMavenResourcesFiltering - skip non existing resourceDirectory /Users/aaravrubral/Documents/workspace/SpringBoot2RestH2DBCURDEx/src/test/resources
2024-03-12 05:03:19,917 [Worker-3: Building] INFO  o.a.m.s.f.DefaultMavenResourcesFiltering - Copying 1 resource from src/main/resources to target/classes
2024-03-12 05:03:19,926 [Worker-3: Building] INFO  o.a.m.s.f.DefaultMavenResourcesFiltering - Copying 0 resource from src/main/resources to target/classes
2024-03-12 05:03:19,933 [Worker-3: Building] INFO  o.a.m.s.f.DefaultMavenResourcesFiltering - skip non existing resourceDirectory /Users/aaravrubral/Documents/workspace/SpringBoot2RestH2DBCURDEx/src/test/resources
2024-03-12 05:12:31,237 [Worker-23: Building] INFO  o.a.m.s.f.DefaultMavenResourcesFiltering - Copying 1 resource from src/main/resources to target/classes
2024-03-12 05:12:31,246 [Worker-23: Building] INFO  o.a.m.s.f.DefaultMavenResourcesFiltering - Copying 0 resource from src/main/resources to target/classes
2024-03-12 05:12:31,251 [Worker-23: Building] INFO  o.a.m.s.f.DefaultMavenResourcesFiltering - skip non existing resourceDirectory /Users/aaravrubral/Documents/workspace/SpringBoot2RestH2DBCURDEx/src/test/resources
2024-03-12 05:25:00,980 [Worker-29: Launching SpringBoot2RestH2DBCURDEx - SpringBoot2RestH2DbcurdExApplication] INFO  o.a.m.s.f.DefaultMavenResourcesFiltering - Copying 1 resource from src/main/resources to target/classes
2024-03-12 05:25:00,997 [Worker-29: Launching SpringBoot2RestH2DBCURDEx - SpringBoot2RestH2DbcurdExApplication] INFO  o.a.m.s.f.DefaultMavenResourcesFiltering - Copying 0 resource from src/main/resources to target/classes
2024-03-12 05:25:01,003 [Worker-29: Launching SpringBoot2RestH2DBCURDEx - SpringBoot2RestH2DbcurdExApplication] INFO  o.a.m.s.f.DefaultMavenResourcesFiltering - skip non existing resourceDirectory /Users/aaravrubral/Documents/workspace/SpringBoot2RestH2DBCURDEx/src/test/resources
2024-03-12 05:45:01,781 [Worker-35: Building] INFO  o.a.m.s.f.DefaultMavenResourcesFiltering - Copying 1 resource from src/main/resources to target/classes
2024-03-12 05:45:01,881 [Worker-35: Building] INFO  o.a.m.s.f.DefaultMavenResourcesFiltering - Copying 0 resource from src/main/resources to target/classes
2024-03-12 05:45:01,886 [Worker-35: Building] INFO  o.a.m.s.f.DefaultMavenResourcesFiltering - skip non existing resourceDirectory /Users/aaravrubral/Documents/workspace/SpringBoot2RestH2DBCURDEx/src/test/resources
2024-03-12 05:46:57,277 [Worker-36: Building] INFO  o.a.m.s.f.DefaultMavenResourcesFiltering - Copying 1 resource from src/main/resources to target/classes
2024-03-12 05:46:57,336 [Worker-36: Building] INFO  o.a.m.s.f.DefaultMavenResourcesFiltering - Copying 0 resource from src/main/resources to target/classes
2024-03-12 05:46:57,344 [Worker-36: Building] INFO  o.a.m.s.f.DefaultMavenResourcesFiltering - skip non existing resourceDirectory /Users/aaravrubral/Documents/workspace/SpringBoot2RestH2DBCURDEx/src/test/resources
2024-03-12 05:53:39,841 [Worker-40: Building] INFO  o.a.m.s.f.DefaultMavenResourcesFiltering - Copying 1 resource from src/main/resources to target/classes
2024-03-12 05:53:39,938 [Worker-40: Building] INFO  o.a.m.s.f.DefaultMavenResourcesFiltering - Copying 0 resource from src/main/resources to target/classes
2024-03-12 05:53:39,953 [Worker-40: Building] INFO  o.a.m.s.f.DefaultMavenResourcesFiltering - skip non existing resourceDirectory /Users/aaravrubral/Documents/workspace/SpringBoot2RestH2DBCURDEx/src/test/resources
2024-03-13 06:34:28,237 [Worker-5: Loading available Gradle versions] INFO  o.e.b.c.i.u.g.PublishedGradleVersions - Gradle version information cache is out-of-date. Trying to update.
2024-04-20 02:09:32,300 [Worker-6: Loading available Gradle versions] INFO  o.e.b.c.i.u.g.PublishedGradleVersions - Gradle version information cache is out-of-date. Trying to update.
2024-04-20 02:09:51,320 [Worker-7: Updating Maven Dependencies] INFO  o.e.m.c.i.l.LifecycleMappingFactory - Using org.eclipse.m2e.jdt.JarLifecycleMapping lifecycle mapping for MavenProject: in.aarav.rubral:SpringBoot2RestProducerBasic:1.0 @ /Users/aaravrubral/Documents/workspace/SpringBoot2RestProducerBasic/pom.xml.
2024-04-20 02:09:51,817 [Worker-15: Building] INFO  o.a.m.s.f.DefaultMavenResourcesFiltering - Copying 1 resource from src/main/resources to target/classes
2024-04-20 02:09:51,866 [Worker-15: Building] INFO  o.a.m.s.f.DefaultMavenResourcesFiltering - Copying 0 resource from src/main/resources to target/classes
2024-04-20 02:09:51,876 [Worker-15: Building] INFO  o.a.m.s.f.DefaultMavenResourcesFiltering - skip non existing resourceDirectory /Users/aaravrubral/Documents/workspace/SpringBoot2RestH2DBCURDEx/src/test/resources
2024-04-20 02:09:55,166 [Worker-10: Building] INFO  o.a.m.s.f.DefaultMavenResourcesFiltering - Copying 1 resource from src/main/resources to target/classes
2024-04-20 02:09:55,206 [Worker-10: Building] INFO  o.a.m.s.f.DefaultMavenResourcesFiltering - Copying 0 resource from src/main/resources to target/classes
2024-04-20 02:09:55,216 [Worker-10: Building] INFO  o.a.m.s.f.DefaultMavenResourcesFiltering - skip non existing resourceDirectory /Users/aaravrubral/Documents/workspace/SpringBoot2RestH2DBCURDEx-1/src/test/resources
2024-04-20 02:09:55,592 [Worker-10: Building] INFO  o.a.m.s.f.DefaultMavenResourcesFiltering - Copying 1 resource from src/main/resources to target/classes
2024-04-20 02:09:55,617 [Worker-10: Building] INFO  o.a.m.s.f.DefaultMavenResourcesFiltering - Copying 0 resource from src/main/resources to target/classes
2024-04-20 02:09:55,623 [Worker-10: Building] INFO  o.a.m.s.f.DefaultMavenResourcesFiltering - skip non existing resourceDirectory /Users/aaravrubral/Documents/workspace/SpringBoot2RestProducerBasic/src/test/resources
2024-05-26 13:09:20,885 [Worker-6: Loading available Gradle versions] INFO  o.e.b.c.i.u.g.PublishedGradleVersions - Gradle version information cache is out-of-date. Trying to update.
2024-05-26 13:09:21,153 [Worker-6: Loading available Gradle versions] INFO  o.e.b.c.i.u.g.PublishedGradleVersions - Updating Gradle version information cache failed. Using outdated cache.
2024-05-26 13:10:01,330 [Worker-3: Updating Maven Dependencies] INFO  o.e.m.c.i.l.LifecycleMappingFactory - Using org.eclipse.m2e.jdt.JarLifecycleMapping lifecycle mapping for MavenProject: in.aarav.rubral:SpringBoot2RestH2DBCURDEx-1:1.0 @ /Users/aaravrubral/Documents/workspace/SpringBoot2RestH2DBCURDEx-1/pom.xml.
2024-05-26 13:12:54,816 [Worker-0: Updating Maven Dependencies] INFO  o.e.m.c.i.l.LifecycleMappingFactory - Using org.eclipse.m2e.jdt.JarLifecycleMapping lifecycle mapping for MavenProject: in.aarav.rubral:SpringBoot2RestH2DBCURDEx:1.0 @ /Users/aaravrubral/Documents/workspace/SpringBoot2RestH2DBCURDEx/pom.xml.
2024-05-26 13:30:43,770 [Worker-24: Updating Maven Dependencies] INFO  o.e.m.c.i.l.LifecycleMappingFactory - Using org.eclipse.m2e.jdt.JarLifecycleMapping lifecycle mapping for MavenProject: in.aarav.rubral:SpringBoot2RestMediaTypeEx:1.0 @ /Users/aaravrubral/Documents/workspace/SpringBoot2RestMediaTypeEx/pom.xml.
2024-05-29 14:20:42,799 [Worker-4: Loading available Gradle versions] INFO  o.e.b.c.i.u.g.PublishedGradleVersions - Gradle version information cache is out-of-date. Trying to update.
2024-05-29 14:21:42,743 [Worker-3: Import Getting Started Content] INFO  o.e.m.c.i.e.AbstractTransferListenerAdapter - Downloading https://repo.maven.apache.org/maven2/org/springframework/boot/spring-boot-starter-parent/3.3.0/spring-boot-starter-parent-3.3.0.pom
2024-05-29 14:21:42,767 [Worker-3: Import Getting Started Content] INFO  o.e.m.c.i.e.AbstractTransferListenerAdapter - Downloaded https://repo.maven.apache.org/maven2/org/springframework/boot/spring-boot-starter-parent/3.3.0/spring-boot-starter-parent-3.3.0.pom
2024-05-29 14:21:42,813 [Worker-3: Import Getting Started Content] INFO  o.e.m.c.i.e.AbstractTransferListenerAdapter - Downloading https://repo.maven.apache.org/maven2/org/springframework/boot/spring-boot-dependencies/3.3.0/spring-boot-dependencies-3.3.0.pom
2024-05-29 14:21:42,853 [Worker-3: Import Getting Started Content] INFO  o.e.m.c.i.e.AbstractTransferListenerAdapter - Downloaded https://repo.maven.apache.org/maven2/org/springframework/boot/spring-boot-dependencies/3.3.0/spring-boot-dependencies-3.3.0.pom
2024-05-29 14:21:42,994 [Worker-3: Import Getting Started Content] INFO  o.e.m.c.i.e.AbstractTransferListenerAdapter - Downloading https://repo.maven.apache.org/maven2/org/apache/activemq/artemis-bom/2.33.0/artemis-bom-2.33.0.pom
2024-05-29 14:21:43,003 [Worker-3: Import Getting Started Content] INFO  o.e.m.c.i.e.AbstractTransferListenerAdapter - Downloaded https://repo.maven.apache.org/maven2/org/apache/activemq/artemis-bom/2.33.0/artemis-bom-2.33.0.pom
2024-05-29 14:21:43,033 [Worker-3: Import Getting Started Content] INFO  o.e.m.c.i.e.AbstractTransferListenerAdapter - Downloading https://repo.maven.apache.org/maven2/org/apache/activemq/artemis-project/2.33.0/artemis-project-2.33.0.pom
2024-05-29 14:21:43,048 [Worker-3: Import Getting Started Content] INFO  o.e.m.c.i.e.AbstractTransferListenerAdapter - Downloaded https://repo.maven.apache.org/maven2/org/apache/activemq/artemis-project/2.33.0/artemis-project-2.33.0.pom
2024-05-29 14:21:43,091 [Worker-3: Import Getting Started Content] INFO  o.e.m.c.i.e.AbstractTransferListenerAdapter - Downloading https://repo.maven.apache.org/maven2/org/apache/apache/31/apache-31.pom
2024-05-29 14:21:43,110 [Worker-3: Import Getting Started Content] INFO  o.e.m.c.i.e.AbstractTransferListenerAdapter - Downloaded https://repo.maven.apache.org/maven2/org/apache/apache/31/apache-31.pom
2024-05-29 14:21:43,150 [Worker-3: Import Getting Started Content] INFO  o.e.m.c.i.e.AbstractTransferListenerAdapter - Downloading https://repo.maven.apache.org/maven2/org/assertj/assertj-bom/3.25.3/assertj-bom-3.25.3.pom
2024-05-29 14:21:43,152 [Worker-3: Import Getting Started Content] INFO  o.e.m.c.i.e.AbstractTransferListenerAdapter - Downloaded https://repo.maven.apache.org/maven2/org/assertj/assertj-bom/3.25.3/assertj-bom-3.25.3.pom
2024-05-29 14:21:43,186 [Worker-3: Import Getting Started Content] INFO  o.e.m.c.i.e.AbstractTransferListenerAdapter - Downloading https://repo.maven.apache.org/maven2/io/zipkin/reporter2/zipkin-reporter-bom/3.4.0/zipkin-reporter-bom-3.4.0.pom
2024-05-29 14:21:43,191 [Worker-3: Import Getting Started Content] INFO  o.e.m.c.i.e.AbstractTransferListenerAdapter - Downloaded https://repo.maven.apache.org/maven2/io/zipkin/reporter2/zipkin-reporter-bom/3.4.0/zipkin-reporter-bom-3.4.0.pom
2024-05-29 14:21:43,228 [Worker-3: Import Getting Started Content] INFO  o.e.m.c.i.e.AbstractTransferListenerAdapter - Downloading https://repo.maven.apache.org/maven2/io/zipkin/brave/brave-bom/6.0.3/brave-bom-6.0.3.pom
2024-05-29 14:21:43,232 [Worker-3: Import Getting Started Content] INFO  o.e.m.c.i.e.AbstractTransferListenerAdapter - Downloaded https://repo.maven.apache.org/maven2/io/zipkin/brave/brave-bom/6.0.3/brave-bom-6.0.3.pom
2024-05-29 14:21:43,274 [Worker-3: Import Getting Started Content] INFO  o.e.m.c.i.e.AbstractTransferListenerAdapter - Downloading https://repo.maven.apache.org/maven2/org/apache/cassandra/java-driver-bom/4.18.1/java-driver-bom-4.18.1.pom
2024-05-29 14:21:43,279 [Worker-3: Import Getting Started Content] INFO  o.e.m.c.i.e.AbstractTransferListenerAdapter - Downloaded https://repo.maven.apache.org/maven2/org/apache/cassandra/java-driver-bom/4.18.1/java-driver-bom-4.18.1.pom
2024-05-29 14:21:43,311 [Worker-3: Import Getting Started Content] INFO  o.e.m.c.i.e.AbstractTransferListenerAdapter - Downloading https://repo.maven.apache.org/maven2/org/glassfish/jaxb/jaxb-bom/4.0.5/jaxb-bom-4.0.5.pom
2024-05-29 14:21:43,313 [Worker-3: Import Getting Started Content] INFO  o.e.m.c.i.e.AbstractTransferListenerAdapter - Downloaded https://repo.maven.apache.org/maven2/org/glassfish/jaxb/jaxb-bom/4.0.5/jaxb-bom-4.0.5.pom
2024-05-29 14:21:43,339 [Worker-3: Import Getting Started Content] INFO  o.e.m.c.i.e.AbstractTransferListenerAdapter - Downloading https://repo.maven.apache.org/maven2/org/eclipse/ee4j/project/1.0.9/project-1.0.9.pom
2024-05-29 14:21:43,345 [Worker-3: Import Getting Started Content] INFO  o.e.m.c.i.e.AbstractTransferListenerAdapter - Downloaded https://repo.maven.apache.org/maven2/org/eclipse/ee4j/project/1.0.9/project-1.0.9.pom
2024-05-29 14:21:43,381 [Worker-3: Import Getting Started Content] INFO  o.e.m.c.i.e.AbstractTransferListenerAdapter - Downloading https://repo.maven.apache.org/maven2/org/apache/groovy/groovy-bom/4.0.21/groovy-bom-4.0.21.pom
2024-05-29 14:21:43,387 [Worker-3: Import Getting Started Content] INFO  o.e.m.c.i.e.AbstractTransferListenerAdapter - Downloaded https://repo.maven.apache.org/maven2/org/apache/groovy/groovy-bom/4.0.21/groovy-bom-4.0.21.pom
2024-05-29 14:21:43,424 [Worker-3: Import Getting Started Content] INFO  o.e.m.c.i.e.AbstractTransferListenerAdapter - Downloading https://repo.maven.apache.org/maven2/org/infinispan/infinispan-bom/15.0.4.Final/infinispan-bom-15.0.4.Final.pom
2024-05-29 14:21:43,436 [Worker-3: Import Getting Started Content] INFO  o.e.m.c.i.e.AbstractTransferListenerAdapter - Downloaded https://repo.maven.apache.org/maven2/org/infinispan/infinispan-bom/15.0.4.Final/infinispan-bom-15.0.4.Final.pom
2024-05-29 14:21:43,471 [Worker-3: Import Getting Started Content] INFO  o.e.m.c.i.e.AbstractTransferListenerAdapter - Downloading https://repo.maven.apache.org/maven2/org/infinispan/infinispan-build-configuration-parent/15.0.4.Final/infinispan-build-configuration-parent-15.0.4.Final.pom
2024-05-29 14:21:43,475 [Worker-3: Import Getting Started Content] INFO  o.e.m.c.i.e.AbstractTransferListenerAdapter - Downloaded https://repo.maven.apache.org/maven2/org/infinispan/infinispan-build-configuration-parent/15.0.4.Final/infinispan-build-configuration-parent-15.0.4.Final.pom
2024-05-29 14:21:43,503 [Worker-3: Import Getting Started Content] INFO  o.e.m.c.i.e.AbstractTransferListenerAdapter - Downloading https://repo.maven.apache.org/maven2/org/jboss/jboss-parent/43/jboss-parent-43.pom
2024-05-29 14:21:43,525 [Worker-3: Import Getting Started Content] INFO  o.e.m.c.i.e.AbstractTransferListenerAdapter - Downloaded https://repo.maven.apache.org/maven2/org/jboss/jboss-parent/43/jboss-parent-43.pom
2024-05-29 14:21:43,573 [Worker-3: Import Getting Started Content] INFO  o.e.m.c.i.e.AbstractTransferListenerAdapter - Downloading https://repo.maven.apache.org/maven2/com/fasterxml/jackson/jackson-bom/2.17.1/jackson-bom-2.17.1.pom
2024-05-29 14:21:43,577 [Worker-3: Import Getting Started Content] INFO  o.e.m.c.i.e.AbstractTransferListenerAdapter - Downloaded https://repo.maven.apache.org/maven2/com/fasterxml/jackson/jackson-bom/2.17.1/jackson-bom-2.17.1.pom
2024-05-29 14:21:43,604 [Worker-3: Import Getting Started Content] INFO  o.e.m.c.i.e.AbstractTransferListenerAdapter - Downloading https://repo.maven.apache.org/maven2/com/fasterxml/jackson/jackson-parent/2.17/jackson-parent-2.17.pom
2024-05-29 14:21:43,610 [Worker-3: Import Getting Started Content] INFO  o.e.m.c.i.e.AbstractTransferListenerAdapter - Downloaded https://repo.maven.apache.org/maven2/com/fasterxml/jackson/jackson-parent/2.17/jackson-parent-2.17.pom
2024-05-29 14:21:43,640 [Worker-3: Import Getting Started Content] INFO  o.e.m.c.i.e.AbstractTransferListenerAdapter - Downloading https://repo.maven.apache.org/maven2/com/fasterxml/oss-parent/58/oss-parent-58.pom
2024-05-29 14:21:43,664 [Worker-3: Import Getting Started Content] INFO  o.e.m.c.i.e.AbstractTransferListenerAdapter - Downloaded https://repo.maven.apache.org/maven2/com/fasterxml/oss-parent/58/oss-parent-58.pom
2024-05-29 14:21:43,729 [Worker-3: Import Getting Started Content] INFO  o.e.m.c.i.e.AbstractTransferListenerAdapter - Downloading https://repo.maven.apache.org/maven2/org/glassfish/jersey/jersey-bom/3.1.6/jersey-bom-3.1.6.pom
2024-05-29 14:21:43,742 [Worker-3: Import Getting Started Content] INFO  o.e.m.c.i.e.AbstractTransferListenerAdapter - Downloaded https://repo.maven.apache.org/maven2/org/glassfish/jersey/jersey-bom/3.1.6/jersey-bom-3.1.6.pom
2024-05-29 14:21:43,780 [Worker-3: Import Getting Started Content] INFO  o.e.m.c.i.e.AbstractTransferListenerAdapter - Downloading https://repo.maven.apache.org/maven2/org/eclipse/jetty/ee10/jetty-ee10-bom/12.0.9/jetty-ee10-bom-12.0.9.pom
2024-05-29 14:21:43,782 [Worker-3: Import Getting Started Content] INFO  o.e.m.c.i.e.AbstractTransferListenerAdapter - Downloaded https://repo.maven.apache.org/maven2/org/eclipse/jetty/ee10/jetty-ee10-bom/12.0.9/jetty-ee10-bom-12.0.9.pom
2024-05-29 14:21:43,810 [Worker-3: Import Getting Started Content] INFO  o.e.m.c.i.e.AbstractTransferListenerAdapter - Downloading https://repo.maven.apache.org/maven2/org/eclipse/jetty/jetty-bom/12.0.9/jetty-bom-12.0.9.pom
2024-05-29 14:21:43,815 [Worker-3: Import Getting Started Content] INFO  o.e.m.c.i.e.AbstractTransferListenerAdapter - Downloaded https://repo.maven.apache.org/maven2/org/eclipse/jetty/jetty-bom/12.0.9/jetty-bom-12.0.9.pom
2024-05-29 14:21:43,849 [Worker-3: Import Getting Started Content] INFO  o.e.m.c.i.e.AbstractTransferListenerAdapter - Downloading https://repo.maven.apache.org/maven2/org/jetbrains/kotlin/kotlin-bom/1.9.24/kotlin-bom-1.9.24.pom
2024-05-29 14:21:43,855 [Worker-3: Import Getting Started Content] INFO  o.e.m.c.i.e.AbstractTransferListenerAdapter - Downloaded https://repo.maven.apache.org/maven2/org/jetbrains/kotlin/kotlin-bom/1.9.24/kotlin-bom-1.9.24.pom
2024-05-29 14:21:43,892 [Worker-3: Import Getting Started Content] INFO  o.e.m.c.i.e.AbstractTransferListenerAdapter - Downloading https://repo.maven.apache.org/maven2/org/jetbrains/kotlinx/kotlinx-coroutines-bom/1.8.1/kotlinx-coroutines-bom-1.8.1.pom
2024-05-29 14:21:43,896 [Worker-3: Import Getting Started Content] INFO  o.e.m.c.i.e.AbstractTransferListenerAdapter - Downloaded https://repo.maven.apache.org/maven2/org/jetbrains/kotlinx/kotlinx-coroutines-bom/1.8.1/kotlinx-coroutines-bom-1.8.1.pom
2024-05-29 14:21:43,930 [Worker-3: Import Getting Started Content] INFO  o.e.m.c.i.e.AbstractTransferListenerAdapter - Downloading https://repo.maven.apache.org/maven2/org/apache/logging/log4j/log4j-bom/2.23.1/log4j-bom-2.23.1.pom
2024-05-29 14:21:43,936 [Worker-3: Import Getting Started Content] INFO  o.e.m.c.i.e.AbstractTransferListenerAdapter - Downloaded https://repo.maven.apache.org/maven2/org/apache/logging/log4j/log4j-bom/2.23.1/log4j-bom-2.23.1.pom
2024-05-29 14:21:43,965 [Worker-3: Import Getting Started Content] INFO  o.e.m.c.i.e.AbstractTransferListenerAdapter - Downloading https://repo.maven.apache.org/maven2/org/apache/logging/logging-parent/10.6.0/logging-parent-10.6.0.pom
2024-05-29 14:21:43,978 [Worker-3: Import Getting Started Content] INFO  o.e.m.c.i.e.AbstractTransferListenerAdapter - Downloaded https://repo.maven.apache.org/maven2/org/apache/logging/logging-parent/10.6.0/logging-parent-10.6.0.pom
2024-05-29 14:21:44,014 [Worker-3: Import Getting Started Content] INFO  o.e.m.c.i.e.AbstractTransferListenerAdapter - Downloading https://repo.maven.apache.org/maven2/io/micrometer/micrometer-bom/1.13.0/micrometer-bom-1.13.0.pom
2024-05-29 14:21:44,019 [Worker-3: Import Getting Started Content] INFO  o.e.m.c.i.e.AbstractTransferListenerAdapter - Downloaded https://repo.maven.apache.org/maven2/io/micrometer/micrometer-bom/1.13.0/micrometer-bom-1.13.0.pom
2024-05-29 14:21:44,050 [Worker-3: Import Getting Started Content] INFO  o.e.m.c.i.e.AbstractTransferListenerAdapter - Downloading https://repo.maven.apache.org/maven2/io/micrometer/micrometer-tracing-bom/1.3.0/micrometer-tracing-bom-1.3.0.pom
2024-05-29 14:21:44,054 [Worker-3: Import Getting Started Content] INFO  o.e.m.c.i.e.AbstractTransferListenerAdapter - Downloaded https://repo.maven.apache.org/maven2/io/micrometer/micrometer-tracing-bom/1.3.0/micrometer-tracing-bom-1.3.0.pom
2024-05-29 14:21:44,083 [Worker-3: Import Getting Started Content] INFO  o.e.m.c.i.e.AbstractTransferListenerAdapter - Downloading https://repo.maven.apache.org/maven2/org/mockito/mockito-bom/5.11.0/mockito-bom-5.11.0.pom
2024-05-29 14:21:44,088 [Worker-3: Import Getting Started Content] INFO  o.e.m.c.i.e.AbstractTransferListenerAdapter - Downloaded https://repo.maven.apache.org/maven2/org/mockito/mockito-bom/5.11.0/mockito-bom-5.11.0.pom
2024-05-29 14:21:44,118 [Worker-3: Import Getting Started Content] INFO  o.e.m.c.i.e.AbstractTransferListenerAdapter - Downloading https://repo.maven.apache.org/maven2/io/netty/netty-bom/4.1.110.Final/netty-bom-4.1.110.Final.pom
2024-05-29 14:21:44,123 [Worker-3: Import Getting Started Content] INFO  o.e.m.c.i.e.AbstractTransferListenerAdapter - Downloaded https://repo.maven.apache.org/maven2/io/netty/netty-bom/4.1.110.Final/netty-bom-4.1.110.Final.pom
2024-05-29 14:21:44,160 [Worker-3: Import Getting Started Content] INFO  o.e.m.c.i.e.AbstractTransferListenerAdapter - Downloading https://repo.maven.apache.org/maven2/io/opentelemetry/opentelemetry-bom/1.37.0/opentelemetry-bom-1.37.0.pom
2024-05-29 14:21:44,164 [Worker-3: Import Getting Started Content] INFO  o.e.m.c.i.e.AbstractTransferListenerAdapter - Downloaded https://repo.maven.apache.org/maven2/io/opentelemetry/opentelemetry-bom/1.37.0/opentelemetry-bom-1.37.0.pom
2024-05-29 14:21:44,204 [Worker-3: Import Getting Started Content] INFO  o.e.m.c.i.e.AbstractTransferListenerAdapter - Downloading https://repo.maven.apache.org/maven2/io/prometheus/prometheus-metrics-bom/1.2.1/prometheus-metrics-bom-1.2.1.pom
2024-05-29 14:21:44,217 [Worker-3: Import Getting Started Content] INFO  o.e.m.c.i.e.AbstractTransferListenerAdapter - Downloaded https://repo.maven.apache.org/maven2/io/prometheus/prometheus-metrics-bom/1.2.1/prometheus-metrics-bom-1.2.1.pom
2024-05-29 14:21:44,252 [Worker-3: Import Getting Started Content] INFO  o.e.m.c.i.e.AbstractTransferListenerAdapter - Downloading https://repo.maven.apache.org/maven2/io/prometheus/client_java/1.2.1/client_java-1.2.1.pom
2024-05-29 14:21:44,255 [Worker-3: Import Getting Started Content] INFO  o.e.m.c.i.e.AbstractTransferListenerAdapter - Downloaded https://repo.maven.apache.org/maven2/io/prometheus/client_java/1.2.1/client_java-1.2.1.pom
2024-05-29 14:21:44,294 [Worker-3: Import Getting Started Content] INFO  o.e.m.c.i.e.AbstractTransferListenerAdapter - Downloading https://repo.maven.apache.org/maven2/org/apache/pulsar/pulsar-bom/3.2.3/pulsar-bom-3.2.3.pom
2024-05-29 14:21:44,301 [Worker-3: Import Getting Started Content] INFO  o.e.m.c.i.e.AbstractTransferListenerAdapter - Downloaded https://repo.maven.apache.org/maven2/org/apache/pulsar/pulsar-bom/3.2.3/pulsar-bom-3.2.3.pom
2024-05-29 14:21:44,334 [Worker-3: Import Getting Started Content] INFO  o.e.m.c.i.e.AbstractTransferListenerAdapter - Downloading https://repo.maven.apache.org/maven2/com/querydsl/querydsl-bom/5.1.0/querydsl-bom-5.1.0.pom
2024-05-29 14:21:44,338 [Worker-3: Import Getting Started Content] INFO  o.e.m.c.i.e.AbstractTransferListenerAdapter - Downloaded https://repo.maven.apache.org/maven2/com/querydsl/querydsl-bom/5.1.0/querydsl-bom-5.1.0.pom
2024-05-29 14:21:44,368 [Worker-3: Import Getting Started Content] INFO  o.e.m.c.i.e.AbstractTransferListenerAdapter - Downloading https://repo.maven.apache.org/maven2/io/projectreactor/reactor-bom/2023.0.6/reactor-bom-2023.0.6.pom
2024-05-29 14:21:44,376 [Worker-3: Import Getting Started Content] INFO  o.e.m.c.i.e.AbstractTransferListenerAdapter - Downloaded https://repo.maven.apache.org/maven2/io/projectreactor/reactor-bom/2023.0.6/reactor-bom-2023.0.6.pom
2024-05-29 14:21:44,404 [Worker-3: Import Getting Started Content] INFO  o.e.m.c.i.e.AbstractTransferListenerAdapter - Downloading https://repo.maven.apache.org/maven2/io/rest-assured/rest-assured-bom/5.4.0/rest-assured-bom-5.4.0.pom
2024-05-29 14:21:44,409 [Worker-3: Import Getting Started Content] INFO  o.e.m.c.i.e.AbstractTransferListenerAdapter - Downloaded https://repo.maven.apache.org/maven2/io/rest-assured/rest-assured-bom/5.4.0/rest-assured-bom-5.4.0.pom
2024-05-29 14:21:44,443 [Worker-3: Import Getting Started Content] INFO  o.e.m.c.i.e.AbstractTransferListenerAdapter - Downloading https://repo.maven.apache.org/maven2/org/seleniumhq/selenium/selenium-bom/4.19.1/selenium-bom-4.19.1.pom
2024-05-29 14:21:44,446 [Worker-3: Import Getting Started Content] INFO  o.e.m.c.i.e.AbstractTransferListenerAdapter - Downloaded https://repo.maven.apache.org/maven2/org/seleniumhq/selenium/selenium-bom/4.19.1/selenium-bom-4.19.1.pom
2024-05-29 14:21:44,473 [Worker-3: Import Getting Started Content] INFO  o.e.m.c.i.e.AbstractTransferListenerAdapter - Downloading https://repo.maven.apache.org/maven2/org/springframework/amqp/spring-amqp-bom/3.1.5/spring-amqp-bom-3.1.5.pom
2024-05-29 14:21:44,476 [Worker-3: Import Getting Started Content] INFO  o.e.m.c.i.e.AbstractTransferListenerAdapter - Downloaded https://repo.maven.apache.org/maven2/org/springframework/amqp/spring-amqp-bom/3.1.5/spring-amqp-bom-3.1.5.pom
2024-05-29 14:21:44,503 [Worker-3: Import Getting Started Content] INFO  o.e.m.c.i.e.AbstractTransferListenerAdapter - Downloading https://repo.maven.apache.org/maven2/org/springframework/batch/spring-batch-bom/5.1.2/spring-batch-bom-5.1.2.pom
2024-05-29 14:21:44,506 [Worker-3: Import Getting Started Content] INFO  o.e.m.c.i.e.AbstractTransferListenerAdapter - Downloaded https://repo.maven.apache.org/maven2/org/springframework/batch/spring-batch-bom/5.1.2/spring-batch-bom-5.1.2.pom
2024-05-29 14:21:44,533 [Worker-3: Import Getting Started Content] INFO  o.e.m.c.i.e.AbstractTransferListenerAdapter - Downloading https://repo.maven.apache.org/maven2/org/springframework/data/spring-data-bom/2024.0.0/spring-data-bom-2024.0.0.pom
2024-05-29 14:21:44,541 [Worker-3: Import Getting Started Content] INFO  o.e.m.c.i.e.AbstractTransferListenerAdapter - Downloaded https://repo.maven.apache.org/maven2/org/springframework/data/spring-data-bom/2024.0.0/spring-data-bom-2024.0.0.pom
2024-05-29 14:21:44,573 [Worker-3: Import Getting Started Content] INFO  o.e.m.c.i.e.AbstractTransferListenerAdapter - Downloading https://repo.maven.apache.org/maven2/org/springframework/spring-framework-bom/6.1.8/spring-framework-bom-6.1.8.pom
2024-05-29 14:21:44,577 [Worker-3: Import Getting Started Content] INFO  o.e.m.c.i.e.AbstractTransferListenerAdapter - Downloaded https://repo.maven.apache.org/maven2/org/springframework/spring-framework-bom/6.1.8/spring-framework-bom-6.1.8.pom
2024-05-29 14:21:44,609 [Worker-3: Import Getting Started Content] INFO  o.e.m.c.i.e.AbstractTransferListenerAdapter - Downloading https://repo.maven.apache.org/maven2/org/springframework/integration/spring-integration-bom/6.3.0/spring-integration-bom-6.3.0.pom
2024-05-29 14:21:44,614 [Worker-3: Import Getting Started Content] INFO  o.e.m.c.i.e.AbstractTransferListenerAdapter - Downloaded https://repo.maven.apache.org/maven2/org/springframework/integration/spring-integration-bom/6.3.0/spring-integration-bom-6.3.0.pom
2024-05-29 14:21:44,643 [Worker-3: Import Getting Started Content] INFO  o.e.m.c.i.e.AbstractTransferListenerAdapter - Downloading https://repo.maven.apache.org/maven2/org/springframework/pulsar/spring-pulsar-bom/1.1.0/spring-pulsar-bom-1.1.0.pom
2024-05-29 14:21:44,648 [Worker-3: Import Getting Started Content] INFO  o.e.m.c.i.e.AbstractTransferListenerAdapter - Downloaded https://repo.maven.apache.org/maven2/org/springframework/pulsar/spring-pulsar-bom/1.1.0/spring-pulsar-bom-1.1.0.pom
2024-05-29 14:21:44,688 [Worker-3: Import Getting Started Content] INFO  o.e.m.c.i.e.AbstractTransferListenerAdapter - Downloading https://repo.maven.apache.org/maven2/org/springframework/security/spring-security-bom/6.3.0/spring-security-bom-6.3.0.pom
2024-05-29 14:21:44,691 [Worker-3: Import Getting Started Content] INFO  o.e.m.c.i.e.AbstractTransferListenerAdapter - Downloaded https://repo.maven.apache.org/maven2/org/springframework/security/spring-security-bom/6.3.0/spring-security-bom-6.3.0.pom
2024-05-29 14:21:44,721 [Worker-3: Import Getting Started Content] INFO  o.e.m.c.i.e.AbstractTransferListenerAdapter - Downloading https://repo.maven.apache.org/maven2/org/springframework/session/spring-session-bom/3.3.0/spring-session-bom-3.3.0.pom
2024-05-29 14:21:44,727 [Worker-3: Import Getting Started Content] INFO  o.e.m.c.i.e.AbstractTransferListenerAdapter - Downloaded https://repo.maven.apache.org/maven2/org/springframework/session/spring-session-bom/3.3.0/spring-session-bom-3.3.0.pom
2024-05-29 14:21:44,763 [Worker-3: Import Getting Started Content] INFO  o.e.m.c.i.e.AbstractTransferListenerAdapter - Downloading https://repo.maven.apache.org/maven2/org/springframework/ws/spring-ws-bom/4.0.11/spring-ws-bom-4.0.11.pom
2024-05-29 14:21:44,765 [Worker-3: Import Getting Started Content] INFO  o.e.m.c.i.e.AbstractTransferListenerAdapter - Downloaded https://repo.maven.apache.org/maven2/org/springframework/ws/spring-ws-bom/4.0.11/spring-ws-bom-4.0.11.pom
2024-05-29 14:21:44,797 [Worker-3: Import Getting Started Content] INFO  o.e.m.c.i.e.AbstractTransferListenerAdapter - Downloading https://repo.maven.apache.org/maven2/org/testcontainers/testcontainers-bom/1.19.8/testcontainers-bom-1.19.8.pom
2024-05-29 14:21:44,804 [Worker-3: Import Getting Started Content] INFO  o.e.m.c.i.e.AbstractTransferListenerAdapter - Downloaded https://repo.maven.apache.org/maven2/org/testcontainers/testcontainers-bom/1.19.8/testcontainers-bom-1.19.8.pom
2024-05-29 14:21:46,257 [Worker-3: Import Getting Started Content] INFO  o.e.m.c.i.e.AbstractTransferListenerAdapter - Downloading https://repo.maven.apache.org/maven2/org/springframework/boot/spring-boot-maven-plugin/3.3.0/spring-boot-maven-plugin-3.3.0.pom
2024-05-29 14:21:46,263 [Worker-3: Import Getting Started Content] INFO  o.e.m.c.i.e.AbstractTransferListenerAdapter - Downloaded https://repo.maven.apache.org/maven2/org/springframework/boot/spring-boot-maven-plugin/3.3.0/spring-boot-maven-plugin-3.3.0.pom
2024-05-29 14:21:46,305 [Worker-3: Import Getting Started Content] INFO  o.e.m.c.i.e.AbstractTransferListenerAdapter - Downloading https://repo.maven.apache.org/maven2/org/springframework/boot/spring-boot-maven-plugin/3.3.0/spring-boot-maven-plugin-3.3.0.jar
2024-05-29 14:21:46,320 [Worker-3: Import Getting Started Content] INFO  o.e.m.c.i.e.AbstractTransferListenerAdapter - Downloaded https://repo.maven.apache.org/maven2/org/springframework/boot/spring-boot-maven-plugin/3.3.0/spring-boot-maven-plugin-3.3.0.jar
2024-05-29 14:21:46,409 [Worker-3: Import Getting Started Content] INFO  o.e.m.c.i.e.AbstractTransferListenerAdapter - Downloading https://repo.maven.apache.org/maven2/org/apache/maven/plugins/maven-compiler-plugin/3.13.0/maven-compiler-plugin-3.13.0.jar
2024-05-29 14:21:46,428 [Worker-3: Import Getting Started Content] INFO  o.e.m.c.i.e.AbstractTransferListenerAdapter - Downloaded https://repo.maven.apache.org/maven2/org/apache/maven/plugins/maven-compiler-plugin/3.13.0/maven-compiler-plugin-3.13.0.jar
2024-05-29 14:21:46,466 [Worker-3: Import Getting Started Content] INFO  o.e.m.c.i.e.AbstractTransferListenerAdapter - Downloading https://repo.maven.apache.org/maven2/org/apache/maven/plugins/maven-surefire-plugin/3.2.5/maven-surefire-plugin-3.2.5.jar
2024-05-29 14:21:46,471 [Worker-3: Import Getting Started Content] INFO  o.e.m.c.i.e.AbstractTransferListenerAdapter - Downloaded https://repo.maven.apache.org/maven2/org/apache/maven/plugins/maven-surefire-plugin/3.2.5/maven-surefire-plugin-3.2.5.jar
2024-05-29 14:21:46,505 [Worker-3: Import Getting Started Content] INFO  o.e.m.c.i.e.AbstractTransferListenerAdapter - Downloading https://repo.maven.apache.org/maven2/org/apache/maven/plugins/maven-jar-plugin/3.4.1/maven-jar-plugin-3.4.1.jar
2024-05-29 14:21:46,520 [Worker-3: Import Getting Started Content] INFO  o.e.m.c.i.e.AbstractTransferListenerAdapter - Downloaded https://repo.maven.apache.org/maven2/org/apache/maven/plugins/maven-jar-plugin/3.4.1/maven-jar-plugin-3.4.1.jar
2024-05-29 14:21:46,551 [Worker-3: Import Getting Started Content] INFO  o.e.m.c.i.e.AbstractTransferListenerAdapter - Downloading https://repo.maven.apache.org/maven2/org/apache/maven/plugins/maven-install-plugin/3.1.2/maven-install-plugin-3.1.2.jar
2024-05-29 14:21:46,561 [Worker-3: Import Getting Started Content] INFO  o.e.m.c.i.e.AbstractTransferListenerAdapter - Downloaded https://repo.maven.apache.org/maven2/org/apache/maven/plugins/maven-install-plugin/3.1.2/maven-install-plugin-3.1.2.jar
2024-05-29 14:21:46,587 [Worker-3: Import Getting Started Content] INFO  o.e.m.c.i.e.AbstractTransferListenerAdapter - Downloading https://repo.maven.apache.org/maven2/org/apache/maven/plugins/maven-deploy-plugin/3.1.2/maven-deploy-plugin-3.1.2.jar
2024-05-29 14:21:46,595 [Worker-3: Import Getting Started Content] INFO  o.e.m.c.i.e.AbstractTransferListenerAdapter - Downloaded https://repo.maven.apache.org/maven2/org/apache/maven/plugins/maven-deploy-plugin/3.1.2/maven-deploy-plugin-3.1.2.jar
2024-05-29 14:21:46,633 [Worker-3: Import Getting Started Content] INFO  o.e.m.c.i.e.AbstractTransferListenerAdapter - Downloading https://repo.maven.apache.org/maven2/org/apache/maven/plugins/maven-compiler-plugin/3.13.0/maven-compiler-plugin-3.13.0.pom
2024-05-29 14:21:46,641 [Worker-3: Import Getting Started Content] INFO  o.e.m.c.i.e.AbstractTransferListenerAdapter - Downloaded https://repo.maven.apache.org/maven2/org/apache/maven/plugins/maven-compiler-plugin/3.13.0/maven-compiler-plugin-3.13.0.pom
2024-05-29 14:21:46,677 [Worker-3: Import Getting Started Content] INFO  o.e.m.c.i.e.AbstractTransferListenerAdapter - Downloading https://repo.maven.apache.org/maven2/org/apache/maven/plugins/maven-plugins/41/maven-plugins-41.pom
2024-05-29 14:21:46,682 [Worker-3: Import Getting Started Content] INFO  o.e.m.c.i.e.AbstractTransferListenerAdapter - Downloaded https://repo.maven.apache.org/maven2/org/apache/maven/plugins/maven-plugins/41/maven-plugins-41.pom
2024-05-29 14:21:46,713 [Worker-3: Import Getting Started Content] INFO  o.e.m.c.i.e.AbstractTransferListenerAdapter - Downloading https://repo.maven.apache.org/maven2/org/apache/maven/maven-parent/41/maven-parent-41.pom
2024-05-29 14:21:46,725 [Worker-3: Import Getting Started Content] INFO  o.e.m.c.i.e.AbstractTransferListenerAdapter - Downloaded https://repo.maven.apache.org/maven2/org/apache/maven/maven-parent/41/maven-parent-41.pom
2024-05-29 14:21:46,816 [Worker-3: Import Getting Started Content] INFO  o.e.m.c.i.e.AbstractTransferListenerAdapter - Downloading https://repo.maven.apache.org/maven2/org/apache/maven/shared/maven-shared-utils/3.4.2/maven-shared-utils-3.4.2.pom
2024-05-29 14:21:46,818 [Worker-3: Import Getting Started Content] INFO  o.e.m.c.i.e.AbstractTransferListenerAdapter - Downloaded https://repo.maven.apache.org/maven2/org/apache/maven/shared/maven-shared-utils/3.4.2/maven-shared-utils-3.4.2.pom
2024-05-29 14:21:46,909 [Worker-3: Import Getting Started Content] INFO  o.e.m.c.i.e.AbstractTransferListenerAdapter - Downloading https://repo.maven.apache.org/maven2/org/codehaus/plexus/plexus-java/1.2.0/plexus-java-1.2.0.pom
2024-05-29 14:21:46,912 [Worker-3: Import Getting Started Content] INFO  o.e.m.c.i.e.AbstractTransferListenerAdapter - Downloaded https://repo.maven.apache.org/maven2/org/codehaus/plexus/plexus-java/1.2.0/plexus-java-1.2.0.pom
2024-05-29 14:21:46,939 [Worker-3: Import Getting Started Content] INFO  o.e.m.c.i.e.AbstractTransferListenerAdapter - Downloading https://repo.maven.apache.org/maven2/org/codehaus/plexus/plexus-languages/1.2.0/plexus-languages-1.2.0.pom
2024-05-29 14:21:46,942 [Worker-3: Import Getting Started Content] INFO  o.e.m.c.i.e.AbstractTransferListenerAdapter - Downloaded https://repo.maven.apache.org/maven2/org/codehaus/plexus/plexus-languages/1.2.0/plexus-languages-1.2.0.pom
2024-05-29 14:21:46,979 [Worker-3: Import Getting Started Content] INFO  o.e.m.c.i.e.AbstractTransferListenerAdapter - Downloading https://repo.maven.apache.org/maven2/org/codehaus/plexus/plexus/15/plexus-15.pom
2024-05-29 14:21:46,983 [Worker-3: Import Getting Started Content] INFO  o.e.m.c.i.e.AbstractTransferListenerAdapter - Downloaded https://repo.maven.apache.org/maven2/org/codehaus/plexus/plexus/15/plexus-15.pom
2024-05-29 14:21:47,013 [Worker-3: Import Getting Started Content] INFO  o.e.m.c.i.e.AbstractTransferListenerAdapter - Downloading https://repo.maven.apache.org/maven2/org/ow2/asm/asm/9.6/asm-9.6.pom
2024-05-29 14:21:47,017 [Worker-3: Import Getting Started Content] INFO  o.e.m.c.i.e.AbstractTransferListenerAdapter - Downloaded https://repo.maven.apache.org/maven2/org/ow2/asm/asm/9.6/asm-9.6.pom
2024-05-29 14:21:47,055 [Worker-3: Import Getting Started Content] INFO  o.e.m.c.i.e.AbstractTransferListenerAdapter - Downloading https://repo.maven.apache.org/maven2/org/codehaus/plexus/plexus-compiler-api/2.15.0/plexus-compiler-api-2.15.0.pom
2024-05-29 14:21:47,057 [Worker-3: Import Getting Started Content] INFO  o.e.m.c.i.e.AbstractTransferListenerAdapter - Downloaded https://repo.maven.apache.org/maven2/org/codehaus/plexus/plexus-compiler-api/2.15.0/plexus-compiler-api-2.15.0.pom
2024-05-29 14:21:47,084 [Worker-3: Import Getting Started Content] INFO  o.e.m.c.i.e.AbstractTransferListenerAdapter - Downloading https://repo.maven.apache.org/maven2/org/codehaus/plexus/plexus-compiler/2.15.0/plexus-compiler-2.15.0.pom
2024-05-29 14:21:47,087 [Worker-3: Import Getting Started Content] INFO  o.e.m.c.i.e.AbstractTransferListenerAdapter - Downloaded https://repo.maven.apache.org/maven2/org/codehaus/plexus/plexus-compiler/2.15.0/plexus-compiler-2.15.0.pom
2024-05-29 14:21:47,127 [Worker-3: Import Getting Started Content] INFO  o.e.m.c.i.e.AbstractTransferListenerAdapter - Downloading https://repo.maven.apache.org/maven2/org/codehaus/plexus/plexus/17/plexus-17.pom
2024-05-29 14:21:47,133 [Worker-3: Import Getting Started Content] INFO  o.e.m.c.i.e.AbstractTransferListenerAdapter - Downloaded https://repo.maven.apache.org/maven2/org/codehaus/plexus/plexus/17/plexus-17.pom
2024-05-29 14:21:47,173 [Worker-3: Import Getting Started Content] INFO  o.e.m.c.i.e.AbstractTransferListenerAdapter - Downloading https://repo.maven.apache.org/maven2/org/codehaus/plexus/plexus-compiler-manager/2.15.0/plexus-compiler-manager-2.15.0.pom
2024-05-29 14:21:47,177 [Worker-3: Import Getting Started Content] INFO  o.e.m.c.i.e.AbstractTransferListenerAdapter - Downloaded https://repo.maven.apache.org/maven2/org/codehaus/plexus/plexus-compiler-manager/2.15.0/plexus-compiler-manager-2.15.0.pom
2024-05-29 14:21:47,211 [Worker-3: Import Getting Started Content] INFO  o.e.m.c.i.e.AbstractTransferListenerAdapter - Downloading https://repo.maven.apache.org/maven2/org/codehaus/plexus/plexus-xml/3.0.0/plexus-xml-3.0.0.pom
2024-05-29 14:21:47,214 [Worker-3: Import Getting Started Content] INFO  o.e.m.c.i.e.AbstractTransferListenerAdapter - Downloaded https://repo.maven.apache.org/maven2/org/codehaus/plexus/plexus-xml/3.0.0/plexus-xml-3.0.0.pom
2024-05-29 14:21:47,248 [Worker-3: Import Getting Started Content] INFO  o.e.m.c.i.e.AbstractTransferListenerAdapter - Downloading https://repo.maven.apache.org/maven2/org/codehaus/plexus/plexus-compiler-javac/2.15.0/plexus-compiler-javac-2.15.0.pom
2024-05-29 14:21:47,250 [Worker-3: Import Getting Started Content] INFO  o.e.m.c.i.e.AbstractTransferListenerAdapter - Downloaded https://repo.maven.apache.org/maven2/org/codehaus/plexus/plexus-compiler-javac/2.15.0/plexus-compiler-javac-2.15.0.pom
2024-05-29 14:21:47,273 [Worker-3: Import Getting Started Content] INFO  o.e.m.c.i.e.AbstractTransferListenerAdapter - Downloading https://repo.maven.apache.org/maven2/org/codehaus/plexus/plexus-compilers/2.15.0/plexus-compilers-2.15.0.pom
2024-05-29 14:21:47,276 [Worker-3: Import Getting Started Content] INFO  o.e.m.c.i.e.AbstractTransferListenerAdapter - Downloaded https://repo.maven.apache.org/maven2/org/codehaus/plexus/plexus-compilers/2.15.0/plexus-compilers-2.15.0.pom
2024-05-29 14:21:47,332 [Worker-3: Import Getting Started Content] INFO  o.e.m.c.i.e.AbstractTransferListenerAdapter - Downloading https://repo.maven.apache.org/maven2/org/apache/maven/shared/maven-shared-utils/3.4.2/maven-shared-utils-3.4.2.jar
2024-05-29 14:21:47,348 [Worker-3: Import Getting Started Content] INFO  o.e.m.c.i.e.AbstractTransferListenerAdapter - Downloaded https://repo.maven.apache.org/maven2/org/apache/maven/shared/maven-shared-utils/3.4.2/maven-shared-utils-3.4.2.jar
2024-05-29 14:21:47,376 [BasicRepositoryConnector-repo.maven.apache.org-0-1] INFO  o.e.m.c.i.e.AbstractTransferListenerAdapter - Downloading https://repo.maven.apache.org/maven2/org/ow2/asm/asm/9.6/asm-9.6.jar
2024-05-29 14:21:47,393 [BasicRepositoryConnector-repo.maven.apache.org-0-1] INFO  o.e.m.c.i.e.AbstractTransferListenerAdapter - Downloaded https://repo.maven.apache.org/maven2/org/ow2/asm/asm/9.6/asm-9.6.jar
2024-05-29 14:21:47,417 [BasicRepositoryConnector-repo.maven.apache.org-0-1] INFO  o.e.m.c.i.e.AbstractTransferListenerAdapter - Downloading https://repo.maven.apache.org/maven2/org/codehaus/plexus/plexus-compiler-javac/2.15.0/plexus-compiler-javac-2.15.0.jar
2024-05-29 14:21:47,430 [BasicRepositoryConnector-repo.maven.apache.org-0-1] INFO  o.e.m.c.i.e.AbstractTransferListenerAdapter - Downloaded https://repo.maven.apache.org/maven2/org/codehaus/plexus/plexus-compiler-javac/2.15.0/plexus-compiler-javac-2.15.0.jar
2024-05-29 14:21:47,439 [BasicRepositoryConnector-repo.maven.apache.org-0-3] INFO  o.e.m.c.i.e.AbstractTransferListenerAdapter - Downloading https://repo.maven.apache.org/maven2/org/codehaus/plexus/plexus-compiler-manager/2.15.0/plexus-compiler-manager-2.15.0.jar
2024-05-29 14:21:47,446 [BasicRepositoryConnector-repo.maven.apache.org-0-0] INFO  o.e.m.c.i.e.AbstractTransferListenerAdapter - Downloading https://repo.maven.apache.org/maven2/org/codehaus/plexus/plexus-java/1.2.0/plexus-java-1.2.0.jar
2024-05-29 14:21:47,446 [BasicRepositoryConnector-repo.maven.apache.org-0-3] INFO  o.e.m.c.i.e.AbstractTransferListenerAdapter - Downloaded https://repo.maven.apache.org/maven2/org/codehaus/plexus/plexus-compiler-manager/2.15.0/plexus-compiler-manager-2.15.0.jar
2024-05-29 14:21:47,447 [BasicRepositoryConnector-repo.maven.apache.org-0-2] INFO  o.e.m.c.i.e.AbstractTransferListenerAdapter - Downloading https://repo.maven.apache.org/maven2/org/codehaus/plexus/plexus-compiler-api/2.15.0/plexus-compiler-api-2.15.0.jar
2024-05-29 14:21:47,459 [BasicRepositoryConnector-repo.maven.apache.org-0-4] INFO  o.e.m.c.i.e.AbstractTransferListenerAdapter - Downloading https://repo.maven.apache.org/maven2/org/codehaus/plexus/plexus-xml/3.0.0/plexus-xml-3.0.0.jar
2024-05-29 14:21:47,461 [BasicRepositoryConnector-repo.maven.apache.org-0-2] INFO  o.e.m.c.i.e.AbstractTransferListenerAdapter - Downloaded https://repo.maven.apache.org/maven2/org/codehaus/plexus/plexus-compiler-api/2.15.0/plexus-compiler-api-2.15.0.jar
2024-05-29 14:21:47,479 [BasicRepositoryConnector-repo.maven.apache.org-0-0] INFO  o.e.m.c.i.e.AbstractTransferListenerAdapter - Downloaded https://repo.maven.apache.org/maven2/org/codehaus/plexus/plexus-java/1.2.0/plexus-java-1.2.0.jar
2024-05-29 14:21:47,513 [BasicRepositoryConnector-repo.maven.apache.org-0-4] INFO  o.e.m.c.i.e.AbstractTransferListenerAdapter - Downloaded https://repo.maven.apache.org/maven2/org/codehaus/plexus/plexus-xml/3.0.0/plexus-xml-3.0.0.jar
2024-05-29 14:21:47,676 [Worker-3: Import Getting Started Content] INFO  o.e.m.c.i.l.LifecycleMappingFactory - Using org.eclipse.m2e.jdt.JarLifecycleMapping lifecycle mapping for MavenProject: in.aarav.rubral:AuthorRstController:1.0 @ /Users/aaravrubral/Documents/workspace/AuthorRstController/pom.xml.
2024-05-29 14:21:47,719 [Worker-3: Import Getting Started Content] INFO  o.e.m.c.i.e.AbstractTransferListenerAdapter - Downloading https://repo.maven.apache.org/maven2/org/springframework/boot/spring-boot-starter-web/3.3.0/spring-boot-starter-web-3.3.0.pom
2024-05-29 14:21:47,722 [Worker-3: Import Getting Started Content] INFO  o.e.m.c.i.e.AbstractTransferListenerAdapter - Downloaded https://repo.maven.apache.org/maven2/org/springframework/boot/spring-boot-starter-web/3.3.0/spring-boot-starter-web-3.3.0.pom
2024-05-29 14:21:47,755 [Worker-3: Import Getting Started Content] INFO  o.e.m.c.i.e.AbstractTransferListenerAdapter - Downloading https://repo.maven.apache.org/maven2/org/springframework/boot/spring-boot-starter/3.3.0/spring-boot-starter-3.3.0.pom
2024-05-29 14:21:47,758 [Worker-3: Import Getting Started Content] INFO  o.e.m.c.i.e.AbstractTransferListenerAdapter - Downloaded https://repo.maven.apache.org/maven2/org/springframework/boot/spring-boot-starter/3.3.0/spring-boot-starter-3.3.0.pom
2024-05-29 14:21:47,785 [Worker-3: Import Getting Started Content] INFO  o.e.m.c.i.e.AbstractTransferListenerAdapter - Downloading https://repo.maven.apache.org/maven2/org/springframework/boot/spring-boot/3.3.0/spring-boot-3.3.0.pom
2024-05-29 14:21:47,787 [Worker-3: Import Getting Started Content] INFO  o.e.m.c.i.e.AbstractTransferListenerAdapter - Downloaded https://repo.maven.apache.org/maven2/org/springframework/boot/spring-boot/3.3.0/spring-boot-3.3.0.pom
2024-05-29 14:21:47,819 [Worker-3: Import Getting Started Content] INFO  o.e.m.c.i.e.AbstractTransferListenerAdapter - Downloading https://repo.maven.apache.org/maven2/org/springframework/spring-core/6.1.8/spring-core-6.1.8.pom
2024-05-29 14:21:47,821 [Worker-3: Import Getting Started Content] INFO  o.e.m.c.i.e.AbstractTransferListenerAdapter - Downloaded https://repo.maven.apache.org/maven2/org/springframework/spring-core/6.1.8/spring-core-6.1.8.pom
2024-05-29 14:21:47,856 [Worker-3: Import Getting Started Content] INFO  o.e.m.c.i.e.AbstractTransferListenerAdapter - Downloading https://repo.maven.apache.org/maven2/org/springframework/spring-jcl/6.1.8/spring-jcl-6.1.8.pom
2024-05-29 14:21:47,859 [Worker-3: Import Getting Started Content] INFO  o.e.m.c.i.e.AbstractTransferListenerAdapter - Downloaded https://repo.maven.apache.org/maven2/org/springframework/spring-jcl/6.1.8/spring-jcl-6.1.8.pom
2024-05-29 14:21:47,885 [Worker-3: Import Getting Started Content] INFO  o.e.m.c.i.e.AbstractTransferListenerAdapter - Downloading https://repo.maven.apache.org/maven2/org/springframework/spring-context/6.1.8/spring-context-6.1.8.pom
2024-05-29 14:21:47,887 [Worker-3: Import Getting Started Content] INFO  o.e.m.c.i.e.AbstractTransferListenerAdapter - Downloaded https://repo.maven.apache.org/maven2/org/springframework/spring-context/6.1.8/spring-context-6.1.8.pom
2024-05-29 14:21:47,916 [Worker-3: Import Getting Started Content] INFO  o.e.m.c.i.e.AbstractTransferListenerAdapter - Downloading https://repo.maven.apache.org/maven2/org/springframework/spring-aop/6.1.8/spring-aop-6.1.8.pom
2024-05-29 14:21:47,919 [Worker-3: Import Getting Started Content] INFO  o.e.m.c.i.e.AbstractTransferListenerAdapter - Downloaded https://repo.maven.apache.org/maven2/org/springframework/spring-aop/6.1.8/spring-aop-6.1.8.pom
2024-05-29 14:21:47,950 [Worker-3: Import Getting Started Content] INFO  o.e.m.c.i.e.AbstractTransferListenerAdapter - Downloading https://repo.maven.apache.org/maven2/org/springframework/spring-beans/6.1.8/spring-beans-6.1.8.pom
2024-05-29 14:21:47,953 [Worker-3: Import Getting Started Content] INFO  o.e.m.c.i.e.AbstractTransferListenerAdapter - Downloaded https://repo.maven.apache.org/maven2/org/springframework/spring-beans/6.1.8/spring-beans-6.1.8.pom
2024-05-29 14:21:47,981 [Worker-3: Import Getting Started Content] INFO  o.e.m.c.i.e.AbstractTransferListenerAdapter - Downloading https://repo.maven.apache.org/maven2/org/springframework/spring-expression/6.1.8/spring-expression-6.1.8.pom
2024-05-29 14:21:47,983 [Worker-3: Import Getting Started Content] INFO  o.e.m.c.i.e.AbstractTransferListenerAdapter - Downloaded https://repo.maven.apache.org/maven2/org/springframework/spring-expression/6.1.8/spring-expression-6.1.8.pom
2024-05-29 14:21:48,015 [Worker-3: Import Getting Started Content] INFO  o.e.m.c.i.e.AbstractTransferListenerAdapter - Downloading https://repo.maven.apache.org/maven2/io/micrometer/micrometer-observation/1.13.0/micrometer-observation-1.13.0.pom
2024-05-29 14:21:48,018 [Worker-3: Import Getting Started Content] INFO  o.e.m.c.i.e.AbstractTransferListenerAdapter - Downloaded https://repo.maven.apache.org/maven2/io/micrometer/micrometer-observation/1.13.0/micrometer-observation-1.13.0.pom
2024-05-29 14:21:48,047 [Worker-3: Import Getting Started Content] INFO  o.e.m.c.i.e.AbstractTransferListenerAdapter - Downloading https://repo.maven.apache.org/maven2/io/micrometer/micrometer-commons/1.13.0/micrometer-commons-1.13.0.pom
2024-05-29 14:21:48,050 [Worker-3: Import Getting Started Content] INFO  o.e.m.c.i.e.AbstractTransferListenerAdapter - Downloaded https://repo.maven.apache.org/maven2/io/micrometer/micrometer-commons/1.13.0/micrometer-commons-1.13.0.pom
2024-05-29 14:21:48,084 [Worker-3: Import Getting Started Content] INFO  o.e.m.c.i.e.AbstractTransferListenerAdapter - Downloading https://repo.maven.apache.org/maven2/org/springframework/boot/spring-boot-autoconfigure/3.3.0/spring-boot-autoconfigure-3.3.0.pom
2024-05-29 14:21:48,087 [Worker-3: Import Getting Started Content] INFO  o.e.m.c.i.e.AbstractTransferListenerAdapter - Downloaded https://repo.maven.apache.org/maven2/org/springframework/boot/spring-boot-autoconfigure/3.3.0/spring-boot-autoconfigure-3.3.0.pom
2024-05-29 14:21:48,115 [Worker-3: Import Getting Started Content] INFO  o.e.m.c.i.e.AbstractTransferListenerAdapter - Downloading https://repo.maven.apache.org/maven2/org/springframework/boot/spring-boot-starter-logging/3.3.0/spring-boot-starter-logging-3.3.0.pom
2024-05-29 14:21:48,117 [Worker-3: Import Getting Started Content] INFO  o.e.m.c.i.e.AbstractTransferListenerAdapter - Downloaded https://repo.maven.apache.org/maven2/org/springframework/boot/spring-boot-starter-logging/3.3.0/spring-boot-starter-logging-3.3.0.pom
2024-05-29 14:21:48,145 [Worker-3: Import Getting Started Content] INFO  o.e.m.c.i.e.AbstractTransferListenerAdapter - Downloading https://repo.maven.apache.org/maven2/ch/qos/logback/logback-classic/1.5.6/logback-classic-1.5.6.pom
2024-05-29 14:21:48,151 [Worker-3: Import Getting Started Content] INFO  o.e.m.c.i.e.AbstractTransferListenerAdapter - Downloaded https://repo.maven.apache.org/maven2/ch/qos/logback/logback-classic/1.5.6/logback-classic-1.5.6.pom
2024-05-29 14:21:48,185 [Worker-3: Import Getting Started Content] INFO  o.e.m.c.i.e.AbstractTransferListenerAdapter - Downloading https://repo.maven.apache.org/maven2/ch/qos/logback/logback-parent/1.5.6/logback-parent-1.5.6.pom
2024-05-29 14:21:48,191 [Worker-3: Import Getting Started Content] INFO  o.e.m.c.i.e.AbstractTransferListenerAdapter - Downloaded https://repo.maven.apache.org/maven2/ch/qos/logback/logback-parent/1.5.6/logback-parent-1.5.6.pom
2024-05-29 14:21:48,231 [Worker-3: Import Getting Started Content] INFO  o.e.m.c.i.e.AbstractTransferListenerAdapter - Downloading https://repo.maven.apache.org/maven2/ch/qos/logback/logback-core/1.5.6/logback-core-1.5.6.pom
2024-05-29 14:21:48,235 [Worker-3: Import Getting Started Content] INFO  o.e.m.c.i.e.AbstractTransferListenerAdapter - Downloaded https://repo.maven.apache.org/maven2/ch/qos/logback/logback-core/1.5.6/logback-core-1.5.6.pom
2024-05-29 14:21:48,270 [Worker-3: Import Getting Started Content] INFO  o.e.m.c.i.e.AbstractTransferListenerAdapter - Downloading https://repo.maven.apache.org/maven2/org/slf4j/slf4j-api/2.0.13/slf4j-api-2.0.13.pom
2024-05-29 14:21:48,272 [Worker-3: Import Getting Started Content] INFO  o.e.m.c.i.e.AbstractTransferListenerAdapter - Downloaded https://repo.maven.apache.org/maven2/org/slf4j/slf4j-api/2.0.13/slf4j-api-2.0.13.pom
2024-05-29 14:21:48,298 [Worker-3: Import Getting Started Content] INFO  o.e.m.c.i.e.AbstractTransferListenerAdapter - Downloading https://repo.maven.apache.org/maven2/org/slf4j/slf4j-parent/2.0.13/slf4j-parent-2.0.13.pom
2024-05-29 14:21:48,306 [Worker-3: Import Getting Started Content] INFO  o.e.m.c.i.e.AbstractTransferListenerAdapter - Downloaded https://repo.maven.apache.org/maven2/org/slf4j/slf4j-parent/2.0.13/slf4j-parent-2.0.13.pom
2024-05-29 14:21:48,335 [Worker-3: Import Getting Started Content] INFO  o.e.m.c.i.e.AbstractTransferListenerAdapter - Downloading https://repo.maven.apache.org/maven2/org/slf4j/slf4j-bom/2.0.13/slf4j-bom-2.0.13.pom
2024-05-29 14:21:48,338 [Worker-3: Import Getting Started Content] INFO  o.e.m.c.i.e.AbstractTransferListenerAdapter - Downloaded https://repo.maven.apache.org/maven2/org/slf4j/slf4j-bom/2.0.13/slf4j-bom-2.0.13.pom
2024-05-29 14:21:48,368 [Worker-3: Import Getting Started Content] INFO  o.e.m.c.i.e.AbstractTransferListenerAdapter - Downloading https://repo.maven.apache.org/maven2/org/apache/logging/log4j/log4j-to-slf4j/2.23.1/log4j-to-slf4j-2.23.1.pom
2024-05-29 14:21:48,370 [Worker-3: Import Getting Started Content] INFO  o.e.m.c.i.e.AbstractTransferListenerAdapter - Downloaded https://repo.maven.apache.org/maven2/org/apache/logging/log4j/log4j-to-slf4j/2.23.1/log4j-to-slf4j-2.23.1.pom
2024-05-29 14:21:48,397 [Worker-3: Import Getting Started Content] INFO  o.e.m.c.i.e.AbstractTransferListenerAdapter - Downloading https://repo.maven.apache.org/maven2/org/apache/logging/log4j/log4j/2.23.1/log4j-2.23.1.pom
2024-05-29 14:21:48,414 [Worker-3: Import Getting Started Content] INFO  o.e.m.c.i.e.AbstractTransferListenerAdapter - Downloaded https://repo.maven.apache.org/maven2/org/apache/logging/log4j/log4j/2.23.1/log4j-2.23.1.pom
2024-05-29 14:21:48,449 [Worker-3: Import Getting Started Content] INFO  o.e.m.c.i.e.AbstractTransferListenerAdapter - Downloading https://repo.maven.apache.org/maven2/org/codehaus/groovy/groovy-bom/3.0.21/groovy-bom-3.0.21.pom
2024-05-29 14:21:48,452 [Worker-3: Import Getting Started Content] INFO  o.e.m.c.i.e.AbstractTransferListenerAdapter - Downloaded https://repo.maven.apache.org/maven2/org/codehaus/groovy/groovy-bom/3.0.21/groovy-bom-3.0.21.pom
2024-05-29 14:21:48,496 [Worker-3: Import Getting Started Content] INFO  o.e.m.c.i.e.AbstractTransferListenerAdapter - Downloading https://repo.maven.apache.org/maven2/org/eclipse/jetty/jetty-bom/9.4.54.v20240208/jetty-bom-9.4.54.v20240208.pom
2024-05-29 14:21:48,499 [Worker-3: Import Getting Started Content] INFO  o.e.m.c.i.e.AbstractTransferListenerAdapter - Downloaded https://repo.maven.apache.org/maven2/org/eclipse/jetty/jetty-bom/9.4.54.v20240208/jetty-bom-9.4.54.v20240208.pom
2024-05-29 14:21:48,552 [Worker-3: Import Getting Started Content] INFO  o.e.m.c.i.e.AbstractTransferListenerAdapter - Downloading https://repo.maven.apache.org/maven2/org/springframework/spring-framework-bom/5.3.32/spring-framework-bom-5.3.32.pom
2024-05-29 14:21:48,554 [Worker-3: Import Getting Started Content] INFO  o.e.m.c.i.e.AbstractTransferListenerAdapter - Downloaded https://repo.maven.apache.org/maven2/org/springframework/spring-framework-bom/5.3.32/spring-framework-bom-5.3.32.pom
2024-05-29 14:21:48,585 [Worker-3: Import Getting Started Content] INFO  o.e.m.c.i.e.AbstractTransferListenerAdapter - Downloading https://repo.maven.apache.org/maven2/org/apache/logging/log4j/log4j-api/2.23.1/log4j-api-2.23.1.pom
2024-05-29 14:21:48,589 [Worker-3: Import Getting Started Content] INFO  o.e.m.c.i.e.AbstractTransferListenerAdapter - Downloaded https://repo.maven.apache.org/maven2/org/apache/logging/log4j/log4j-api/2.23.1/log4j-api-2.23.1.pom
2024-05-29 14:21:48,623 [Worker-3: Import Getting Started Content] INFO  o.e.m.c.i.e.AbstractTransferListenerAdapter - Downloading https://repo.maven.apache.org/maven2/org/slf4j/jul-to-slf4j/2.0.13/jul-to-slf4j-2.0.13.pom
2024-05-29 14:21:48,626 [Worker-3: Import Getting Started Content] INFO  o.e.m.c.i.e.AbstractTransferListenerAdapter - Downloaded https://repo.maven.apache.org/maven2/org/slf4j/jul-to-slf4j/2.0.13/jul-to-slf4j-2.0.13.pom
2024-05-29 14:21:48,666 [Worker-3: Import Getting Started Content] INFO  o.e.m.c.i.e.AbstractTransferListenerAdapter - Downloading https://repo.maven.apache.org/maven2/org/springframework/boot/spring-boot-starter-json/3.3.0/spring-boot-starter-json-3.3.0.pom
2024-05-29 14:21:48,673 [Worker-3: Import Getting Started Content] INFO  o.e.m.c.i.e.AbstractTransferListenerAdapter - Downloaded https://repo.maven.apache.org/maven2/org/springframework/boot/spring-boot-starter-json/3.3.0/spring-boot-starter-json-3.3.0.pom
2024-05-29 14:21:48,710 [Worker-3: Import Getting Started Content] INFO  o.e.m.c.i.e.AbstractTransferListenerAdapter - Downloading https://repo.maven.apache.org/maven2/org/springframework/spring-web/6.1.8/spring-web-6.1.8.pom
2024-05-29 14:21:48,713 [Worker-3: Import Getting Started Content] INFO  o.e.m.c.i.e.AbstractTransferListenerAdapter - Downloaded https://repo.maven.apache.org/maven2/org/springframework/spring-web/6.1.8/spring-web-6.1.8.pom
2024-05-29 14:21:48,745 [Worker-3: Import Getting Started Content] INFO  o.e.m.c.i.e.AbstractTransferListenerAdapter - Downloading https://repo.maven.apache.org/maven2/com/fasterxml/jackson/core/jackson-databind/2.17.1/jackson-databind-2.17.1.pom
2024-05-29 14:21:48,762 [Worker-3: Import Getting Started Content] INFO  o.e.m.c.i.e.AbstractTransferListenerAdapter - Downloaded https://repo.maven.apache.org/maven2/com/fasterxml/jackson/core/jackson-databind/2.17.1/jackson-databind-2.17.1.pom
2024-05-29 14:21:48,793 [Worker-3: Import Getting Started Content] INFO  o.e.m.c.i.e.AbstractTransferListenerAdapter - Downloading https://repo.maven.apache.org/maven2/com/fasterxml/jackson/jackson-base/2.17.1/jackson-base-2.17.1.pom
2024-05-29 14:21:48,798 [Worker-3: Import Getting Started Content] INFO  o.e.m.c.i.e.AbstractTransferListenerAdapter - Downloaded https://repo.maven.apache.org/maven2/com/fasterxml/jackson/jackson-base/2.17.1/jackson-base-2.17.1.pom
2024-05-29 14:21:48,835 [Worker-3: Import Getting Started Content] INFO  o.e.m.c.i.e.AbstractTransferListenerAdapter - Downloading https://repo.maven.apache.org/maven2/com/fasterxml/jackson/core/jackson-annotations/2.17.1/jackson-annotations-2.17.1.pom
2024-05-29 14:21:48,839 [Worker-3: Import Getting Started Content] INFO  o.e.m.c.i.e.AbstractTransferListenerAdapter - Downloaded https://repo.maven.apache.org/maven2/com/fasterxml/jackson/core/jackson-annotations/2.17.1/jackson-annotations-2.17.1.pom
2024-05-29 14:21:48,870 [Worker-3: Import Getting Started Content] INFO  o.e.m.c.i.e.AbstractTransferListenerAdapter - Downloading https://repo.maven.apache.org/maven2/com/fasterxml/jackson/core/jackson-core/2.17.1/jackson-core-2.17.1.pom
2024-05-29 14:21:48,873 [Worker-3: Import Getting Started Content] INFO  o.e.m.c.i.e.AbstractTransferListenerAdapter - Downloaded https://repo.maven.apache.org/maven2/com/fasterxml/jackson/core/jackson-core/2.17.1/jackson-core-2.17.1.pom
2024-05-29 14:21:48,906 [Worker-3: Import Getting Started Content] INFO  o.e.m.c.i.e.AbstractTransferListenerAdapter - Downloading https://repo.maven.apache.org/maven2/com/fasterxml/jackson/datatype/jackson-datatype-jdk8/2.17.1/jackson-datatype-jdk8-2.17.1.pom
2024-05-29 14:21:48,909 [Worker-3: Import Getting Started Content] INFO  o.e.m.c.i.e.AbstractTransferListenerAdapter - Downloaded https://repo.maven.apache.org/maven2/com/fasterxml/jackson/datatype/jackson-datatype-jdk8/2.17.1/jackson-datatype-jdk8-2.17.1.pom
2024-05-29 14:21:48,941 [Worker-3: Import Getting Started Content] INFO  o.e.m.c.i.e.AbstractTransferListenerAdapter - Downloading https://repo.maven.apache.org/maven2/com/fasterxml/jackson/module/jackson-modules-java8/2.17.1/jackson-modules-java8-2.17.1.pom
2024-05-29 14:21:48,944 [Worker-3: Import Getting Started Content] INFO  o.e.m.c.i.e.AbstractTransferListenerAdapter - Downloaded https://repo.maven.apache.org/maven2/com/fasterxml/jackson/module/jackson-modules-java8/2.17.1/jackson-modules-java8-2.17.1.pom
2024-05-29 14:21:48,982 [Worker-3: Import Getting Started Content] INFO  o.e.m.c.i.e.AbstractTransferListenerAdapter - Downloading https://repo.maven.apache.org/maven2/com/fasterxml/jackson/datatype/jackson-datatype-jsr310/2.17.1/jackson-datatype-jsr310-2.17.1.pom
2024-05-29 14:21:48,986 [Worker-3: Import Getting Started Content] INFO  o.e.m.c.i.e.AbstractTransferListenerAdapter - Downloaded https://repo.maven.apache.org/maven2/com/fasterxml/jackson/datatype/jackson-datatype-jsr310/2.17.1/jackson-datatype-jsr310-2.17.1.pom
2024-05-29 14:21:49,064 [Worker-3: Import Getting Started Content] INFO  o.e.m.c.i.e.AbstractTransferListenerAdapter - Downloading https://repo.maven.apache.org/maven2/com/fasterxml/jackson/module/jackson-module-parameter-names/2.17.1/jackson-module-parameter-names-2.17.1.pom
2024-05-29 14:21:49,067 [Worker-3: Import Getting Started Content] INFO  o.e.m.c.i.e.AbstractTransferListenerAdapter - Downloaded https://repo.maven.apache.org/maven2/com/fasterxml/jackson/module/jackson-module-parameter-names/2.17.1/jackson-module-parameter-names-2.17.1.pom
2024-05-29 14:21:49,099 [Worker-3: Import Getting Started Content] INFO  o.e.m.c.i.e.AbstractTransferListenerAdapter - Downloading https://repo.maven.apache.org/maven2/org/springframework/boot/spring-boot-starter-tomcat/3.3.0/spring-boot-starter-tomcat-3.3.0.pom
2024-05-29 14:21:49,100 [Worker-3: Import Getting Started Content] INFO  o.e.m.c.i.e.AbstractTransferListenerAdapter - Downloaded https://repo.maven.apache.org/maven2/org/springframework/boot/spring-boot-starter-tomcat/3.3.0/spring-boot-starter-tomcat-3.3.0.pom
2024-05-29 14:21:49,131 [Worker-3: Import Getting Started Content] INFO  o.e.m.c.i.e.AbstractTransferListenerAdapter - Downloading https://repo.maven.apache.org/maven2/org/apache/tomcat/embed/tomcat-embed-core/10.1.24/tomcat-embed-core-10.1.24.pom
2024-05-29 14:21:49,133 [Worker-3: Import Getting Started Content] INFO  o.e.m.c.i.e.AbstractTransferListenerAdapter - Downloaded https://repo.maven.apache.org/maven2/org/apache/tomcat/embed/tomcat-embed-core/10.1.24/tomcat-embed-core-10.1.24.pom
2024-05-29 14:21:49,166 [Worker-3: Import Getting Started Content] INFO  o.e.m.c.i.e.AbstractTransferListenerAdapter - Downloading https://repo.maven.apache.org/maven2/org/apache/tomcat/embed/tomcat-embed-el/10.1.24/tomcat-embed-el-10.1.24.pom
2024-05-29 14:21:49,169 [Worker-3: Import Getting Started Content] INFO  o.e.m.c.i.e.AbstractTransferListenerAdapter - Downloaded https://repo.maven.apache.org/maven2/org/apache/tomcat/embed/tomcat-embed-el/10.1.24/tomcat-embed-el-10.1.24.pom
2024-05-29 14:21:49,211 [Worker-3: Import Getting Started Content] INFO  o.e.m.c.i.e.AbstractTransferListenerAdapter - Downloading https://repo.maven.apache.org/maven2/org/apache/tomcat/embed/tomcat-embed-websocket/10.1.24/tomcat-embed-websocket-10.1.24.pom
2024-05-29 14:21:49,216 [Worker-3: Import Getting Started Content] INFO  o.e.m.c.i.e.AbstractTransferListenerAdapter - Downloaded https://repo.maven.apache.org/maven2/org/apache/tomcat/embed/tomcat-embed-websocket/10.1.24/tomcat-embed-websocket-10.1.24.pom
2024-05-29 14:21:49,245 [Worker-3: Import Getting Started Content] INFO  o.e.m.c.i.e.AbstractTransferListenerAdapter - Downloading https://repo.maven.apache.org/maven2/org/springframework/spring-webmvc/6.1.8/spring-webmvc-6.1.8.pom
2024-05-29 14:21:49,248 [Worker-3: Import Getting Started Content] INFO  o.e.m.c.i.e.AbstractTransferListenerAdapter - Downloaded https://repo.maven.apache.org/maven2/org/springframework/spring-webmvc/6.1.8/spring-webmvc-6.1.8.pom
2024-05-29 14:21:49,281 [Worker-3: Import Getting Started Content] INFO  o.e.m.c.i.e.AbstractTransferListenerAdapter - Downloading https://repo.maven.apache.org/maven2/org/springframework/boot/spring-boot-devtools/3.3.0/spring-boot-devtools-3.3.0.pom
2024-05-29 14:21:49,284 [Worker-3: Import Getting Started Content] INFO  o.e.m.c.i.e.AbstractTransferListenerAdapter - Downloaded https://repo.maven.apache.org/maven2/org/springframework/boot/spring-boot-devtools/3.3.0/spring-boot-devtools-3.3.0.pom
2024-05-29 14:21:49,309 [Worker-3: Import Getting Started Content] INFO  o.e.m.c.i.e.AbstractTransferListenerAdapter - Downloading https://repo.maven.apache.org/maven2/org/projectlombok/lombok/1.18.32/lombok-1.18.32.pom
2024-05-29 14:21:49,312 [Worker-3: Import Getting Started Content] INFO  o.e.m.c.i.e.AbstractTransferListenerAdapter - Downloaded https://repo.maven.apache.org/maven2/org/projectlombok/lombok/1.18.32/lombok-1.18.32.pom
2024-05-29 14:21:49,339 [Worker-3: Import Getting Started Content] INFO  o.e.m.c.i.e.AbstractTransferListenerAdapter - Downloading https://repo.maven.apache.org/maven2/org/springframework/boot/spring-boot-starter-test/3.3.0/spring-boot-starter-test-3.3.0.pom
2024-05-29 14:21:49,341 [Worker-3: Import Getting Started Content] INFO  o.e.m.c.i.e.AbstractTransferListenerAdapter - Downloaded https://repo.maven.apache.org/maven2/org/springframework/boot/spring-boot-starter-test/3.3.0/spring-boot-starter-test-3.3.0.pom
2024-05-29 14:21:49,374 [Worker-3: Import Getting Started Content] INFO  o.e.m.c.i.e.AbstractTransferListenerAdapter - Downloading https://repo.maven.apache.org/maven2/org/springframework/boot/spring-boot-test/3.3.0/spring-boot-test-3.3.0.pom
2024-05-29 14:21:49,377 [Worker-3: Import Getting Started Content] INFO  o.e.m.c.i.e.AbstractTransferListenerAdapter - Downloaded https://repo.maven.apache.org/maven2/org/springframework/boot/spring-boot-test/3.3.0/spring-boot-test-3.3.0.pom
2024-05-29 14:21:49,405 [Worker-3: Import Getting Started Content] INFO  o.e.m.c.i.e.AbstractTransferListenerAdapter - Downloading https://repo.maven.apache.org/maven2/org/springframework/spring-test/6.1.8/spring-test-6.1.8.pom
2024-05-29 14:21:49,410 [Worker-3: Import Getting Started Content] INFO  o.e.m.c.i.e.AbstractTransferListenerAdapter - Downloaded https://repo.maven.apache.org/maven2/org/springframework/spring-test/6.1.8/spring-test-6.1.8.pom
2024-05-29 14:21:49,439 [Worker-3: Import Getting Started Content] INFO  o.e.m.c.i.e.AbstractTransferListenerAdapter - Downloading https://repo.maven.apache.org/maven2/org/springframework/boot/spring-boot-test-autoconfigure/3.3.0/spring-boot-test-autoconfigure-3.3.0.pom
2024-05-29 14:21:49,443 [Worker-3: Import Getting Started Content] INFO  o.e.m.c.i.e.AbstractTransferListenerAdapter - Downloaded https://repo.maven.apache.org/maven2/org/springframework/boot/spring-boot-test-autoconfigure/3.3.0/spring-boot-test-autoconfigure-3.3.0.pom
2024-05-29 14:21:49,476 [Worker-3: Import Getting Started Content] INFO  o.e.m.c.i.e.AbstractTransferListenerAdapter - Downloading https://repo.maven.apache.org/maven2/net/minidev/json-smart/2.5.1/json-smart-2.5.1.pom
2024-05-29 14:21:49,486 [Worker-3: Import Getting Started Content] INFO  o.e.m.c.i.e.AbstractTransferListenerAdapter - Downloaded https://repo.maven.apache.org/maven2/net/minidev/json-smart/2.5.1/json-smart-2.5.1.pom
2024-05-29 14:21:49,515 [Worker-3: Import Getting Started Content] INFO  o.e.m.c.i.e.AbstractTransferListenerAdapter - Downloading https://repo.maven.apache.org/maven2/net/minidev/accessors-smart/2.5.1/accessors-smart-2.5.1.pom
2024-05-29 14:21:49,517 [Worker-3: Import Getting Started Content] INFO  o.e.m.c.i.e.AbstractTransferListenerAdapter - Downloaded https://repo.maven.apache.org/maven2/net/minidev/accessors-smart/2.5.1/accessors-smart-2.5.1.pom
2024-05-29 14:21:49,544 [Worker-3: Import Getting Started Content] INFO  o.e.m.c.i.e.AbstractTransferListenerAdapter - Downloading https://repo.maven.apache.org/maven2/jakarta/xml/bind/jakarta.xml.bind-api/4.0.2/jakarta.xml.bind-api-4.0.2.pom
2024-05-29 14:21:49,551 [Worker-3: Import Getting Started Content] INFO  o.e.m.c.i.e.AbstractTransferListenerAdapter - Downloaded https://repo.maven.apache.org/maven2/jakarta/xml/bind/jakarta.xml.bind-api/4.0.2/jakarta.xml.bind-api-4.0.2.pom
2024-05-29 14:21:49,579 [Worker-3: Import Getting Started Content] INFO  o.e.m.c.i.e.AbstractTransferListenerAdapter - Downloading https://repo.maven.apache.org/maven2/jakarta/xml/bind/jakarta.xml.bind-api-parent/4.0.2/jakarta.xml.bind-api-parent-4.0.2.pom
2024-05-29 14:21:49,585 [Worker-3: Import Getting Started Content] INFO  o.e.m.c.i.e.AbstractTransferListenerAdapter - Downloaded https://repo.maven.apache.org/maven2/jakarta/xml/bind/jakarta.xml.bind-api-parent/4.0.2/jakarta.xml.bind-api-parent-4.0.2.pom
2024-05-29 14:21:49,627 [Worker-3: Import Getting Started Content] INFO  o.e.m.c.i.e.AbstractTransferListenerAdapter - Downloading https://repo.maven.apache.org/maven2/jakarta/activation/jakarta.activation-api/2.1.3/jakarta.activation-api-2.1.3.pom
2024-05-29 14:21:49,630 [Worker-3: Import Getting Started Content] INFO  o.e.m.c.i.e.AbstractTransferListenerAdapter - Downloaded https://repo.maven.apache.org/maven2/jakarta/activation/jakarta.activation-api/2.1.3/jakarta.activation-api-2.1.3.pom
2024-05-29 14:21:49,658 [Worker-3: Import Getting Started Content] INFO  o.e.m.c.i.e.AbstractTransferListenerAdapter - Downloading https://repo.maven.apache.org/maven2/org/assertj/assertj-core/3.25.3/assertj-core-3.25.3.pom
2024-05-29 14:21:49,663 [Worker-3: Import Getting Started Content] INFO  o.e.m.c.i.e.AbstractTransferListenerAdapter - Downloaded https://repo.maven.apache.org/maven2/org/assertj/assertj-core/3.25.3/assertj-core-3.25.3.pom
2024-05-29 14:21:49,690 [Worker-3: Import Getting Started Content] INFO  o.e.m.c.i.e.AbstractTransferListenerAdapter - Downloading https://repo.maven.apache.org/maven2/net/bytebuddy/byte-buddy/1.14.16/byte-buddy-1.14.16.pom
2024-05-29 14:21:49,692 [Worker-3: Import Getting Started Content] INFO  o.e.m.c.i.e.AbstractTransferListenerAdapter - Downloaded https://repo.maven.apache.org/maven2/net/bytebuddy/byte-buddy/1.14.16/byte-buddy-1.14.16.pom
2024-05-29 14:21:49,724 [Worker-3: Import Getting Started Content] INFO  o.e.m.c.i.e.AbstractTransferListenerAdapter - Downloading https://repo.maven.apache.org/maven2/net/bytebuddy/byte-buddy-parent/1.14.16/byte-buddy-parent-1.14.16.pom
2024-05-29 14:21:49,734 [Worker-3: Import Getting Started Content] INFO  o.e.m.c.i.e.AbstractTransferListenerAdapter - Downloaded https://repo.maven.apache.org/maven2/net/bytebuddy/byte-buddy-parent/1.14.16/byte-buddy-parent-1.14.16.pom
2024-05-29 14:21:49,762 [Worker-3: Import Getting Started Content] INFO  o.e.m.c.i.e.AbstractTransferListenerAdapter - Downloading https://repo.maven.apache.org/maven2/org/awaitility/awaitility/4.2.1/awaitility-4.2.1.pom
2024-05-29 14:21:49,766 [Worker-3: Import Getting Started Content] INFO  o.e.m.c.i.e.AbstractTransferListenerAdapter - Downloaded https://repo.maven.apache.org/maven2/org/awaitility/awaitility/4.2.1/awaitility-4.2.1.pom
2024-05-29 14:21:49,790 [Worker-3: Import Getting Started Content] INFO  o.e.m.c.i.e.AbstractTransferListenerAdapter - Downloading https://repo.maven.apache.org/maven2/org/awaitility/awaitility-parent/4.2.1/awaitility-parent-4.2.1.pom
2024-05-29 14:21:49,794 [Worker-3: Import Getting Started Content] INFO  o.e.m.c.i.e.AbstractTransferListenerAdapter - Downloaded https://repo.maven.apache.org/maven2/org/awaitility/awaitility-parent/4.2.1/awaitility-parent-4.2.1.pom
2024-05-29 14:21:49,844 [Worker-3: Import Getting Started Content] INFO  o.e.m.c.i.e.AbstractTransferListenerAdapter - Downloading https://repo.maven.apache.org/maven2/org/mockito/mockito-core/5.11.0/mockito-core-5.11.0.pom
2024-05-29 14:21:49,846 [Worker-3: Import Getting Started Content] INFO  o.e.m.c.i.e.AbstractTransferListenerAdapter - Downloaded https://repo.maven.apache.org/maven2/org/mockito/mockito-core/5.11.0/mockito-core-5.11.0.pom
2024-05-29 14:21:49,875 [Worker-3: Import Getting Started Content] INFO  o.e.m.c.i.e.AbstractTransferListenerAdapter - Downloading https://repo.maven.apache.org/maven2/net/bytebuddy/byte-buddy-agent/1.14.16/byte-buddy-agent-1.14.16.pom
2024-05-29 14:21:49,877 [Worker-3: Import Getting Started Content] INFO  o.e.m.c.i.e.AbstractTransferListenerAdapter - Downloaded https://repo.maven.apache.org/maven2/net/bytebuddy/byte-buddy-agent/1.14.16/byte-buddy-agent-1.14.16.pom
2024-05-29 14:21:49,909 [Worker-3: Import Getting Started Content] INFO  o.e.m.c.i.e.AbstractTransferListenerAdapter - Downloading https://repo.maven.apache.org/maven2/org/mockito/mockito-junit-jupiter/5.11.0/mockito-junit-jupiter-5.11.0.pom
2024-05-29 14:21:49,911 [Worker-3: Import Getting Started Content] INFO  o.e.m.c.i.e.AbstractTransferListenerAdapter - Downloaded https://repo.maven.apache.org/maven2/org/mockito/mockito-junit-jupiter/5.11.0/mockito-junit-jupiter-5.11.0.pom
2024-05-29 14:21:50,005 [Worker-3: Import Getting Started Content] INFO  o.e.m.c.i.e.AbstractTransferListenerAdapter - Downloading https://repo.maven.apache.org/maven2/org/springframework/boot/spring-boot-starter-web/3.3.0/spring-boot-starter-web-3.3.0.jar
2024-05-29 14:21:50,007 [Worker-3: Import Getting Started Content] INFO  o.e.m.c.i.e.AbstractTransferListenerAdapter - Downloaded https://repo.maven.apache.org/maven2/org/springframework/boot/spring-boot-starter-web/3.3.0/spring-boot-starter-web-3.3.0.jar
2024-05-29 14:21:50,029 [BasicRepositoryConnector-repo.maven.apache.org-1-1] INFO  o.e.m.c.i.e.AbstractTransferListenerAdapter - Downloading https://repo.maven.apache.org/maven2/org/springframework/boot/spring-boot-starter-logging/3.3.0/spring-boot-starter-logging-3.3.0.jar
2024-05-29 14:21:50,033 [BasicRepositoryConnector-repo.maven.apache.org-1-2] INFO  o.e.m.c.i.e.AbstractTransferListenerAdapter - Downloading https://repo.maven.apache.org/maven2/ch/qos/logback/logback-classic/1.5.6/logback-classic-1.5.6.jar
2024-05-29 14:21:50,034 [BasicRepositoryConnector-repo.maven.apache.org-1-4] INFO  o.e.m.c.i.e.AbstractTransferListenerAdapter - Downloading https://repo.maven.apache.org/maven2/org/apache/logging/log4j/log4j-to-slf4j/2.23.1/log4j-to-slf4j-2.23.1.jar
2024-05-29 14:21:50,034 [BasicRepositoryConnector-repo.maven.apache.org-1-1] INFO  o.e.m.c.i.e.AbstractTransferListenerAdapter - Downloaded https://repo.maven.apache.org/maven2/org/springframework/boot/spring-boot-starter-logging/3.3.0/spring-boot-starter-logging-3.3.0.jar
2024-05-29 14:21:50,034 [BasicRepositoryConnector-repo.maven.apache.org-1-0] INFO  o.e.m.c.i.e.AbstractTransferListenerAdapter - Downloading https://repo.maven.apache.org/maven2/org/springframework/boot/spring-boot-starter/3.3.0/spring-boot-starter-3.3.0.jar
2024-05-29 14:21:50,053 [BasicRepositoryConnector-repo.maven.apache.org-1-3] INFO  o.e.m.c.i.e.AbstractTransferListenerAdapter - Downloading https://repo.maven.apache.org/maven2/ch/qos/logback/logback-core/1.5.6/logback-core-1.5.6.jar
2024-05-29 14:21:50,055 [BasicRepositoryConnector-repo.maven.apache.org-1-0] INFO  o.e.m.c.i.e.AbstractTransferListenerAdapter - Downloaded https://repo.maven.apache.org/maven2/org/springframework/boot/spring-boot-starter/3.3.0/spring-boot-starter-3.3.0.jar
2024-05-29 14:21:50,056 [BasicRepositoryConnector-repo.maven.apache.org-1-4] INFO  o.e.m.c.i.e.AbstractTransferListenerAdapter - Downloaded https://repo.maven.apache.org/maven2/org/apache/logging/log4j/log4j-to-slf4j/2.23.1/log4j-to-slf4j-2.23.1.jar
2024-05-29 14:21:50,071 [BasicRepositoryConnector-repo.maven.apache.org-1-1] INFO  o.e.m.c.i.e.AbstractTransferListenerAdapter - Downloading https://repo.maven.apache.org/maven2/org/apache/logging/log4j/log4j-api/2.23.1/log4j-api-2.23.1.jar
2024-05-29 14:21:50,091 [BasicRepositoryConnector-repo.maven.apache.org-1-4] INFO  o.e.m.c.i.e.AbstractTransferListenerAdapter - Downloading https://repo.maven.apache.org/maven2/org/springframework/boot/spring-boot-starter-json/3.3.0/spring-boot-starter-json-3.3.0.jar
2024-05-29 14:21:50,097 [BasicRepositoryConnector-repo.maven.apache.org-1-0] INFO  o.e.m.c.i.e.AbstractTransferListenerAdapter - Downloading https://repo.maven.apache.org/maven2/org/slf4j/jul-to-slf4j/2.0.13/jul-to-slf4j-2.0.13.jar
2024-05-29 14:21:50,102 [BasicRepositoryConnector-repo.maven.apache.org-1-0] INFO  o.e.m.c.i.e.AbstractTransferListenerAdapter - Downloaded https://repo.maven.apache.org/maven2/org/slf4j/jul-to-slf4j/2.0.13/jul-to-slf4j-2.0.13.jar
2024-05-29 14:21:50,102 [BasicRepositoryConnector-repo.maven.apache.org-1-4] INFO  o.e.m.c.i.e.AbstractTransferListenerAdapter - Downloaded https://repo.maven.apache.org/maven2/org/springframework/boot/spring-boot-starter-json/3.3.0/spring-boot-starter-json-3.3.0.jar
2024-05-29 14:21:50,126 [BasicRepositoryConnector-repo.maven.apache.org-1-4] INFO  o.e.m.c.i.e.AbstractTransferListenerAdapter - Downloading https://repo.maven.apache.org/maven2/com/fasterxml/jackson/core/jackson-annotations/2.17.1/jackson-annotations-2.17.1.jar
2024-05-29 14:21:50,134 [BasicRepositoryConnector-repo.maven.apache.org-1-0] INFO  o.e.m.c.i.e.AbstractTransferListenerAdapter - Downloading https://repo.maven.apache.org/maven2/com/fasterxml/jackson/core/jackson-databind/2.17.1/jackson-databind-2.17.1.jar
2024-05-29 14:21:50,160 [BasicRepositoryConnector-repo.maven.apache.org-1-4] INFO  o.e.m.c.i.e.AbstractTransferListenerAdapter - Downloaded https://repo.maven.apache.org/maven2/com/fasterxml/jackson/core/jackson-annotations/2.17.1/jackson-annotations-2.17.1.jar
2024-05-29 14:21:50,175 [BasicRepositoryConnector-repo.maven.apache.org-1-1] INFO  o.e.m.c.i.e.AbstractTransferListenerAdapter - Downloaded https://repo.maven.apache.org/maven2/org/apache/logging/log4j/log4j-api/2.23.1/log4j-api-2.23.1.jar
2024-05-29 14:21:50,202 [BasicRepositoryConnector-repo.maven.apache.org-1-1] INFO  o.e.m.c.i.e.AbstractTransferListenerAdapter - Downloading https://repo.maven.apache.org/maven2/com/fasterxml/jackson/datatype/jackson-datatype-jdk8/2.17.1/jackson-datatype-jdk8-2.17.1.jar
2024-05-29 14:21:50,202 [BasicRepositoryConnector-repo.maven.apache.org-1-4] INFO  o.e.m.c.i.e.AbstractTransferListenerAdapter - Downloading https://repo.maven.apache.org/maven2/com/fasterxml/jackson/core/jackson-core/2.17.1/jackson-core-2.17.1.jar
2024-05-29 14:21:50,217 [BasicRepositoryConnector-repo.maven.apache.org-1-1] INFO  o.e.m.c.i.e.AbstractTransferListenerAdapter - Downloaded https://repo.maven.apache.org/maven2/com/fasterxml/jackson/datatype/jackson-datatype-jdk8/2.17.1/jackson-datatype-jdk8-2.17.1.jar
2024-05-29 14:21:50,245 [BasicRepositoryConnector-repo.maven.apache.org-1-1] INFO  o.e.m.c.i.e.AbstractTransferListenerAdapter - Downloading https://repo.maven.apache.org/maven2/com/fasterxml/jackson/datatype/jackson-datatype-jsr310/2.17.1/jackson-datatype-jsr310-2.17.1.jar
2024-05-29 14:21:50,272 [BasicRepositoryConnector-repo.maven.apache.org-1-2] INFO  o.e.m.c.i.e.AbstractTransferListenerAdapter - Downloaded https://repo.maven.apache.org/maven2/ch/qos/logback/logback-classic/1.5.6/logback-classic-1.5.6.jar
2024-05-29 14:21:50,282 [BasicRepositoryConnector-repo.maven.apache.org-1-1] INFO  o.e.m.c.i.e.AbstractTransferListenerAdapter - Downloaded https://repo.maven.apache.org/maven2/com/fasterxml/jackson/datatype/jackson-datatype-jsr310/2.17.1/jackson-datatype-jsr310-2.17.1.jar
2024-05-29 14:21:50,309 [BasicRepositoryConnector-repo.maven.apache.org-1-2] INFO  o.e.m.c.i.e.AbstractTransferListenerAdapter - Downloading https://repo.maven.apache.org/maven2/com/fasterxml/jackson/module/jackson-module-parameter-names/2.17.1/jackson-module-parameter-names-2.17.1.jar
2024-05-29 14:21:50,311 [BasicRepositoryConnector-repo.maven.apache.org-1-1] INFO  o.e.m.c.i.e.AbstractTransferListenerAdapter - Downloading https://repo.maven.apache.org/maven2/org/springframework/boot/spring-boot-starter-tomcat/3.3.0/spring-boot-starter-tomcat-3.3.0.jar
2024-05-29 14:21:50,314 [BasicRepositoryConnector-repo.maven.apache.org-1-1] INFO  o.e.m.c.i.e.AbstractTransferListenerAdapter - Downloaded https://repo.maven.apache.org/maven2/org/springframework/boot/spring-boot-starter-tomcat/3.3.0/spring-boot-starter-tomcat-3.3.0.jar
2024-05-29 14:21:50,315 [BasicRepositoryConnector-repo.maven.apache.org-1-2] INFO  o.e.m.c.i.e.AbstractTransferListenerAdapter - Downloaded https://repo.maven.apache.org/maven2/com/fasterxml/jackson/module/jackson-module-parameter-names/2.17.1/jackson-module-parameter-names-2.17.1.jar
2024-05-29 14:21:50,342 [BasicRepositoryConnector-repo.maven.apache.org-1-4] INFO  o.e.m.c.i.e.AbstractTransferListenerAdapter - Downloaded https://repo.maven.apache.org/maven2/com/fasterxml/jackson/core/jackson-core/2.17.1/jackson-core-2.17.1.jar
2024-05-29 14:21:50,358 [BasicRepositoryConnector-repo.maven.apache.org-1-2] INFO  o.e.m.c.i.e.AbstractTransferListenerAdapter - Downloading https://repo.maven.apache.org/maven2/org/apache/tomcat/embed/tomcat-embed-el/10.1.24/tomcat-embed-el-10.1.24.jar
2024-05-29 14:21:50,362 [BasicRepositoryConnector-repo.maven.apache.org-1-1] INFO  o.e.m.c.i.e.AbstractTransferListenerAdapter - Downloading https://repo.maven.apache.org/maven2/org/apache/tomcat/embed/tomcat-embed-core/10.1.24/tomcat-embed-core-10.1.24.jar
2024-05-29 14:21:50,372 [BasicRepositoryConnector-repo.maven.apache.org-1-4] INFO  o.e.m.c.i.e.AbstractTransferListenerAdapter - Downloading https://repo.maven.apache.org/maven2/org/apache/tomcat/embed/tomcat-embed-websocket/10.1.24/tomcat-embed-websocket-10.1.24.jar
2024-05-29 14:21:50,424 [BasicRepositoryConnector-repo.maven.apache.org-1-3] INFO  o.e.m.c.i.e.AbstractTransferListenerAdapter - Downloaded https://repo.maven.apache.org/maven2/ch/qos/logback/logback-core/1.5.6/logback-core-1.5.6.jar
2024-05-29 14:21:50,446 [BasicRepositoryConnector-repo.maven.apache.org-1-4] INFO  o.e.m.c.i.e.AbstractTransferListenerAdapter - Downloaded https://repo.maven.apache.org/maven2/org/apache/tomcat/embed/tomcat-embed-websocket/10.1.24/tomcat-embed-websocket-10.1.24.jar
2024-05-29 14:21:50,453 [BasicRepositoryConnector-repo.maven.apache.org-1-2] INFO  o.e.m.c.i.e.AbstractTransferListenerAdapter - Downloaded https://repo.maven.apache.org/maven2/org/apache/tomcat/embed/tomcat-embed-el/10.1.24/tomcat-embed-el-10.1.24.jar
2024-05-29 14:21:50,453 [BasicRepositoryConnector-repo.maven.apache.org-1-3] INFO  o.e.m.c.i.e.AbstractTransferListenerAdapter - Downloading https://repo.maven.apache.org/maven2/org/springframework/spring-web/6.1.8/spring-web-6.1.8.jar
2024-05-29 14:21:50,486 [BasicRepositoryConnector-repo.maven.apache.org-1-4] INFO  o.e.m.c.i.e.AbstractTransferListenerAdapter - Downloading https://repo.maven.apache.org/maven2/org/springframework/spring-beans/6.1.8/spring-beans-6.1.8.jar
2024-05-29 14:21:50,491 [BasicRepositoryConnector-repo.maven.apache.org-1-2] INFO  o.e.m.c.i.e.AbstractTransferListenerAdapter - Downloading https://repo.maven.apache.org/maven2/io/micrometer/micrometer-observation/1.13.0/micrometer-observation-1.13.0.jar
2024-05-29 14:21:50,521 [BasicRepositoryConnector-repo.maven.apache.org-1-2] INFO  o.e.m.c.i.e.AbstractTransferListenerAdapter - Downloaded https://repo.maven.apache.org/maven2/io/micrometer/micrometer-observation/1.13.0/micrometer-observation-1.13.0.jar
2024-05-29 14:21:50,582 [BasicRepositoryConnector-repo.maven.apache.org-1-2] INFO  o.e.m.c.i.e.AbstractTransferListenerAdapter - Downloading https://repo.maven.apache.org/maven2/io/micrometer/micrometer-commons/1.13.0/micrometer-commons-1.13.0.jar
2024-05-29 14:21:50,597 [BasicRepositoryConnector-repo.maven.apache.org-1-2] INFO  o.e.m.c.i.e.AbstractTransferListenerAdapter - Downloaded https://repo.maven.apache.org/maven2/io/micrometer/micrometer-commons/1.13.0/micrometer-commons-1.13.0.jar
2024-05-29 14:21:50,630 [BasicRepositoryConnector-repo.maven.apache.org-1-2] INFO  o.e.m.c.i.e.AbstractTransferListenerAdapter - Downloading https://repo.maven.apache.org/maven2/org/springframework/spring-webmvc/6.1.8/spring-webmvc-6.1.8.jar
2024-05-29 14:21:50,727 [BasicRepositoryConnector-repo.maven.apache.org-1-4] INFO  o.e.m.c.i.e.AbstractTransferListenerAdapter - Downloaded https://repo.maven.apache.org/maven2/org/springframework/spring-beans/6.1.8/spring-beans-6.1.8.jar
2024-05-29 14:21:50,766 [BasicRepositoryConnector-repo.maven.apache.org-1-4] INFO  o.e.m.c.i.e.AbstractTransferListenerAdapter - Downloading https://repo.maven.apache.org/maven2/org/springframework/spring-aop/6.1.8/spring-aop-6.1.8.jar
2024-05-29 14:21:50,878 [BasicRepositoryConnector-repo.maven.apache.org-1-4] INFO  o.e.m.c.i.e.AbstractTransferListenerAdapter - Downloaded https://repo.maven.apache.org/maven2/org/springframework/spring-aop/6.1.8/spring-aop-6.1.8.jar
2024-05-29 14:21:50,934 [BasicRepositoryConnector-repo.maven.apache.org-1-4] INFO  o.e.m.c.i.e.AbstractTransferListenerAdapter - Downloading https://repo.maven.apache.org/maven2/org/springframework/spring-context/6.1.8/spring-context-6.1.8.jar
2024-05-29 14:21:51,038 [BasicRepositoryConnector-repo.maven.apache.org-1-2] INFO  o.e.m.c.i.e.AbstractTransferListenerAdapter - Downloaded https://repo.maven.apache.org/maven2/org/springframework/spring-webmvc/6.1.8/spring-webmvc-6.1.8.jar
2024-05-29 14:21:51,093 [BasicRepositoryConnector-repo.maven.apache.org-1-2] INFO  o.e.m.c.i.e.AbstractTransferListenerAdapter - Downloading https://repo.maven.apache.org/maven2/org/springframework/spring-expression/6.1.8/spring-expression-6.1.8.jar
2024-05-29 14:21:51,145 [BasicRepositoryConnector-repo.maven.apache.org-1-0] INFO  o.e.m.c.i.e.AbstractTransferListenerAdapter - Downloaded https://repo.maven.apache.org/maven2/com/fasterxml/jackson/core/jackson-databind/2.17.1/jackson-databind-2.17.1.jar
2024-05-29 14:21:51,210 [BasicRepositoryConnector-repo.maven.apache.org-1-2] INFO  o.e.m.c.i.e.AbstractTransferListenerAdapter - Downloaded https://repo.maven.apache.org/maven2/org/springframework/spring-expression/6.1.8/spring-expression-6.1.8.jar
2024-05-29 14:21:51,212 [BasicRepositoryConnector-repo.maven.apache.org-1-0] INFO  o.e.m.c.i.e.AbstractTransferListenerAdapter - Downloading https://repo.maven.apache.org/maven2/org/springframework/boot/spring-boot-devtools/3.3.0/spring-boot-devtools-3.3.0.jar
2024-05-29 14:21:51,258 [BasicRepositoryConnector-repo.maven.apache.org-1-4] INFO  o.e.m.c.i.e.AbstractTransferListenerAdapter - Downloaded https://repo.maven.apache.org/maven2/org/springframework/spring-context/6.1.8/spring-context-6.1.8.jar
2024-05-29 14:21:51,262 [BasicRepositoryConnector-repo.maven.apache.org-1-2] INFO  o.e.m.c.i.e.AbstractTransferListenerAdapter - Downloading https://repo.maven.apache.org/maven2/org/springframework/boot/spring-boot/3.3.0/spring-boot-3.3.0.jar
2024-05-29 14:21:51,301 [BasicRepositoryConnector-repo.maven.apache.org-1-0] INFO  o.e.m.c.i.e.AbstractTransferListenerAdapter - Downloaded https://repo.maven.apache.org/maven2/org/springframework/boot/spring-boot-devtools/3.3.0/spring-boot-devtools-3.3.0.jar
2024-05-29 14:21:51,310 [BasicRepositoryConnector-repo.maven.apache.org-1-4] INFO  o.e.m.c.i.e.AbstractTransferListenerAdapter - Downloading https://repo.maven.apache.org/maven2/org/springframework/boot/spring-boot-autoconfigure/3.3.0/spring-boot-autoconfigure-3.3.0.jar
2024-05-29 14:21:51,383 [BasicRepositoryConnector-repo.maven.apache.org-1-0] INFO  o.e.m.c.i.e.AbstractTransferListenerAdapter - Downloading https://repo.maven.apache.org/maven2/org/projectlombok/lombok/1.18.32/lombok-1.18.32.jar
2024-05-29 14:21:51,385 [BasicRepositoryConnector-repo.maven.apache.org-1-3] INFO  o.e.m.c.i.e.AbstractTransferListenerAdapter - Downloaded https://repo.maven.apache.org/maven2/org/springframework/spring-web/6.1.8/spring-web-6.1.8.jar
2024-05-29 14:21:51,429 [BasicRepositoryConnector-repo.maven.apache.org-1-3] INFO  o.e.m.c.i.e.AbstractTransferListenerAdapter - Downloading https://repo.maven.apache.org/maven2/org/springframework/boot/spring-boot-starter-test/3.3.0/spring-boot-starter-test-3.3.0.jar
2024-05-29 14:21:51,432 [BasicRepositoryConnector-repo.maven.apache.org-1-3] INFO  o.e.m.c.i.e.AbstractTransferListenerAdapter - Downloaded https://repo.maven.apache.org/maven2/org/springframework/boot/spring-boot-starter-test/3.3.0/spring-boot-starter-test-3.3.0.jar
2024-05-29 14:21:51,488 [BasicRepositoryConnector-repo.maven.apache.org-1-3] INFO  o.e.m.c.i.e.AbstractTransferListenerAdapter - Downloading https://repo.maven.apache.org/maven2/org/springframework/boot/spring-boot-test/3.3.0/spring-boot-test-3.3.0.jar
2024-05-29 14:21:51,663 [BasicRepositoryConnector-repo.maven.apache.org-1-3] INFO  o.e.m.c.i.e.AbstractTransferListenerAdapter - Downloaded https://repo.maven.apache.org/maven2/org/springframework/boot/spring-boot-test/3.3.0/spring-boot-test-3.3.0.jar
2024-05-29 14:21:51,749 [BasicRepositoryConnector-repo.maven.apache.org-1-3] INFO  o.e.m.c.i.e.AbstractTransferListenerAdapter - Downloading https://repo.maven.apache.org/maven2/org/springframework/boot/spring-boot-test-autoconfigure/3.3.0/spring-boot-test-autoconfigure-3.3.0.jar
2024-05-29 14:21:51,815 [BasicRepositoryConnector-repo.maven.apache.org-1-4] INFO  o.e.m.c.i.e.AbstractTransferListenerAdapter - Downloaded https://repo.maven.apache.org/maven2/org/springframework/boot/spring-boot-autoconfigure/3.3.0/spring-boot-autoconfigure-3.3.0.jar
2024-05-29 14:21:51,849 [BasicRepositoryConnector-repo.maven.apache.org-1-2] INFO  o.e.m.c.i.e.AbstractTransferListenerAdapter - Downloaded https://repo.maven.apache.org/maven2/org/springframework/boot/spring-boot/3.3.0/spring-boot-3.3.0.jar
2024-05-29 14:21:51,852 [BasicRepositoryConnector-repo.maven.apache.org-1-3] INFO  o.e.m.c.i.e.AbstractTransferListenerAdapter - Downloaded https://repo.maven.apache.org/maven2/org/springframework/boot/spring-boot-test-autoconfigure/3.3.0/spring-boot-test-autoconfigure-3.3.0.jar
2024-05-29 14:21:51,858 [BasicRepositoryConnector-repo.maven.apache.org-1-4] INFO  o.e.m.c.i.e.AbstractTransferListenerAdapter - Downloading https://repo.maven.apache.org/maven2/org/slf4j/slf4j-api/2.0.13/slf4j-api-2.0.13.jar
2024-05-29 14:21:51,873 [BasicRepositoryConnector-repo.maven.apache.org-1-4] INFO  o.e.m.c.i.e.AbstractTransferListenerAdapter - Downloaded https://repo.maven.apache.org/maven2/org/slf4j/slf4j-api/2.0.13/slf4j-api-2.0.13.jar
2024-05-29 14:21:51,882 [BasicRepositoryConnector-repo.maven.apache.org-1-2] INFO  o.e.m.c.i.e.AbstractTransferListenerAdapter - Downloading https://repo.maven.apache.org/maven2/jakarta/xml/bind/jakarta.xml.bind-api/4.0.2/jakarta.xml.bind-api-4.0.2.jar
2024-05-29 14:21:51,893 [BasicRepositoryConnector-repo.maven.apache.org-1-3] INFO  o.e.m.c.i.e.AbstractTransferListenerAdapter - Downloading https://repo.maven.apache.org/maven2/jakarta/activation/jakarta.activation-api/2.1.3/jakarta.activation-api-2.1.3.jar
2024-05-29 14:21:51,910 [BasicRepositoryConnector-repo.maven.apache.org-1-4] INFO  o.e.m.c.i.e.AbstractTransferListenerAdapter - Downloading https://repo.maven.apache.org/maven2/net/minidev/json-smart/2.5.1/json-smart-2.5.1.jar
2024-05-29 14:21:51,910 [BasicRepositoryConnector-repo.maven.apache.org-1-3] INFO  o.e.m.c.i.e.AbstractTransferListenerAdapter - Downloaded https://repo.maven.apache.org/maven2/jakarta/activation/jakarta.activation-api/2.1.3/jakarta.activation-api-2.1.3.jar
2024-05-29 14:21:51,942 [BasicRepositoryConnector-repo.maven.apache.org-1-4] INFO  o.e.m.c.i.e.AbstractTransferListenerAdapter - Downloaded https://repo.maven.apache.org/maven2/net/minidev/json-smart/2.5.1/json-smart-2.5.1.jar
2024-05-29 14:21:51,944 [BasicRepositoryConnector-repo.maven.apache.org-1-2] INFO  o.e.m.c.i.e.AbstractTransferListenerAdapter - Downloaded https://repo.maven.apache.org/maven2/jakarta/xml/bind/jakarta.xml.bind-api/4.0.2/jakarta.xml.bind-api-4.0.2.jar
2024-05-29 14:21:51,948 [BasicRepositoryConnector-repo.maven.apache.org-1-3] INFO  o.e.m.c.i.e.AbstractTransferListenerAdapter - Downloading https://repo.maven.apache.org/maven2/net/minidev/accessors-smart/2.5.1/accessors-smart-2.5.1.jar
2024-05-29 14:21:51,956 [BasicRepositoryConnector-repo.maven.apache.org-1-3] INFO  o.e.m.c.i.e.AbstractTransferListenerAdapter - Downloaded https://repo.maven.apache.org/maven2/net/minidev/accessors-smart/2.5.1/accessors-smart-2.5.1.jar
2024-05-29 14:21:51,988 [BasicRepositoryConnector-repo.maven.apache.org-1-4] INFO  o.e.m.c.i.e.AbstractTransferListenerAdapter - Downloading https://repo.maven.apache.org/maven2/org/assertj/assertj-core/3.25.3/assertj-core-3.25.3.jar
2024-05-29 14:21:51,988 [BasicRepositoryConnector-repo.maven.apache.org-1-2] INFO  o.e.m.c.i.e.AbstractTransferListenerAdapter - Downloading https://repo.maven.apache.org/maven2/net/bytebuddy/byte-buddy/1.14.16/byte-buddy-1.14.16.jar
2024-05-29 14:21:51,990 [BasicRepositoryConnector-repo.maven.apache.org-1-3] INFO  o.e.m.c.i.e.AbstractTransferListenerAdapter - Downloading https://repo.maven.apache.org/maven2/org/awaitility/awaitility/4.2.1/awaitility-4.2.1.jar
2024-05-29 14:21:52,035 [BasicRepositoryConnector-repo.maven.apache.org-1-3] INFO  o.e.m.c.i.e.AbstractTransferListenerAdapter - Downloaded https://repo.maven.apache.org/maven2/org/awaitility/awaitility/4.2.1/awaitility-4.2.1.jar
2024-05-29 14:21:52,119 [BasicRepositoryConnector-repo.maven.apache.org-1-3] INFO  o.e.m.c.i.e.AbstractTransferListenerAdapter - Downloading https://repo.maven.apache.org/maven2/org/mockito/mockito-core/5.11.0/mockito-core-5.11.0.jar
2024-05-29 14:21:52,384 [BasicRepositoryConnector-repo.maven.apache.org-1-1] INFO  o.e.m.c.i.e.AbstractTransferListenerAdapter - Downloaded https://repo.maven.apache.org/maven2/org/apache/tomcat/embed/tomcat-embed-core/10.1.24/tomcat-embed-core-10.1.24.jar
2024-05-29 14:21:52,423 [BasicRepositoryConnector-repo.maven.apache.org-1-0] INFO  o.e.m.c.i.e.AbstractTransferListenerAdapter - Downloaded https://repo.maven.apache.org/maven2/org/projectlombok/lombok/1.18.32/lombok-1.18.32.jar
2024-05-29 14:21:52,463 [BasicRepositoryConnector-repo.maven.apache.org-1-3] INFO  o.e.m.c.i.e.AbstractTransferListenerAdapter - Downloaded https://repo.maven.apache.org/maven2/org/mockito/mockito-core/5.11.0/mockito-core-5.11.0.jar
2024-05-29 14:21:52,474 [BasicRepositoryConnector-repo.maven.apache.org-1-1] INFO  o.e.m.c.i.e.AbstractTransferListenerAdapter - Downloading https://repo.maven.apache.org/maven2/net/bytebuddy/byte-buddy-agent/1.14.16/byte-buddy-agent-1.14.16.jar
2024-05-29 14:21:52,496 [BasicRepositoryConnector-repo.maven.apache.org-1-0] INFO  o.e.m.c.i.e.AbstractTransferListenerAdapter - Downloading https://repo.maven.apache.org/maven2/org/mockito/mockito-junit-jupiter/5.11.0/mockito-junit-jupiter-5.11.0.jar
2024-05-29 14:21:52,500 [BasicRepositoryConnector-repo.maven.apache.org-1-0] INFO  o.e.m.c.i.e.AbstractTransferListenerAdapter - Downloaded https://repo.maven.apache.org/maven2/org/mockito/mockito-junit-jupiter/5.11.0/mockito-junit-jupiter-5.11.0.jar
2024-05-29 14:21:52,527 [BasicRepositoryConnector-repo.maven.apache.org-1-3] INFO  o.e.m.c.i.e.AbstractTransferListenerAdapter - Downloading https://repo.maven.apache.org/maven2/org/springframework/spring-core/6.1.8/spring-core-6.1.8.jar
2024-05-29 14:21:52,547 [BasicRepositoryConnector-repo.maven.apache.org-1-1] INFO  o.e.m.c.i.e.AbstractTransferListenerAdapter - Downloaded https://repo.maven.apache.org/maven2/net/bytebuddy/byte-buddy-agent/1.14.16/byte-buddy-agent-1.14.16.jar
2024-05-29 14:21:52,556 [BasicRepositoryConnector-repo.maven.apache.org-1-0] INFO  o.e.m.c.i.e.AbstractTransferListenerAdapter - Downloading https://repo.maven.apache.org/maven2/org/springframework/spring-jcl/6.1.8/spring-jcl-6.1.8.jar
2024-05-29 14:21:52,567 [BasicRepositoryConnector-repo.maven.apache.org-1-0] INFO  o.e.m.c.i.e.AbstractTransferListenerAdapter - Downloaded https://repo.maven.apache.org/maven2/org/springframework/spring-jcl/6.1.8/spring-jcl-6.1.8.jar
2024-05-29 14:21:52,579 [BasicRepositoryConnector-repo.maven.apache.org-1-1] INFO  o.e.m.c.i.e.AbstractTransferListenerAdapter - Downloading https://repo.maven.apache.org/maven2/org/springframework/spring-test/6.1.8/spring-test-6.1.8.jar
2024-05-29 14:21:52,836 [BasicRepositoryConnector-repo.maven.apache.org-1-4] INFO  o.e.m.c.i.e.AbstractTransferListenerAdapter - Downloaded https://repo.maven.apache.org/maven2/org/assertj/assertj-core/3.25.3/assertj-core-3.25.3.jar
2024-05-29 14:21:53,034 [BasicRepositoryConnector-repo.maven.apache.org-1-1] INFO  o.e.m.c.i.e.AbstractTransferListenerAdapter - Downloaded https://repo.maven.apache.org/maven2/org/springframework/spring-test/6.1.8/spring-test-6.1.8.jar
2024-05-29 14:21:53,074 [BasicRepositoryConnector-repo.maven.apache.org-1-2] INFO  o.e.m.c.i.e.AbstractTransferListenerAdapter - Downloaded https://repo.maven.apache.org/maven2/net/bytebuddy/byte-buddy/1.14.16/byte-buddy-1.14.16.jar
2024-05-29 14:21:53,126 [BasicRepositoryConnector-repo.maven.apache.org-1-3] INFO  o.e.m.c.i.e.AbstractTransferListenerAdapter - Downloaded https://repo.maven.apache.org/maven2/org/springframework/spring-core/6.1.8/spring-core-6.1.8.jar
2024-05-29 14:21:53,536 [Worker-3: Import Getting Started Content] INFO  o.e.m.c.i.l.LifecycleMappingFactory - Using org.eclipse.m2e.jdt.JarLifecycleMapping lifecycle mapping for MavenProject: in.aarav.rubral:SpringBoot2RestH2DBCURDEx:1.0 @ /Users/aaravrubral/Documents/workspace/SpringBoot2RestH2DBCURDEx/pom.xml.
2024-05-29 14:21:54,029 [Worker-3: Import Getting Started Content] INFO  o.e.m.c.i.l.LifecycleMappingFactory - Using org.eclipse.m2e.jdt.JarLifecycleMapping lifecycle mapping for MavenProject: in.aarav.rubral:SpringBoot2RestMediaTypeEx:1.0 @ /Users/aaravrubral/Documents/workspace/SpringBoot2RestMediaTypeEx/pom.xml.
2024-05-29 14:21:54,112 [Worker-3: Import Getting Started Content] INFO  o.e.m.c.i.l.LifecycleMappingFactory - Using org.eclipse.m2e.jdt.JarLifecycleMapping lifecycle mapping for MavenProject: in.aarav.rubral:AuthorRstController:1.0 @ /Users/aaravrubral/Documents/workspace/AuthorRstController/pom.xml.
2024-05-29 14:21:54,378 [Worker-3: Import Getting Started Content] INFO  o.e.m.c.i.e.AbstractTransferListenerAdapter - Downloading https://repo.maven.apache.org/maven2/org/apache/maven/plugins/maven-surefire-plugin/3.2.5/maven-surefire-plugin-3.2.5.pom
2024-05-29 14:21:54,394 [Worker-3: Import Getting Started Content] INFO  o.e.m.c.i.e.AbstractTransferListenerAdapter - Downloaded https://repo.maven.apache.org/maven2/org/apache/maven/plugins/maven-surefire-plugin/3.2.5/maven-surefire-plugin-3.2.5.pom
2024-05-29 14:21:54,426 [Worker-3: Import Getting Started Content] INFO  o.e.m.c.i.e.AbstractTransferListenerAdapter - Downloading https://repo.maven.apache.org/maven2/org/apache/maven/surefire/surefire/3.2.5/surefire-3.2.5.pom
2024-05-29 14:21:54,438 [Worker-3: Import Getting Started Content] INFO  o.e.m.c.i.e.AbstractTransferListenerAdapter - Downloaded https://repo.maven.apache.org/maven2/org/apache/maven/surefire/surefire/3.2.5/surefire-3.2.5.pom
2024-05-29 14:21:54,505 [Worker-3: Import Getting Started Content] INFO  o.e.m.c.i.e.AbstractTransferListenerAdapter - Downloading https://repo.maven.apache.org/maven2/org/apache/maven/plugins/maven-jar-plugin/3.4.1/maven-jar-plugin-3.4.1.pom
2024-05-29 14:21:54,507 [Worker-3: Import Getting Started Content] INFO  o.e.m.c.i.e.AbstractTransferListenerAdapter - Downloaded https://repo.maven.apache.org/maven2/org/apache/maven/plugins/maven-jar-plugin/3.4.1/maven-jar-plugin-3.4.1.pom
2024-05-29 14:21:54,541 [Worker-3: Import Getting Started Content] INFO  o.e.m.c.i.e.AbstractTransferListenerAdapter - Downloading https://repo.maven.apache.org/maven2/org/apache/maven/plugins/maven-plugins/42/maven-plugins-42.pom
2024-05-29 14:21:54,544 [Worker-3: Import Getting Started Content] INFO  o.e.m.c.i.e.AbstractTransferListenerAdapter - Downloaded https://repo.maven.apache.org/maven2/org/apache/maven/plugins/maven-plugins/42/maven-plugins-42.pom
2024-05-29 14:21:54,581 [Worker-3: Import Getting Started Content] INFO  o.e.m.c.i.e.AbstractTransferListenerAdapter - Downloading https://repo.maven.apache.org/maven2/org/apache/maven/maven-parent/42/maven-parent-42.pom
2024-05-29 14:21:54,596 [Worker-3: Import Getting Started Content] INFO  o.e.m.c.i.e.AbstractTransferListenerAdapter - Downloaded https://repo.maven.apache.org/maven2/org/apache/maven/maven-parent/42/maven-parent-42.pom
2024-05-29 14:21:54,629 [Worker-3: Import Getting Started Content] INFO  o.e.m.c.i.e.AbstractTransferListenerAdapter - Downloading https://repo.maven.apache.org/maven2/org/apache/apache/32/apache-32.pom
2024-05-29 14:21:54,632 [Worker-3: Import Getting Started Content] INFO  o.e.m.c.i.e.AbstractTransferListenerAdapter - Downloaded https://repo.maven.apache.org/maven2/org/apache/apache/32/apache-32.pom
2024-05-29 14:21:54,704 [Worker-3: Import Getting Started Content] INFO  o.e.m.c.i.e.AbstractTransferListenerAdapter - Downloading https://repo.maven.apache.org/maven2/org/codehaus/plexus/plexus-utils/4.0.1/plexus-utils-4.0.1.pom
2024-05-29 14:21:54,707 [Worker-3: Import Getting Started Content] INFO  o.e.m.c.i.e.AbstractTransferListenerAdapter - Downloaded https://repo.maven.apache.org/maven2/org/codehaus/plexus/plexus-utils/4.0.1/plexus-utils-4.0.1.pom
2024-05-29 14:21:54,745 [Worker-3: Import Getting Started Content] INFO  o.e.m.c.i.e.AbstractTransferListenerAdapter - Downloading https://repo.maven.apache.org/maven2/commons-io/commons-io/2.16.1/commons-io-2.16.1.pom
2024-05-29 14:21:54,768 [Worker-3: Import Getting Started Content] INFO  o.e.m.c.i.e.AbstractTransferListenerAdapter - Downloaded https://repo.maven.apache.org/maven2/commons-io/commons-io/2.16.1/commons-io-2.16.1.pom
2024-05-29 14:21:54,808 [Worker-3: Import Getting Started Content] INFO  o.e.m.c.i.e.AbstractTransferListenerAdapter - Downloading https://repo.maven.apache.org/maven2/org/apache/commons/commons-parent/69/commons-parent-69.pom
2024-05-29 14:21:54,824 [Worker-3: Import Getting Started Content] INFO  o.e.m.c.i.e.AbstractTransferListenerAdapter - Downloaded https://repo.maven.apache.org/maven2/org/apache/commons/commons-parent/69/commons-parent-69.pom
2024-05-29 14:21:54,865 [Worker-3: Import Getting Started Content] INFO  o.e.m.c.i.e.AbstractTransferListenerAdapter - Downloading https://repo.maven.apache.org/maven2/org/apache/maven/maven-archiver/3.6.2/maven-archiver-3.6.2.pom
2024-05-29 14:21:54,867 [Worker-3: Import Getting Started Content] INFO  o.e.m.c.i.e.AbstractTransferListenerAdapter - Downloaded https://repo.maven.apache.org/maven2/org/apache/maven/maven-archiver/3.6.2/maven-archiver-3.6.2.pom
2024-05-29 14:21:54,904 [Worker-3: Import Getting Started Content] INFO  o.e.m.c.i.e.AbstractTransferListenerAdapter - Downloading https://repo.maven.apache.org/maven2/org/apache/maven/shared/maven-shared-components/41/maven-shared-components-41.pom
2024-05-29 14:21:54,907 [Worker-3: Import Getting Started Content] INFO  o.e.m.c.i.e.AbstractTransferListenerAdapter - Downloaded https://repo.maven.apache.org/maven2/org/apache/maven/shared/maven-shared-components/41/maven-shared-components-41.pom
2024-05-29 14:21:54,941 [Worker-3: Import Getting Started Content] INFO  o.e.m.c.i.e.AbstractTransferListenerAdapter - Downloading https://repo.maven.apache.org/maven2/org/codehaus/plexus/plexus-archiver/4.9.2/plexus-archiver-4.9.2.pom
2024-05-29 14:21:54,943 [Worker-3: Import Getting Started Content] INFO  o.e.m.c.i.e.AbstractTransferListenerAdapter - Downloaded https://repo.maven.apache.org/maven2/org/codehaus/plexus/plexus-archiver/4.9.2/plexus-archiver-4.9.2.pom
2024-05-29 14:21:54,985 [Worker-3: Import Getting Started Content] INFO  o.e.m.c.i.e.AbstractTransferListenerAdapter - Downloading https://repo.maven.apache.org/maven2/org/codehaus/plexus/plexus-io/3.4.2/plexus-io-3.4.2.pom
2024-05-29 14:21:54,988 [Worker-3: Import Getting Started Content] INFO  o.e.m.c.i.e.AbstractTransferListenerAdapter - Downloaded https://repo.maven.apache.org/maven2/org/codehaus/plexus/plexus-io/3.4.2/plexus-io-3.4.2.pom
2024-05-29 14:21:55,027 [Worker-3: Import Getting Started Content] INFO  o.e.m.c.i.e.AbstractTransferListenerAdapter - Downloading https://repo.maven.apache.org/maven2/org/codehaus/plexus/plexus/16/plexus-16.pom
2024-05-29 14:21:55,030 [Worker-3: Import Getting Started Content] INFO  o.e.m.c.i.e.AbstractTransferListenerAdapter - Downloaded https://repo.maven.apache.org/maven2/org/codehaus/plexus/plexus/16/plexus-16.pom
2024-05-29 14:21:55,074 [Worker-3: Import Getting Started Content] INFO  o.e.m.c.i.e.AbstractTransferListenerAdapter - Downloading https://repo.maven.apache.org/maven2/org/apache/commons/commons-compress/1.26.1/commons-compress-1.26.1.pom
2024-05-29 14:21:55,079 [Worker-3: Import Getting Started Content] INFO  o.e.m.c.i.e.AbstractTransferListenerAdapter - Downloaded https://repo.maven.apache.org/maven2/org/apache/commons/commons-compress/1.26.1/commons-compress-1.26.1.pom
2024-05-29 14:21:55,114 [Worker-3: Import Getting Started Content] INFO  o.e.m.c.i.e.AbstractTransferListenerAdapter - Downloading https://repo.maven.apache.org/maven2/org/apache/commons/commons-parent/66/commons-parent-66.pom
2024-05-29 14:21:55,131 [Worker-3: Import Getting Started Content] INFO  o.e.m.c.i.e.AbstractTransferListenerAdapter - Downloaded https://repo.maven.apache.org/maven2/org/apache/commons/commons-parent/66/commons-parent-66.pom
2024-05-29 14:21:55,177 [Worker-3: Import Getting Started Content] INFO  o.e.m.c.i.e.AbstractTransferListenerAdapter - Downloading https://repo.maven.apache.org/maven2/commons-codec/commons-codec/1.16.1/commons-codec-1.16.1.pom
2024-05-29 14:21:55,179 [Worker-3: Import Getting Started Content] INFO  o.e.m.c.i.e.AbstractTransferListenerAdapter - Downloaded https://repo.maven.apache.org/maven2/commons-codec/commons-codec/1.16.1/commons-codec-1.16.1.pom
2024-05-29 14:21:55,209 [Worker-3: Import Getting Started Content] INFO  o.e.m.c.i.e.AbstractTransferListenerAdapter - Downloading https://repo.maven.apache.org/maven2/org/apache/commons/commons-lang3/3.14.0/commons-lang3-3.14.0.pom
2024-05-29 14:21:55,218 [Worker-3: Import Getting Started Content] INFO  o.e.m.c.i.e.AbstractTransferListenerAdapter - Downloaded https://repo.maven.apache.org/maven2/org/apache/commons/commons-lang3/3.14.0/commons-lang3-3.14.0.pom
2024-05-29 14:21:55,254 [Worker-3: Import Getting Started Content] INFO  o.e.m.c.i.e.AbstractTransferListenerAdapter - Downloading https://repo.maven.apache.org/maven2/org/apache/commons/commons-parent/64/commons-parent-64.pom
2024-05-29 14:21:55,263 [Worker-3: Import Getting Started Content] INFO  o.e.m.c.i.e.AbstractTransferListenerAdapter - Downloaded https://repo.maven.apache.org/maven2/org/apache/commons/commons-parent/64/commons-parent-64.pom
2024-05-29 14:21:55,302 [Worker-3: Import Getting Started Content] INFO  o.e.m.c.i.e.AbstractTransferListenerAdapter - Downloading https://repo.maven.apache.org/maven2/com/github/luben/zstd-jni/1.5.5-11/zstd-jni-1.5.5-11.pom
2024-05-29 14:21:55,303 [Worker-3: Import Getting Started Content] INFO  o.e.m.c.i.e.AbstractTransferListenerAdapter - Downloaded https://repo.maven.apache.org/maven2/com/github/luben/zstd-jni/1.5.5-11/zstd-jni-1.5.5-11.pom
2024-05-29 14:21:55,330 [Worker-3: Import Getting Started Content] INFO  o.e.m.c.i.e.AbstractTransferListenerAdapter - Downloading https://repo.maven.apache.org/maven2/org/codehaus/plexus/plexus-interpolation/1.27/plexus-interpolation-1.27.pom
2024-05-29 14:21:55,340 [Worker-3: Import Getting Started Content] INFO  o.e.m.c.i.e.AbstractTransferListenerAdapter - Downloaded https://repo.maven.apache.org/maven2/org/codehaus/plexus/plexus-interpolation/1.27/plexus-interpolation-1.27.pom
2024-05-29 14:21:55,390 [Worker-3: Import Getting Started Content] INFO  o.e.m.c.i.e.AbstractTransferListenerAdapter - Downloading https://repo.maven.apache.org/maven2/commons-io/commons-io/2.16.1/commons-io-2.16.1.jar
2024-05-29 14:21:55,455 [Worker-3: Import Getting Started Content] INFO  o.e.m.c.i.e.AbstractTransferListenerAdapter - Downloaded https://repo.maven.apache.org/maven2/commons-io/commons-io/2.16.1/commons-io-2.16.1.jar
2024-05-29 14:21:55,496 [BasicRepositoryConnector-repo.maven.apache.org-2-1] INFO  o.e.m.c.i.e.AbstractTransferListenerAdapter - Downloading https://repo.maven.apache.org/maven2/org/codehaus/plexus/plexus-interpolation/1.27/plexus-interpolation-1.27.jar
2024-05-29 14:21:55,500 [BasicRepositoryConnector-repo.maven.apache.org-2-0] INFO  o.e.m.c.i.e.AbstractTransferListenerAdapter - Downloading https://repo.maven.apache.org/maven2/org/apache/maven/maven-archiver/3.6.2/maven-archiver-3.6.2.jar
2024-05-29 14:21:55,503 [BasicRepositoryConnector-repo.maven.apache.org-2-3] INFO  o.e.m.c.i.e.AbstractTransferListenerAdapter - Downloading https://repo.maven.apache.org/maven2/org/codehaus/plexus/plexus-archiver/4.9.2/plexus-archiver-4.9.2.jar
2024-05-29 14:21:55,504 [BasicRepositoryConnector-repo.maven.apache.org-2-1] INFO  o.e.m.c.i.e.AbstractTransferListenerAdapter - Downloaded https://repo.maven.apache.org/maven2/org/codehaus/plexus/plexus-interpolation/1.27/plexus-interpolation-1.27.jar
2024-05-29 14:21:55,506 [BasicRepositoryConnector-repo.maven.apache.org-2-4] INFO  o.e.m.c.i.e.AbstractTransferListenerAdapter - Downloading https://repo.maven.apache.org/maven2/org/codehaus/plexus/plexus-io/3.4.2/plexus-io-3.4.2.jar
2024-05-29 14:21:55,507 [BasicRepositoryConnector-repo.maven.apache.org-2-2] INFO  o.e.m.c.i.e.AbstractTransferListenerAdapter - Downloading https://repo.maven.apache.org/maven2/org/codehaus/plexus/plexus-utils/4.0.1/plexus-utils-4.0.1.jar
2024-05-29 14:21:55,528 [BasicRepositoryConnector-repo.maven.apache.org-2-0] INFO  o.e.m.c.i.e.AbstractTransferListenerAdapter - Downloaded https://repo.maven.apache.org/maven2/org/apache/maven/maven-archiver/3.6.2/maven-archiver-3.6.2.jar
2024-05-29 14:21:55,557 [BasicRepositoryConnector-repo.maven.apache.org-2-1] INFO  o.e.m.c.i.e.AbstractTransferListenerAdapter - Downloading https://repo.maven.apache.org/maven2/org/apache/commons/commons-compress/1.26.1/commons-compress-1.26.1.jar
2024-05-29 14:21:55,561 [BasicRepositoryConnector-repo.maven.apache.org-2-2] INFO  o.e.m.c.i.e.AbstractTransferListenerAdapter - Downloaded https://repo.maven.apache.org/maven2/org/codehaus/plexus/plexus-utils/4.0.1/plexus-utils-4.0.1.jar
2024-05-29 14:21:55,557 [BasicRepositoryConnector-repo.maven.apache.org-2-4] INFO  o.e.m.c.i.e.AbstractTransferListenerAdapter - Downloaded https://repo.maven.apache.org/maven2/org/codehaus/plexus/plexus-io/3.4.2/plexus-io-3.4.2.jar
2024-05-29 14:21:55,609 [BasicRepositoryConnector-repo.maven.apache.org-2-0] INFO  o.e.m.c.i.e.AbstractTransferListenerAdapter - Downloading https://repo.maven.apache.org/maven2/org/apache/commons/commons-lang3/3.14.0/commons-lang3-3.14.0.jar
2024-05-29 14:21:55,611 [BasicRepositoryConnector-repo.maven.apache.org-2-3] INFO  o.e.m.c.i.e.AbstractTransferListenerAdapter - Downloaded https://repo.maven.apache.org/maven2/org/codehaus/plexus/plexus-archiver/4.9.2/plexus-archiver-4.9.2.jar
2024-05-29 14:21:55,634 [BasicRepositoryConnector-repo.maven.apache.org-2-2] INFO  o.e.m.c.i.e.AbstractTransferListenerAdapter - Downloading https://repo.maven.apache.org/maven2/commons-codec/commons-codec/1.16.1/commons-codec-1.16.1.jar
2024-05-29 14:21:55,634 [BasicRepositoryConnector-repo.maven.apache.org-2-4] INFO  o.e.m.c.i.e.AbstractTransferListenerAdapter - Downloading https://repo.maven.apache.org/maven2/com/github/luben/zstd-jni/1.5.5-11/zstd-jni-1.5.5-11.jar
2024-05-29 14:21:55,875 [BasicRepositoryConnector-repo.maven.apache.org-2-1] INFO  o.e.m.c.i.e.AbstractTransferListenerAdapter - Downloaded https://repo.maven.apache.org/maven2/org/apache/commons/commons-compress/1.26.1/commons-compress-1.26.1.jar
2024-05-29 14:21:55,877 [BasicRepositoryConnector-repo.maven.apache.org-2-2] INFO  o.e.m.c.i.e.AbstractTransferListenerAdapter - Downloaded https://repo.maven.apache.org/maven2/commons-codec/commons-codec/1.16.1/commons-codec-1.16.1.jar
2024-05-29 14:21:55,904 [BasicRepositoryConnector-repo.maven.apache.org-2-0] INFO  o.e.m.c.i.e.AbstractTransferListenerAdapter - Downloaded https://repo.maven.apache.org/maven2/org/apache/commons/commons-lang3/3.14.0/commons-lang3-3.14.0.jar
2024-05-29 14:21:56,690 [BasicRepositoryConnector-repo.maven.apache.org-2-4] INFO  o.e.m.c.i.e.AbstractTransferListenerAdapter - Downloaded https://repo.maven.apache.org/maven2/com/github/luben/zstd-jni/1.5.5-11/zstd-jni-1.5.5-11.jar
2024-05-29 14:21:57,588 [Worker-3: Import Getting Started Content] INFO  o.e.m.j.i.AbstractJavaProjectConfigurator - Adding source folder /AuthorRstController/src/main/java
2024-05-29 14:21:57,590 [Worker-3: Import Getting Started Content] INFO  o.e.m.j.i.AbstractJavaProjectConfigurator - Adding resource folder /AuthorRstController/src/main/resources
2024-05-29 14:21:57,594 [Worker-3: Import Getting Started Content] INFO  o.e.m.j.i.AbstractJavaProjectConfigurator - Adding resource folder /AuthorRstController/src/main/resources
2024-05-29 14:21:57,600 [Worker-3: Import Getting Started Content] INFO  o.e.m.j.i.AbstractJavaProjectConfigurator - Adding source folder /AuthorRstController/src/test/java
2024-05-29 14:21:57,601 [Worker-3: Import Getting Started Content] INFO  o.e.m.j.i.AbstractJavaProjectConfigurator - Adding resource folder /AuthorRstController/src/test/resources
2024-05-29 14:21:57,877 [Worker-3: Import Getting Started Content] INFO  o.e.m.c.i.p.ProjectConfigurationManager - Imported and configured 1 project(s) in 15 sec
2024-05-29 14:21:57,883 [Worker-3: Import Getting Started Content] INFO  o.e.m.c.i.p.ProjectConfigurationManager - Update started
2024-05-29 14:21:58,318 [Worker-3: Import Getting Started Content] INFO  o.e.m.c.i.l.LifecycleMappingFactory - Using org.eclipse.m2e.jdt.JarLifecycleMapping lifecycle mapping for MavenProject: in.aarav.rubral:AuthorRstController:1.0 @ /Users/aaravrubral/Documents/workspace/AuthorRstController/pom.xml.
2024-05-29 14:21:58,421 [Worker-6: Download sources and javadoc] INFO  o.e.m.c.i.e.AbstractTransferListenerAdapter - Downloading https://repo.maven.apache.org/maven2/org/springframework/boot/spring-boot-starter-web/3.3.0/spring-boot-starter-web-3.3.0-sources.jar
2024-05-29 14:21:58,428 [Worker-6: Download sources and javadoc] INFO  o.e.m.c.i.e.AbstractTransferListenerAdapter - Downloaded https://repo.maven.apache.org/maven2/org/springframework/boot/spring-boot-starter-web/3.3.0/spring-boot-starter-web-3.3.0-sources.jar
2024-05-29 14:21:58,437 [Worker-6: Download sources and javadoc] INFO  o.e.m.j.internal.DownloadSourcesJob - Downloaded sources for org.springframework.boot:spring-boot-starter-web:3.3.0
2024-05-29 14:21:58,545 [Worker-6: Download sources and javadoc] INFO  o.e.m.c.i.e.AbstractTransferListenerAdapter - Downloading https://repo.maven.apache.org/maven2/org/springframework/boot/spring-boot-starter/3.3.0/spring-boot-starter-3.3.0-sources.jar
2024-05-29 14:21:58,549 [Worker-6: Download sources and javadoc] INFO  o.e.m.c.i.e.AbstractTransferListenerAdapter - Downloaded https://repo.maven.apache.org/maven2/org/springframework/boot/spring-boot-starter/3.3.0/spring-boot-starter-3.3.0-sources.jar
2024-05-29 14:21:58,552 [Worker-6: Download sources and javadoc] INFO  o.e.m.j.internal.DownloadSourcesJob - Downloaded sources for org.springframework.boot:spring-boot-starter:3.3.0
2024-05-29 14:21:58,634 [Worker-6: Download sources and javadoc] INFO  o.e.m.c.i.e.AbstractTransferListenerAdapter - Downloading https://repo.maven.apache.org/maven2/org/springframework/boot/spring-boot-starter-logging/3.3.0/spring-boot-starter-logging-3.3.0-sources.jar
2024-05-29 14:21:58,636 [Worker-6: Download sources and javadoc] INFO  o.e.m.c.i.e.AbstractTransferListenerAdapter - Downloaded https://repo.maven.apache.org/maven2/org/springframework/boot/spring-boot-starter-logging/3.3.0/spring-boot-starter-logging-3.3.0-sources.jar
2024-05-29 14:21:58,639 [Worker-6: Download sources and javadoc] INFO  o.e.m.j.internal.DownloadSourcesJob - Downloaded sources for org.springframework.boot:spring-boot-starter-logging:3.3.0
2024-05-29 14:21:58,750 [Worker-6: Download sources and javadoc] INFO  o.e.m.c.i.e.AbstractTransferListenerAdapter - Downloading https://repo.maven.apache.org/maven2/ch/qos/logback/logback-classic/1.5.6/logback-classic-1.5.6-sources.jar
2024-05-29 14:21:58,823 [Worker-6: Download sources and javadoc] INFO  o.e.m.c.i.e.AbstractTransferListenerAdapter - Downloaded https://repo.maven.apache.org/maven2/ch/qos/logback/logback-classic/1.5.6/logback-classic-1.5.6-sources.jar
2024-05-29 14:21:58,826 [Worker-6: Download sources and javadoc] INFO  o.e.m.j.internal.DownloadSourcesJob - Downloaded sources for ch.qos.logback:logback-classic:1.5.6
2024-05-29 14:21:58,870 [Worker-3: Import Getting Started Content] INFO  o.e.m.j.i.AbstractJavaProjectConfigurator - Adding source folder /AuthorRstController/src/main/java
2024-05-29 14:21:58,870 [Worker-3: Import Getting Started Content] INFO  o.e.m.j.i.AbstractJavaProjectConfigurator - Adding resource folder /AuthorRstController/src/main/resources
2024-05-29 14:21:58,871 [Worker-3: Import Getting Started Content] INFO  o.e.m.j.i.AbstractJavaProjectConfigurator - Adding resource folder /AuthorRstController/src/main/resources
2024-05-29 14:21:58,872 [Worker-3: Import Getting Started Content] INFO  o.e.m.j.i.AbstractJavaProjectConfigurator - Adding source folder /AuthorRstController/src/test/java
2024-05-29 14:21:58,894 [Worker-3: Import Getting Started Content] INFO  o.e.m.j.i.AbstractJavaProjectConfigurator - Adding resource folder /AuthorRstController/src/test/resources
2024-05-29 14:21:58,904 [Worker-6: Download sources and javadoc] INFO  o.e.m.c.i.e.AbstractTransferListenerAdapter - Downloading https://repo.maven.apache.org/maven2/ch/qos/logback/logback-core/1.5.6/logback-core-1.5.6-sources.jar
2024-05-29 14:21:59,133 [Worker-6: Download sources and javadoc] INFO  o.e.m.c.i.e.AbstractTransferListenerAdapter - Downloaded https://repo.maven.apache.org/maven2/ch/qos/logback/logback-core/1.5.6/logback-core-1.5.6-sources.jar
2024-05-29 14:21:59,135 [Worker-6: Download sources and javadoc] INFO  o.e.m.j.internal.DownloadSourcesJob - Downloaded sources for ch.qos.logback:logback-core:1.5.6
2024-05-29 14:21:59,221 [Worker-6: Download sources and javadoc] INFO  o.e.m.c.i.e.AbstractTransferListenerAdapter - Downloading https://repo.maven.apache.org/maven2/org/apache/logging/log4j/log4j-to-slf4j/2.23.1/log4j-to-slf4j-2.23.1-sources.jar
2024-05-29 14:21:59,226 [Worker-6: Download sources and javadoc] INFO  o.e.m.c.i.e.AbstractTransferListenerAdapter - Downloaded https://repo.maven.apache.org/maven2/org/apache/logging/log4j/log4j-to-slf4j/2.23.1/log4j-to-slf4j-2.23.1-sources.jar
2024-05-29 14:21:59,229 [Worker-6: Download sources and javadoc] INFO  o.e.m.j.internal.DownloadSourcesJob - Downloaded sources for org.apache.logging.log4j:log4j-to-slf4j:2.23.1
2024-05-29 14:21:59,326 [Worker-6: Download sources and javadoc] INFO  o.e.m.c.i.e.AbstractTransferListenerAdapter - Downloading https://repo.maven.apache.org/maven2/org/apache/logging/log4j/log4j-api/2.23.1/log4j-api-2.23.1-sources.jar
2024-05-29 14:21:59,423 [Worker-6: Download sources and javadoc] INFO  o.e.m.c.i.e.AbstractTransferListenerAdapter - Downloaded https://repo.maven.apache.org/maven2/org/apache/logging/log4j/log4j-api/2.23.1/log4j-api-2.23.1-sources.jar
2024-05-29 14:21:59,426 [Worker-6: Download sources and javadoc] INFO  o.e.m.j.internal.DownloadSourcesJob - Downloaded sources for org.apache.logging.log4j:log4j-api:2.23.1
2024-05-29 14:21:59,511 [Worker-6: Download sources and javadoc] INFO  o.e.m.c.i.e.AbstractTransferListenerAdapter - Downloading https://repo.maven.apache.org/maven2/org/slf4j/jul-to-slf4j/2.0.13/jul-to-slf4j-2.0.13-sources.jar
2024-05-29 14:21:59,517 [Worker-6: Download sources and javadoc] INFO  o.e.m.c.i.e.AbstractTransferListenerAdapter - Downloaded https://repo.maven.apache.org/maven2/org/slf4j/jul-to-slf4j/2.0.13/jul-to-slf4j-2.0.13-sources.jar
2024-05-29 14:21:59,520 [Worker-6: Download sources and javadoc] INFO  o.e.m.j.internal.DownloadSourcesJob - Downloaded sources for org.slf4j:jul-to-slf4j:2.0.13
2024-05-29 14:21:59,600 [Worker-6: Download sources and javadoc] INFO  o.e.m.c.i.e.AbstractTransferListenerAdapter - Downloading https://repo.maven.apache.org/maven2/org/springframework/boot/spring-boot-starter-json/3.3.0/spring-boot-starter-json-3.3.0-sources.jar
2024-05-29 14:21:59,602 [Worker-6: Download sources and javadoc] INFO  o.e.m.c.i.e.AbstractTransferListenerAdapter - Downloaded https://repo.maven.apache.org/maven2/org/springframework/boot/spring-boot-starter-json/3.3.0/spring-boot-starter-json-3.3.0-sources.jar
2024-05-29 14:21:59,605 [Worker-6: Download sources and javadoc] INFO  o.e.m.j.internal.DownloadSourcesJob - Downloaded sources for org.springframework.boot:spring-boot-starter-json:3.3.0
2024-05-29 14:21:59,722 [Worker-6: Download sources and javadoc] INFO  o.e.m.c.i.e.AbstractTransferListenerAdapter - Downloading https://repo.maven.apache.org/maven2/com/fasterxml/jackson/core/jackson-databind/2.17.1/jackson-databind-2.17.1-sources.jar
2024-05-29 14:21:59,809 [Worker-3: Import Getting Started Content] INFO  o.e.m.c.i.p.ProjectConfigurationManager - Update completed for 1 poms: local refresh takes 0.00 sec, refresh facades takes 0.00 sec, update config takes 0.00 sec 
2024-05-29 14:21:59,972 [Worker-6: Download sources and javadoc] INFO  o.e.m.c.i.e.AbstractTransferListenerAdapter - Downloaded https://repo.maven.apache.org/maven2/com/fasterxml/jackson/core/jackson-databind/2.17.1/jackson-databind-2.17.1-sources.jar
2024-05-29 14:21:59,975 [Worker-6: Download sources and javadoc] INFO  o.e.m.j.internal.DownloadSourcesJob - Downloaded sources for com.fasterxml.jackson.core:jackson-databind:2.17.1
2024-05-29 14:22:00,068 [Worker-6: Download sources and javadoc] INFO  o.e.m.c.i.e.AbstractTransferListenerAdapter - Downloading https://repo.maven.apache.org/maven2/com/fasterxml/jackson/core/jackson-annotations/2.17.1/jackson-annotations-2.17.1-sources.jar
2024-05-29 14:22:00,107 [Worker-6: Download sources and javadoc] INFO  o.e.m.c.i.e.AbstractTransferListenerAdapter - Downloaded https://repo.maven.apache.org/maven2/com/fasterxml/jackson/core/jackson-annotations/2.17.1/jackson-annotations-2.17.1-sources.jar
2024-05-29 14:22:00,114 [Worker-6: Download sources and javadoc] INFO  o.e.m.j.internal.DownloadSourcesJob - Downloaded sources for com.fasterxml.jackson.core:jackson-annotations:2.17.1
2024-05-29 14:22:00,191 [Worker-6: Download sources and javadoc] INFO  o.e.m.c.i.e.AbstractTransferListenerAdapter - Downloading https://repo.maven.apache.org/maven2/com/fasterxml/jackson/core/jackson-core/2.17.1/jackson-core-2.17.1-sources.jar
2024-05-29 14:22:00,366 [Worker-6: Download sources and javadoc] INFO  o.e.m.c.i.e.AbstractTransferListenerAdapter - Downloaded https://repo.maven.apache.org/maven2/com/fasterxml/jackson/core/jackson-core/2.17.1/jackson-core-2.17.1-sources.jar
2024-05-29 14:22:00,369 [Worker-6: Download sources and javadoc] INFO  o.e.m.j.internal.DownloadSourcesJob - Downloaded sources for com.fasterxml.jackson.core:jackson-core:2.17.1
2024-05-29 14:22:00,453 [Worker-6: Download sources and javadoc] INFO  o.e.m.c.i.e.AbstractTransferListenerAdapter - Downloading https://repo.maven.apache.org/maven2/com/fasterxml/jackson/datatype/jackson-datatype-jdk8/2.17.1/jackson-datatype-jdk8-2.17.1-sources.jar
2024-05-29 14:22:00,465 [Worker-6: Download sources and javadoc] INFO  o.e.m.c.i.e.AbstractTransferListenerAdapter - Downloaded https://repo.maven.apache.org/maven2/com/fasterxml/jackson/datatype/jackson-datatype-jdk8/2.17.1/jackson-datatype-jdk8-2.17.1-sources.jar
2024-05-29 14:22:00,468 [Worker-6: Download sources and javadoc] INFO  o.e.m.j.internal.DownloadSourcesJob - Downloaded sources for com.fasterxml.jackson.datatype:jackson-datatype-jdk8:2.17.1
2024-05-29 14:22:00,554 [Worker-6: Download sources and javadoc] INFO  o.e.m.c.i.e.AbstractTransferListenerAdapter - Downloading https://repo.maven.apache.org/maven2/com/fasterxml/jackson/datatype/jackson-datatype-jsr310/2.17.1/jackson-datatype-jsr310-2.17.1-sources.jar
2024-05-29 14:22:00,598 [Worker-6: Download sources and javadoc] INFO  o.e.m.c.i.e.AbstractTransferListenerAdapter - Downloaded https://repo.maven.apache.org/maven2/com/fasterxml/jackson/datatype/jackson-datatype-jsr310/2.17.1/jackson-datatype-jsr310-2.17.1-sources.jar
2024-05-29 14:22:00,601 [Worker-6: Download sources and javadoc] INFO  o.e.m.j.internal.DownloadSourcesJob - Downloaded sources for com.fasterxml.jackson.datatype:jackson-datatype-jsr310:2.17.1
2024-05-29 14:22:00,686 [Worker-12: Building] INFO  o.a.m.s.f.DefaultMavenResourcesFiltering - Copying 1 resource from src/main/resources to target/classes
2024-05-29 14:22:00,701 [Worker-6: Download sources and javadoc] INFO  o.e.m.c.i.e.AbstractTransferListenerAdapter - Downloading https://repo.maven.apache.org/maven2/com/fasterxml/jackson/module/jackson-module-parameter-names/2.17.1/jackson-module-parameter-names-2.17.1-sources.jar
2024-05-29 14:22:00,707 [Worker-6: Download sources and javadoc] INFO  o.e.m.c.i.e.AbstractTransferListenerAdapter - Downloaded https://repo.maven.apache.org/maven2/com/fasterxml/jackson/module/jackson-module-parameter-names/2.17.1/jackson-module-parameter-names-2.17.1-sources.jar
2024-05-29 14:22:00,710 [Worker-6: Download sources and javadoc] INFO  o.e.m.j.internal.DownloadSourcesJob - Downloaded sources for com.fasterxml.jackson.module:jackson-module-parameter-names:2.17.1
2024-05-29 14:22:00,738 [Worker-12: Building] INFO  o.a.m.s.f.DefaultMavenResourcesFiltering - Copying 0 resource from src/main/resources to target/classes
2024-05-29 14:22:00,749 [Worker-12: Building] INFO  o.a.m.s.f.DefaultMavenResourcesFiltering - skip non existing resourceDirectory /Users/aaravrubral/Documents/workspace/AuthorRstController/src/test/resources
2024-05-29 14:22:00,794 [Worker-6: Download sources and javadoc] INFO  o.e.m.c.i.e.AbstractTransferListenerAdapter - Downloading https://repo.maven.apache.org/maven2/org/springframework/boot/spring-boot-starter-tomcat/3.3.0/spring-boot-starter-tomcat-3.3.0-sources.jar
2024-05-29 14:22:00,798 [Worker-6: Download sources and javadoc] INFO  o.e.m.c.i.e.AbstractTransferListenerAdapter - Downloaded https://repo.maven.apache.org/maven2/org/springframework/boot/spring-boot-starter-tomcat/3.3.0/spring-boot-starter-tomcat-3.3.0-sources.jar
2024-05-29 14:22:00,801 [Worker-6: Download sources and javadoc] INFO  o.e.m.j.internal.DownloadSourcesJob - Downloaded sources for org.springframework.boot:spring-boot-starter-tomcat:3.3.0
2024-05-29 14:22:00,896 [Worker-6: Download sources and javadoc] INFO  o.e.m.c.i.e.AbstractTransferListenerAdapter - Downloading https://repo.maven.apache.org/maven2/org/apache/tomcat/embed/tomcat-embed-core/10.1.24/tomcat-embed-core-10.1.24-sources.jar
2024-05-29 14:22:01,466 [Worker-6: Download sources and javadoc] INFO  o.e.m.c.i.e.AbstractTransferListenerAdapter - Downloaded https://repo.maven.apache.org/maven2/org/apache/tomcat/embed/tomcat-embed-core/10.1.24/tomcat-embed-core-10.1.24-sources.jar
2024-05-29 14:22:01,469 [Worker-6: Download sources and javadoc] INFO  o.e.m.j.internal.DownloadSourcesJob - Downloaded sources for org.apache.tomcat.embed:tomcat-embed-core:10.1.24
2024-05-29 14:22:01,586 [Worker-6: Download sources and javadoc] INFO  o.e.m.c.i.e.AbstractTransferListenerAdapter - Downloading https://repo.maven.apache.org/maven2/org/apache/tomcat/embed/tomcat-embed-el/10.1.24/tomcat-embed-el-10.1.24-sources.jar
2024-05-29 14:22:01,747 [Worker-6: Download sources and javadoc] INFO  o.e.m.c.i.e.AbstractTransferListenerAdapter - Downloaded https://repo.maven.apache.org/maven2/org/apache/tomcat/embed/tomcat-embed-el/10.1.24/tomcat-embed-el-10.1.24-sources.jar
2024-05-29 14:22:01,750 [Worker-6: Download sources and javadoc] INFO  o.e.m.j.internal.DownloadSourcesJob - Downloaded sources for org.apache.tomcat.embed:tomcat-embed-el:10.1.24
2024-05-29 14:22:01,875 [Worker-6: Download sources and javadoc] INFO  o.e.m.c.i.e.AbstractTransferListenerAdapter - Downloading https://repo.maven.apache.org/maven2/org/apache/tomcat/embed/tomcat-embed-websocket/10.1.24/tomcat-embed-websocket-10.1.24-sources.jar
2024-05-29 14:22:02,059 [Worker-6: Download sources and javadoc] INFO  o.e.m.c.i.e.AbstractTransferListenerAdapter - Downloaded https://repo.maven.apache.org/maven2/org/apache/tomcat/embed/tomcat-embed-websocket/10.1.24/tomcat-embed-websocket-10.1.24-sources.jar
2024-05-29 14:22:02,062 [Worker-6: Download sources and javadoc] INFO  o.e.m.j.internal.DownloadSourcesJob - Downloaded sources for org.apache.tomcat.embed:tomcat-embed-websocket:10.1.24
2024-05-29 14:22:02,173 [Worker-6: Download sources and javadoc] INFO  o.e.m.c.i.e.AbstractTransferListenerAdapter - Downloading https://repo.maven.apache.org/maven2/org/springframework/spring-web/6.1.8/spring-web-6.1.8-sources.jar
2024-05-29 14:22:02,518 [Worker-6: Download sources and javadoc] INFO  o.e.m.c.i.e.AbstractTransferListenerAdapter - Downloaded https://repo.maven.apache.org/maven2/org/springframework/spring-web/6.1.8/spring-web-6.1.8-sources.jar
2024-05-29 14:22:02,521 [Worker-6: Download sources and javadoc] INFO  o.e.m.j.internal.DownloadSourcesJob - Downloaded sources for org.springframework:spring-web:6.1.8
2024-05-29 14:22:02,608 [Worker-6: Download sources and javadoc] INFO  o.e.m.c.i.e.AbstractTransferListenerAdapter - Downloading https://repo.maven.apache.org/maven2/org/springframework/spring-beans/6.1.8/spring-beans-6.1.8-sources.jar
2024-05-29 14:22:02,782 [Worker-6: Download sources and javadoc] INFO  o.e.m.c.i.e.AbstractTransferListenerAdapter - Downloaded https://repo.maven.apache.org/maven2/org/springframework/spring-beans/6.1.8/spring-beans-6.1.8-sources.jar
2024-05-29 14:22:02,785 [Worker-6: Download sources and javadoc] INFO  o.e.m.j.internal.DownloadSourcesJob - Downloaded sources for org.springframework:spring-beans:6.1.8
2024-05-29 14:22:02,898 [Worker-6: Download sources and javadoc] INFO  o.e.m.c.i.e.AbstractTransferListenerAdapter - Downloading https://repo.maven.apache.org/maven2/io/micrometer/micrometer-observation/1.13.0/micrometer-observation-1.13.0-sources.jar
2024-05-29 14:22:02,929 [Worker-6: Download sources and javadoc] INFO  o.e.m.c.i.e.AbstractTransferListenerAdapter - Downloaded https://repo.maven.apache.org/maven2/io/micrometer/micrometer-observation/1.13.0/micrometer-observation-1.13.0-sources.jar
2024-05-29 14:22:02,932 [Worker-6: Download sources and javadoc] INFO  o.e.m.j.internal.DownloadSourcesJob - Downloaded sources for io.micrometer:micrometer-observation:1.13.0
2024-05-29 14:22:03,048 [Worker-6: Download sources and javadoc] INFO  o.e.m.c.i.e.AbstractTransferListenerAdapter - Downloading https://repo.maven.apache.org/maven2/io/micrometer/micrometer-commons/1.13.0/micrometer-commons-1.13.0-sources.jar
2024-05-29 14:22:03,079 [Worker-6: Download sources and javadoc] INFO  o.e.m.c.i.e.AbstractTransferListenerAdapter - Downloaded https://repo.maven.apache.org/maven2/io/micrometer/micrometer-commons/1.13.0/micrometer-commons-1.13.0-sources.jar
2024-05-29 14:22:03,082 [Worker-6: Download sources and javadoc] INFO  o.e.m.j.internal.DownloadSourcesJob - Downloaded sources for io.micrometer:micrometer-commons:1.13.0
2024-05-29 14:22:03,216 [Worker-6: Download sources and javadoc] INFO  o.e.m.c.i.e.AbstractTransferListenerAdapter - Downloading https://repo.maven.apache.org/maven2/org/springframework/spring-webmvc/6.1.8/spring-webmvc-6.1.8-sources.jar
2024-05-29 14:22:03,617 [Worker-6: Download sources and javadoc] INFO  o.e.m.c.i.e.AbstractTransferListenerAdapter - Downloaded https://repo.maven.apache.org/maven2/org/springframework/spring-webmvc/6.1.8/spring-webmvc-6.1.8-sources.jar
2024-05-29 14:22:03,620 [Worker-6: Download sources and javadoc] INFO  o.e.m.j.internal.DownloadSourcesJob - Downloaded sources for org.springframework:spring-webmvc:6.1.8
2024-05-29 14:22:03,728 [Worker-6: Download sources and javadoc] INFO  o.e.m.c.i.e.AbstractTransferListenerAdapter - Downloading https://repo.maven.apache.org/maven2/org/springframework/spring-aop/6.1.8/spring-aop-6.1.8-sources.jar
2024-05-29 14:22:03,821 [Worker-6: Download sources and javadoc] INFO  o.e.m.c.i.e.AbstractTransferListenerAdapter - Downloaded https://repo.maven.apache.org/maven2/org/springframework/spring-aop/6.1.8/spring-aop-6.1.8-sources.jar
2024-05-29 14:22:03,824 [Worker-6: Download sources and javadoc] INFO  o.e.m.j.internal.DownloadSourcesJob - Downloaded sources for org.springframework:spring-aop:6.1.8
2024-05-29 14:22:03,921 [Worker-6: Download sources and javadoc] INFO  o.e.m.c.i.e.AbstractTransferListenerAdapter - Downloading https://repo.maven.apache.org/maven2/org/springframework/spring-context/6.1.8/spring-context-6.1.8-sources.jar
2024-05-29 14:22:04,377 [Worker-6: Download sources and javadoc] INFO  o.e.m.c.i.e.AbstractTransferListenerAdapter - Downloaded https://repo.maven.apache.org/maven2/org/springframework/spring-context/6.1.8/spring-context-6.1.8-sources.jar
2024-05-29 14:22:04,379 [Worker-6: Download sources and javadoc] INFO  o.e.m.j.internal.DownloadSourcesJob - Downloaded sources for org.springframework:spring-context:6.1.8
2024-05-29 14:22:04,461 [Worker-6: Download sources and javadoc] INFO  o.e.m.c.i.e.AbstractTransferListenerAdapter - Downloading https://repo.maven.apache.org/maven2/org/springframework/spring-expression/6.1.8/spring-expression-6.1.8-sources.jar
2024-05-29 14:22:04,529 [Worker-6: Download sources and javadoc] INFO  o.e.m.c.i.e.AbstractTransferListenerAdapter - Downloaded https://repo.maven.apache.org/maven2/org/springframework/spring-expression/6.1.8/spring-expression-6.1.8-sources.jar
2024-05-29 14:22:04,532 [Worker-6: Download sources and javadoc] INFO  o.e.m.j.internal.DownloadSourcesJob - Downloaded sources for org.springframework:spring-expression:6.1.8
2024-05-29 14:22:04,630 [Worker-6: Download sources and javadoc] INFO  o.e.m.c.i.e.AbstractTransferListenerAdapter - Downloading https://repo.maven.apache.org/maven2/org/springframework/boot/spring-boot-devtools/3.3.0/spring-boot-devtools-3.3.0-sources.jar
2024-05-29 14:22:04,682 [Worker-6: Download sources and javadoc] INFO  o.e.m.c.i.e.AbstractTransferListenerAdapter - Downloaded https://repo.maven.apache.org/maven2/org/springframework/boot/spring-boot-devtools/3.3.0/spring-boot-devtools-3.3.0-sources.jar
2024-05-29 14:22:04,685 [Worker-6: Download sources and javadoc] INFO  o.e.m.j.internal.DownloadSourcesJob - Downloaded sources for org.springframework.boot:spring-boot-devtools:3.3.0
2024-05-29 14:22:04,781 [Worker-6: Download sources and javadoc] INFO  o.e.m.c.i.e.AbstractTransferListenerAdapter - Downloading https://repo.maven.apache.org/maven2/org/springframework/boot/spring-boot/3.3.0/spring-boot-3.3.0-sources.jar
2024-05-29 14:22:04,980 [Worker-6: Download sources and javadoc] INFO  o.e.m.c.i.e.AbstractTransferListenerAdapter - Downloaded https://repo.maven.apache.org/maven2/org/springframework/boot/spring-boot/3.3.0/spring-boot-3.3.0-sources.jar
2024-05-29 14:22:04,982 [Worker-6: Download sources and javadoc] INFO  o.e.m.j.internal.DownloadSourcesJob - Downloaded sources for org.springframework.boot:spring-boot:3.3.0
2024-05-29 14:22:05,071 [Worker-6: Download sources and javadoc] INFO  o.e.m.c.i.e.AbstractTransferListenerAdapter - Downloading https://repo.maven.apache.org/maven2/org/springframework/boot/spring-boot-autoconfigure/3.3.0/spring-boot-autoconfigure-3.3.0-sources.jar
2024-05-29 14:22:05,267 [Worker-6: Download sources and javadoc] INFO  o.e.m.c.i.e.AbstractTransferListenerAdapter - Downloaded https://repo.maven.apache.org/maven2/org/springframework/boot/spring-boot-autoconfigure/3.3.0/spring-boot-autoconfigure-3.3.0-sources.jar
2024-05-29 14:22:05,269 [Worker-6: Download sources and javadoc] INFO  o.e.m.j.internal.DownloadSourcesJob - Downloaded sources for org.springframework.boot:spring-boot-autoconfigure:3.3.0
2024-05-29 14:22:05,361 [Worker-6: Download sources and javadoc] INFO  o.e.m.c.i.e.AbstractTransferListenerAdapter - Downloading https://repo.maven.apache.org/maven2/org/projectlombok/lombok/1.18.32/lombok-1.18.32-sources.jar
2024-05-29 14:22:05,630 [Worker-6: Download sources and javadoc] INFO  o.e.m.c.i.e.AbstractTransferListenerAdapter - Downloaded https://repo.maven.apache.org/maven2/org/projectlombok/lombok/1.18.32/lombok-1.18.32-sources.jar
2024-05-29 14:22:05,632 [Worker-6: Download sources and javadoc] INFO  o.e.m.j.internal.DownloadSourcesJob - Downloaded sources for org.projectlombok:lombok:1.18.32
2024-05-29 14:22:05,721 [Worker-6: Download sources and javadoc] INFO  o.e.m.c.i.e.AbstractTransferListenerAdapter - Downloading https://repo.maven.apache.org/maven2/org/springframework/boot/spring-boot-starter-test/3.3.0/spring-boot-starter-test-3.3.0-sources.jar
2024-05-29 14:22:05,723 [Worker-6: Download sources and javadoc] INFO  o.e.m.c.i.e.AbstractTransferListenerAdapter - Downloaded https://repo.maven.apache.org/maven2/org/springframework/boot/spring-boot-starter-test/3.3.0/spring-boot-starter-test-3.3.0-sources.jar
2024-05-29 14:22:05,726 [Worker-6: Download sources and javadoc] INFO  o.e.m.j.internal.DownloadSourcesJob - Downloaded sources for org.springframework.boot:spring-boot-starter-test:3.3.0
2024-05-29 14:22:05,811 [Worker-6: Download sources and javadoc] INFO  o.e.m.c.i.e.AbstractTransferListenerAdapter - Downloading https://repo.maven.apache.org/maven2/org/springframework/boot/spring-boot-test/3.3.0/spring-boot-test-3.3.0-sources.jar
2024-05-29 14:22:05,870 [Worker-6: Download sources and javadoc] INFO  o.e.m.c.i.e.AbstractTransferListenerAdapter - Downloaded https://repo.maven.apache.org/maven2/org/springframework/boot/spring-boot-test/3.3.0/spring-boot-test-3.3.0-sources.jar
2024-05-29 14:22:05,872 [Worker-6: Download sources and javadoc] INFO  o.e.m.j.internal.DownloadSourcesJob - Downloaded sources for org.springframework.boot:spring-boot-test:3.3.0
2024-05-29 14:22:05,968 [Worker-6: Download sources and javadoc] INFO  o.e.m.c.i.e.AbstractTransferListenerAdapter - Downloading https://repo.maven.apache.org/maven2/org/springframework/boot/spring-boot-test-autoconfigure/3.3.0/spring-boot-test-autoconfigure-3.3.0-sources.jar
2024-05-29 14:22:06,075 [Worker-6: Download sources and javadoc] INFO  o.e.m.c.i.e.AbstractTransferListenerAdapter - Downloaded https://repo.maven.apache.org/maven2/org/springframework/boot/spring-boot-test-autoconfigure/3.3.0/spring-boot-test-autoconfigure-3.3.0-sources.jar
2024-05-29 14:22:06,078 [Worker-6: Download sources and javadoc] INFO  o.e.m.j.internal.DownloadSourcesJob - Downloaded sources for org.springframework.boot:spring-boot-test-autoconfigure:3.3.0
2024-05-29 14:22:06,149 [Worker-6: Download sources and javadoc] INFO  o.e.m.c.i.e.AbstractTransferListenerAdapter - Downloading https://repo.maven.apache.org/maven2/org/slf4j/slf4j-api/2.0.13/slf4j-api-2.0.13-sources.jar
2024-05-29 14:22:06,187 [Worker-6: Download sources and javadoc] INFO  o.e.m.c.i.e.AbstractTransferListenerAdapter - Downloaded https://repo.maven.apache.org/maven2/org/slf4j/slf4j-api/2.0.13/slf4j-api-2.0.13-sources.jar
2024-05-29 14:22:06,190 [Worker-6: Download sources and javadoc] INFO  o.e.m.j.internal.DownloadSourcesJob - Downloaded sources for org.slf4j:slf4j-api:2.0.13
2024-05-29 14:22:06,397 [Worker-6: Download sources and javadoc] INFO  o.e.m.c.i.e.AbstractTransferListenerAdapter - Downloading https://repo.maven.apache.org/maven2/jakarta/xml/bind/jakarta.xml.bind-api/4.0.2/jakarta.xml.bind-api-4.0.2-sources.jar
2024-05-29 14:22:06,461 [Worker-6: Download sources and javadoc] INFO  o.e.m.c.i.e.AbstractTransferListenerAdapter - Downloaded https://repo.maven.apache.org/maven2/jakarta/xml/bind/jakarta.xml.bind-api/4.0.2/jakarta.xml.bind-api-4.0.2-sources.jar
2024-05-29 14:22:06,463 [Worker-6: Download sources and javadoc] INFO  o.e.m.j.internal.DownloadSourcesJob - Downloaded sources for jakarta.xml.bind:jakarta.xml.bind-api:4.0.2
2024-05-29 14:22:06,543 [Worker-6: Download sources and javadoc] INFO  o.e.m.c.i.e.AbstractTransferListenerAdapter - Downloading https://repo.maven.apache.org/maven2/jakarta/activation/jakarta.activation-api/2.1.3/jakarta.activation-api-2.1.3-sources.jar
2024-05-29 14:22:06,573 [Worker-6: Download sources and javadoc] INFO  o.e.m.c.i.e.AbstractTransferListenerAdapter - Downloaded https://repo.maven.apache.org/maven2/jakarta/activation/jakarta.activation-api/2.1.3/jakarta.activation-api-2.1.3-sources.jar
2024-05-29 14:22:06,575 [Worker-6: Download sources and javadoc] INFO  o.e.m.j.internal.DownloadSourcesJob - Downloaded sources for jakarta.activation:jakarta.activation-api:2.1.3
2024-05-29 14:22:06,648 [Worker-6: Download sources and javadoc] INFO  o.e.m.c.i.e.AbstractTransferListenerAdapter - Downloading https://repo.maven.apache.org/maven2/net/minidev/json-smart/2.5.1/json-smart-2.5.1-sources.jar
2024-05-29 14:22:06,679 [Worker-6: Download sources and javadoc] INFO  o.e.m.c.i.e.AbstractTransferListenerAdapter - Downloaded https://repo.maven.apache.org/maven2/net/minidev/json-smart/2.5.1/json-smart-2.5.1-sources.jar
2024-05-29 14:22:06,682 [Worker-6: Download sources and javadoc] INFO  o.e.m.j.internal.DownloadSourcesJob - Downloaded sources for net.minidev:json-smart:2.5.1
2024-05-29 14:22:06,763 [Worker-6: Download sources and javadoc] INFO  o.e.m.c.i.e.AbstractTransferListenerAdapter - Downloading https://repo.maven.apache.org/maven2/net/minidev/accessors-smart/2.5.1/accessors-smart-2.5.1-sources.jar
2024-05-29 14:22:06,772 [Worker-6: Download sources and javadoc] INFO  o.e.m.c.i.e.AbstractTransferListenerAdapter - Downloaded https://repo.maven.apache.org/maven2/net/minidev/accessors-smart/2.5.1/accessors-smart-2.5.1-sources.jar
2024-05-29 14:22:06,775 [Worker-6: Download sources and javadoc] INFO  o.e.m.j.internal.DownloadSourcesJob - Downloaded sources for net.minidev:accessors-smart:2.5.1
2024-05-29 14:22:06,923 [Worker-6: Download sources and javadoc] INFO  o.e.m.c.i.e.AbstractTransferListenerAdapter - Downloading https://repo.maven.apache.org/maven2/org/ow2/asm/asm/9.6/asm-9.6-sources.jar
2024-05-29 14:22:06,997 [Worker-6: Download sources and javadoc] INFO  o.e.m.c.i.e.AbstractTransferListenerAdapter - Downloaded https://repo.maven.apache.org/maven2/org/ow2/asm/asm/9.6/asm-9.6-sources.jar
2024-05-29 14:22:06,998 [Worker-6: Download sources and javadoc] INFO  o.e.m.j.internal.DownloadSourcesJob - Downloaded sources for org.ow2.asm:asm:9.6
2024-05-29 14:22:07,106 [Worker-6: Download sources and javadoc] INFO  o.e.m.c.i.e.AbstractTransferListenerAdapter - Downloading https://repo.maven.apache.org/maven2/org/assertj/assertj-core/3.25.3/assertj-core-3.25.3-sources.jar
2024-05-29 14:22:07,377 [Worker-6: Download sources and javadoc] INFO  o.e.m.c.i.e.AbstractTransferListenerAdapter - Downloaded https://repo.maven.apache.org/maven2/org/assertj/assertj-core/3.25.3/assertj-core-3.25.3-sources.jar
2024-05-29 14:22:07,380 [Worker-6: Download sources and javadoc] INFO  o.e.m.j.internal.DownloadSourcesJob - Downloaded sources for org.assertj:assertj-core:3.25.3
2024-05-29 14:22:07,477 [Worker-6: Download sources and javadoc] INFO  o.e.m.c.i.e.AbstractTransferListenerAdapter - Downloading https://repo.maven.apache.org/maven2/net/bytebuddy/byte-buddy/1.14.16/byte-buddy-1.14.16-sources.jar
2024-05-29 14:22:07,693 [Worker-6: Download sources and javadoc] INFO  o.e.m.c.i.e.AbstractTransferListenerAdapter - Downloaded https://repo.maven.apache.org/maven2/net/bytebuddy/byte-buddy/1.14.16/byte-buddy-1.14.16-sources.jar
2024-05-29 14:22:07,696 [Worker-6: Download sources and javadoc] INFO  o.e.m.j.internal.DownloadSourcesJob - Downloaded sources for net.bytebuddy:byte-buddy:1.14.16
2024-05-29 14:22:07,783 [Worker-6: Download sources and javadoc] INFO  o.e.m.c.i.e.AbstractTransferListenerAdapter - Downloading https://repo.maven.apache.org/maven2/org/awaitility/awaitility/4.2.1/awaitility-4.2.1-sources.jar
2024-05-29 14:22:07,815 [Worker-6: Download sources and javadoc] INFO  o.e.m.c.i.e.AbstractTransferListenerAdapter - Downloaded https://repo.maven.apache.org/maven2/org/awaitility/awaitility/4.2.1/awaitility-4.2.1-sources.jar
2024-05-29 14:22:07,818 [Worker-6: Download sources and javadoc] INFO  o.e.m.j.internal.DownloadSourcesJob - Downloaded sources for org.awaitility:awaitility:4.2.1
2024-05-29 14:22:07,914 [Worker-6: Download sources and javadoc] INFO  o.e.m.c.i.e.AbstractTransferListenerAdapter - Downloading https://repo.maven.apache.org/maven2/org/mockito/mockito-core/5.11.0/mockito-core-5.11.0-sources.jar
2024-05-29 14:22:08,128 [Worker-6: Download sources and javadoc] INFO  o.e.m.c.i.e.AbstractTransferListenerAdapter - Downloaded https://repo.maven.apache.org/maven2/org/mockito/mockito-core/5.11.0/mockito-core-5.11.0-sources.jar
2024-05-29 14:22:08,131 [Worker-6: Download sources and javadoc] INFO  o.e.m.j.internal.DownloadSourcesJob - Downloaded sources for org.mockito:mockito-core:5.11.0
2024-05-29 14:22:08,238 [Worker-6: Download sources and javadoc] INFO  o.e.m.c.i.e.AbstractTransferListenerAdapter - Downloading https://repo.maven.apache.org/maven2/net/bytebuddy/byte-buddy-agent/1.14.16/byte-buddy-agent-1.14.16-sources.jar
2024-05-29 14:22:08,334 [Worker-6: Download sources and javadoc] INFO  o.e.m.c.i.e.AbstractTransferListenerAdapter - Downloaded https://repo.maven.apache.org/maven2/net/bytebuddy/byte-buddy-agent/1.14.16/byte-buddy-agent-1.14.16-sources.jar
2024-05-29 14:22:08,337 [Worker-6: Download sources and javadoc] INFO  o.e.m.j.internal.DownloadSourcesJob - Downloaded sources for net.bytebuddy:byte-buddy-agent:1.14.16
2024-05-29 14:22:08,417 [Worker-6: Download sources and javadoc] INFO  o.e.m.c.i.e.AbstractTransferListenerAdapter - Downloading https://repo.maven.apache.org/maven2/org/mockito/mockito-junit-jupiter/5.11.0/mockito-junit-jupiter-5.11.0-sources.jar
2024-05-29 14:22:08,420 [Worker-6: Download sources and javadoc] INFO  o.e.m.c.i.e.AbstractTransferListenerAdapter - Downloaded https://repo.maven.apache.org/maven2/org/mockito/mockito-junit-jupiter/5.11.0/mockito-junit-jupiter-5.11.0-sources.jar
2024-05-29 14:22:08,423 [Worker-6: Download sources and javadoc] INFO  o.e.m.j.internal.DownloadSourcesJob - Downloaded sources for org.mockito:mockito-junit-jupiter:5.11.0
2024-05-29 14:22:08,511 [Worker-6: Download sources and javadoc] INFO  o.e.m.c.i.e.AbstractTransferListenerAdapter - Downloading https://repo.maven.apache.org/maven2/org/springframework/spring-core/6.1.8/spring-core-6.1.8-sources.jar
2024-05-29 14:22:08,861 [Worker-6: Download sources and javadoc] INFO  o.e.m.c.i.e.AbstractTransferListenerAdapter - Downloaded https://repo.maven.apache.org/maven2/org/springframework/spring-core/6.1.8/spring-core-6.1.8-sources.jar
2024-05-29 14:22:08,865 [Worker-6: Download sources and javadoc] INFO  o.e.m.j.internal.DownloadSourcesJob - Downloaded sources for org.springframework:spring-core:6.1.8
2024-05-29 14:22:08,950 [Worker-6: Download sources and javadoc] INFO  o.e.m.c.i.e.AbstractTransferListenerAdapter - Downloading https://repo.maven.apache.org/maven2/org/springframework/spring-jcl/6.1.8/spring-jcl-6.1.8-sources.jar
2024-05-29 14:22:08,956 [Worker-6: Download sources and javadoc] INFO  o.e.m.c.i.e.AbstractTransferListenerAdapter - Downloaded https://repo.maven.apache.org/maven2/org/springframework/spring-jcl/6.1.8/spring-jcl-6.1.8-sources.jar
2024-05-29 14:22:08,958 [Worker-6: Download sources and javadoc] INFO  o.e.m.j.internal.DownloadSourcesJob - Downloaded sources for org.springframework:spring-jcl:6.1.8
2024-05-29 14:22:09,051 [Worker-6: Download sources and javadoc] INFO  o.e.m.c.i.e.AbstractTransferListenerAdapter - Downloading https://repo.maven.apache.org/maven2/org/springframework/spring-test/6.1.8/spring-test-6.1.8-sources.jar
2024-05-29 14:22:09,334 [Worker-6: Download sources and javadoc] INFO  o.e.m.c.i.e.AbstractTransferListenerAdapter - Downloaded https://repo.maven.apache.org/maven2/org/springframework/spring-test/6.1.8/spring-test-6.1.8-sources.jar
2024-05-29 14:22:09,337 [Worker-6: Download sources and javadoc] INFO  o.e.m.j.internal.DownloadSourcesJob - Downloaded sources for org.springframework:spring-test:6.1.8
2024-05-29 14:22:45,045 [Worker-18: Building] INFO  o.a.m.s.f.DefaultMavenResourcesFiltering - Copying 1 resource from src/main/resources to target/classes
2024-05-29 14:22:45,056 [Worker-18: Building] INFO  o.a.m.s.f.DefaultMavenResourcesFiltering - Copying 0 resource from src/main/resources to target/classes
2024-05-29 14:22:45,063 [Worker-18: Building] INFO  o.a.m.s.f.DefaultMavenResourcesFiltering - skip non existing resourceDirectory /Users/aaravrubral/Documents/workspace/AuthorRstController/src/test/resources
2024-05-29 14:35:08,777 [Worker-22: Building] INFO  o.a.m.s.f.DefaultMavenResourcesFiltering - Copying 1 resource from src/main/resources to target/classes
2024-05-29 14:35:08,783 [Worker-22: Building] INFO  o.a.m.s.f.DefaultMavenResourcesFiltering - Copying 0 resource from src/main/resources to target/classes
2024-05-29 14:35:08,788 [Worker-22: Building] INFO  o.a.m.s.f.DefaultMavenResourcesFiltering - skip non existing resourceDirectory /Users/aaravrubral/Documents/workspace/AuthorRstController/src/test/resources
2024-05-29 14:37:29,360 [Worker-22: Launching SpringBoot2RestH2DBCURDEx] INFO  o.eclipse.m2e.core.internal.Bundles - getClasspathEntries(Bundle=org.eclipse.m2e.maven.runtime_3.9.600.20231203-1234 [348])
2024-05-29 14:37:29,365 [Worker-22: Launching SpringBoot2RestH2DBCURDEx] INFO  o.eclipse.m2e.core.internal.Bundles - 	Entry: /Applications/SpringToolSuite4.app/Contents/Eclipse/plugins/org.eclipse.m2e.maven.runtime_3.9.600.20231203-1234
2024-05-29 14:37:29,365 [Worker-22: Launching SpringBoot2RestH2DBCURDEx] INFO  o.eclipse.m2e.core.internal.Bundles - 	Entry: /Applications/SpringToolSuite4.app/Contents/Eclipse/plugins/org.eclipse.m2e.maven.runtime_3.9.600.20231203-1234/jars/aopalliance-1.0.jar
2024-05-29 14:37:29,365 [Worker-22: Launching SpringBoot2RestH2DBCURDEx] INFO  o.eclipse.m2e.core.internal.Bundles - 	Entry: /Applications/SpringToolSuite4.app/Contents/Eclipse/plugins/org.eclipse.m2e.maven.runtime_3.9.600.20231203-1234/jars/guice-5.1.0.jar
2024-05-29 14:37:29,365 [Worker-22: Launching SpringBoot2RestH2DBCURDEx] INFO  o.eclipse.m2e.core.internal.Bundles - 	Entry: /Applications/SpringToolSuite4.app/Contents/Eclipse/plugins/org.eclipse.m2e.maven.runtime_3.9.600.20231203-1234/jars/httpclient-4.5.14.jar
2024-05-29 14:37:29,365 [Worker-22: Launching SpringBoot2RestH2DBCURDEx] INFO  o.eclipse.m2e.core.internal.Bundles - 	Entry: /Applications/SpringToolSuite4.app/Contents/Eclipse/plugins/org.eclipse.m2e.maven.runtime_3.9.600.20231203-1234/jars/httpcore-4.4.16.jar
2024-05-29 14:37:29,365 [Worker-22: Launching SpringBoot2RestH2DBCURDEx] INFO  o.eclipse.m2e.core.internal.Bundles - 	Entry: /Applications/SpringToolSuite4.app/Contents/Eclipse/plugins/org.eclipse.m2e.maven.runtime_3.9.600.20231203-1234/jars/jansi-2.4.0.jar
2024-05-29 14:37:29,365 [Worker-22: Launching SpringBoot2RestH2DBCURDEx] INFO  o.eclipse.m2e.core.internal.Bundles - 	Entry: /Applications/SpringToolSuite4.app/Contents/Eclipse/plugins/org.eclipse.m2e.maven.runtime_3.9.600.20231203-1234/jars/jcl-over-slf4j-1.7.36.jar
2024-05-29 14:37:29,366 [Worker-22: Launching SpringBoot2RestH2DBCURDEx] INFO  o.eclipse.m2e.core.internal.Bundles - 	Entry: /Applications/SpringToolSuite4.app/Contents/Eclipse/plugins/org.eclipse.m2e.maven.runtime_3.9.600.20231203-1234/jars/maven-artifact-3.9.6.jar
2024-05-29 14:37:29,366 [Worker-22: Launching SpringBoot2RestH2DBCURDEx] INFO  o.eclipse.m2e.core.internal.Bundles - 	Entry: /Applications/SpringToolSuite4.app/Contents/Eclipse/plugins/org.eclipse.m2e.maven.runtime_3.9.600.20231203-1234/jars/maven-builder-support-3.9.6.jar
2024-05-29 14:37:29,366 [Worker-22: Launching SpringBoot2RestH2DBCURDEx] INFO  o.eclipse.m2e.core.internal.Bundles - 	Entry: /Applications/SpringToolSuite4.app/Contents/Eclipse/plugins/org.eclipse.m2e.maven.runtime_3.9.600.20231203-1234/jars/maven-compat-3.9.6.jar
2024-05-29 14:37:29,366 [Worker-22: Launching SpringBoot2RestH2DBCURDEx] INFO  o.eclipse.m2e.core.internal.Bundles - 	Entry: /Applications/SpringToolSuite4.app/Contents/Eclipse/plugins/org.eclipse.m2e.maven.runtime_3.9.600.20231203-1234/jars/maven-core-3.9.6.jar
2024-05-29 14:37:29,366 [Worker-22: Launching SpringBoot2RestH2DBCURDEx] INFO  o.eclipse.m2e.core.internal.Bundles - 	Entry: /Applications/SpringToolSuite4.app/Contents/Eclipse/plugins/org.eclipse.m2e.maven.runtime_3.9.600.20231203-1234/jars/maven-embedder-3.9.6.jar
2024-05-29 14:37:29,366 [Worker-22: Launching SpringBoot2RestH2DBCURDEx] INFO  o.eclipse.m2e.core.internal.Bundles - 	Entry: /Applications/SpringToolSuite4.app/Contents/Eclipse/plugins/org.eclipse.m2e.maven.runtime_3.9.600.20231203-1234/jars/maven-model-3.9.6.jar
2024-05-29 14:37:29,366 [Worker-22: Launching SpringBoot2RestH2DBCURDEx] INFO  o.eclipse.m2e.core.internal.Bundles - 	Entry: /Applications/SpringToolSuite4.app/Contents/Eclipse/plugins/org.eclipse.m2e.maven.runtime_3.9.600.20231203-1234/jars/maven-model-builder-3.9.6.jar
2024-05-29 14:37:29,366 [Worker-22: Launching SpringBoot2RestH2DBCURDEx] INFO  o.eclipse.m2e.core.internal.Bundles - 	Entry: /Applications/SpringToolSuite4.app/Contents/Eclipse/plugins/org.eclipse.m2e.maven.runtime_3.9.600.20231203-1234/jars/maven-plugin-api-3.9.6.jar
2024-05-29 14:37:29,366 [Worker-22: Launching SpringBoot2RestH2DBCURDEx] INFO  o.eclipse.m2e.core.internal.Bundles - 	Entry: /Applications/SpringToolSuite4.app/Contents/Eclipse/plugins/org.eclipse.m2e.maven.runtime_3.9.600.20231203-1234/jars/maven-repository-metadata-3.9.6.jar
2024-05-29 14:37:29,366 [Worker-22: Launching SpringBoot2RestH2DBCURDEx] INFO  o.eclipse.m2e.core.internal.Bundles - 	Entry: /Applications/SpringToolSuite4.app/Contents/Eclipse/plugins/org.eclipse.m2e.maven.runtime_3.9.600.20231203-1234/jars/maven-resolver-api-1.9.18.jar
2024-05-29 14:37:29,366 [Worker-22: Launching SpringBoot2RestH2DBCURDEx] INFO  o.eclipse.m2e.core.internal.Bundles - 	Entry: /Applications/SpringToolSuite4.app/Contents/Eclipse/plugins/org.eclipse.m2e.maven.runtime_3.9.600.20231203-1234/jars/maven-resolver-connector-basic-1.9.18.jar
2024-05-29 14:37:29,366 [Worker-22: Launching SpringBoot2RestH2DBCURDEx] INFO  o.eclipse.m2e.core.internal.Bundles - 	Entry: /Applications/SpringToolSuite4.app/Contents/Eclipse/plugins/org.eclipse.m2e.maven.runtime_3.9.600.20231203-1234/jars/maven-resolver-impl-1.9.18.jar
2024-05-29 14:37:29,367 [Worker-22: Launching SpringBoot2RestH2DBCURDEx] INFO  o.eclipse.m2e.core.internal.Bundles - 	Entry: /Applications/SpringToolSuite4.app/Contents/Eclipse/plugins/org.eclipse.m2e.maven.runtime_3.9.600.20231203-1234/jars/maven-resolver-named-locks-1.9.18.jar
2024-05-29 14:37:29,367 [Worker-22: Launching SpringBoot2RestH2DBCURDEx] INFO  o.eclipse.m2e.core.internal.Bundles - 	Entry: /Applications/SpringToolSuite4.app/Contents/Eclipse/plugins/org.eclipse.m2e.maven.runtime_3.9.600.20231203-1234/jars/maven-resolver-provider-3.9.6.jar
2024-05-29 14:37:29,367 [Worker-22: Launching SpringBoot2RestH2DBCURDEx] INFO  o.eclipse.m2e.core.internal.Bundles - 	Entry: /Applications/SpringToolSuite4.app/Contents/Eclipse/plugins/org.eclipse.m2e.maven.runtime_3.9.600.20231203-1234/jars/maven-resolver-spi-1.9.18.jar
2024-05-29 14:37:29,367 [Worker-22: Launching SpringBoot2RestH2DBCURDEx] INFO  o.eclipse.m2e.core.internal.Bundles - 	Entry: /Applications/SpringToolSuite4.app/Contents/Eclipse/plugins/org.eclipse.m2e.maven.runtime_3.9.600.20231203-1234/jars/maven-resolver-transport-file-1.9.18.jar
2024-05-29 14:37:29,367 [Worker-22: Launching SpringBoot2RestH2DBCURDEx] INFO  o.eclipse.m2e.core.internal.Bundles - 	Entry: /Applications/SpringToolSuite4.app/Contents/Eclipse/plugins/org.eclipse.m2e.maven.runtime_3.9.600.20231203-1234/jars/maven-resolver-transport-http-1.9.18.jar
2024-05-29 14:37:29,367 [Worker-22: Launching SpringBoot2RestH2DBCURDEx] INFO  o.eclipse.m2e.core.internal.Bundles - 	Entry: /Applications/SpringToolSuite4.app/Contents/Eclipse/plugins/org.eclipse.m2e.maven.runtime_3.9.600.20231203-1234/jars/maven-resolver-transport-wagon-1.9.18.jar
2024-05-29 14:37:29,367 [Worker-22: Launching SpringBoot2RestH2DBCURDEx] INFO  o.eclipse.m2e.core.internal.Bundles - 	Entry: /Applications/SpringToolSuite4.app/Contents/Eclipse/plugins/org.eclipse.m2e.maven.runtime_3.9.600.20231203-1234/jars/maven-resolver-util-1.9.18.jar
2024-05-29 14:37:29,367 [Worker-22: Launching SpringBoot2RestH2DBCURDEx] INFO  o.eclipse.m2e.core.internal.Bundles - 	Entry: /Applications/SpringToolSuite4.app/Contents/Eclipse/plugins/org.eclipse.m2e.maven.runtime_3.9.600.20231203-1234/jars/maven-settings-3.9.6.jar
2024-05-29 14:37:29,367 [Worker-22: Launching SpringBoot2RestH2DBCURDEx] INFO  o.eclipse.m2e.core.internal.Bundles - 	Entry: /Applications/SpringToolSuite4.app/Contents/Eclipse/plugins/org.eclipse.m2e.maven.runtime_3.9.600.20231203-1234/jars/maven-settings-builder-3.9.6.jar
2024-05-29 14:37:29,367 [Worker-22: Launching SpringBoot2RestH2DBCURDEx] INFO  o.eclipse.m2e.core.internal.Bundles - 	Entry: /Applications/SpringToolSuite4.app/Contents/Eclipse/plugins/org.eclipse.m2e.maven.runtime_3.9.600.20231203-1234/jars/maven-shared-utils-3.3.4.jar
2024-05-29 14:37:29,368 [Worker-22: Launching SpringBoot2RestH2DBCURDEx] INFO  o.eclipse.m2e.core.internal.Bundles - 	Entry: /Applications/SpringToolSuite4.app/Contents/Eclipse/plugins/org.eclipse.m2e.maven.runtime_3.9.600.20231203-1234/jars/org.eclipse.sisu.inject-0.9.0.M2.jar
2024-05-29 14:37:29,368 [Worker-22: Launching SpringBoot2RestH2DBCURDEx] INFO  o.eclipse.m2e.core.internal.Bundles - 	Entry: /Applications/SpringToolSuite4.app/Contents/Eclipse/plugins/org.eclipse.m2e.maven.runtime_3.9.600.20231203-1234/jars/org.eclipse.sisu.plexus-0.9.0.M2.jar
2024-05-29 14:37:29,368 [Worker-22: Launching SpringBoot2RestH2DBCURDEx] INFO  o.eclipse.m2e.core.internal.Bundles - 	Entry: /Applications/SpringToolSuite4.app/Contents/Eclipse/plugins/org.eclipse.m2e.maven.runtime_3.9.600.20231203-1234/jars/plexus-build-api-0.0.7.jar
2024-05-29 14:37:29,368 [Worker-22: Launching SpringBoot2RestH2DBCURDEx] INFO  o.eclipse.m2e.core.internal.Bundles - 	Entry: /Applications/SpringToolSuite4.app/Contents/Eclipse/plugins/org.eclipse.m2e.maven.runtime_3.9.600.20231203-1234/jars/plexus-cipher-2.0.jar
2024-05-29 14:37:29,368 [Worker-22: Launching SpringBoot2RestH2DBCURDEx] INFO  o.eclipse.m2e.core.internal.Bundles - 	Entry: /Applications/SpringToolSuite4.app/Contents/Eclipse/plugins/org.eclipse.m2e.maven.runtime_3.9.600.20231203-1234/jars/plexus-classworlds-2.7.0.jar
2024-05-29 14:37:29,368 [Worker-22: Launching SpringBoot2RestH2DBCURDEx] INFO  o.eclipse.m2e.core.internal.Bundles - 	Entry: /Applications/SpringToolSuite4.app/Contents/Eclipse/plugins/org.eclipse.m2e.maven.runtime_3.9.600.20231203-1234/jars/plexus-component-annotations-2.1.0.jar
2024-05-29 14:37:29,368 [Worker-22: Launching SpringBoot2RestH2DBCURDEx] INFO  o.eclipse.m2e.core.internal.Bundles - 	Entry: /Applications/SpringToolSuite4.app/Contents/Eclipse/plugins/org.eclipse.m2e.maven.runtime_3.9.600.20231203-1234/jars/plexus-interpolation-1.26.jar
2024-05-29 14:37:29,368 [Worker-22: Launching SpringBoot2RestH2DBCURDEx] INFO  o.eclipse.m2e.core.internal.Bundles - 	Entry: /Applications/SpringToolSuite4.app/Contents/Eclipse/plugins/org.eclipse.m2e.maven.runtime_3.9.600.20231203-1234/jars/plexus-sec-dispatcher-2.0.jar
2024-05-29 14:37:29,368 [Worker-22: Launching SpringBoot2RestH2DBCURDEx] INFO  o.eclipse.m2e.core.internal.Bundles - 	Entry: /Applications/SpringToolSuite4.app/Contents/Eclipse/plugins/org.eclipse.m2e.maven.runtime_3.9.600.20231203-1234/jars/plexus-utils-3.5.1.jar
2024-05-29 14:37:29,369 [Worker-22: Launching SpringBoot2RestH2DBCURDEx] INFO  o.eclipse.m2e.core.internal.Bundles - 	Entry: /Applications/SpringToolSuite4.app/Contents/Eclipse/plugins/org.eclipse.m2e.maven.runtime_3.9.600.20231203-1234/jars/wagon-file-3.5.3.jar
2024-05-29 14:37:29,369 [Worker-22: Launching SpringBoot2RestH2DBCURDEx] INFO  o.eclipse.m2e.core.internal.Bundles - 	Entry: /Applications/SpringToolSuite4.app/Contents/Eclipse/plugins/org.eclipse.m2e.maven.runtime_3.9.600.20231203-1234/jars/wagon-http-3.5.3.jar
2024-05-29 14:37:29,369 [Worker-22: Launching SpringBoot2RestH2DBCURDEx] INFO  o.eclipse.m2e.core.internal.Bundles - 	Entry: /Applications/SpringToolSuite4.app/Contents/Eclipse/plugins/org.eclipse.m2e.maven.runtime_3.9.600.20231203-1234/jars/wagon-http-shared-3.5.3.jar
2024-05-29 14:37:29,369 [Worker-22: Launching SpringBoot2RestH2DBCURDEx] INFO  o.eclipse.m2e.core.internal.Bundles - 	Entry: /Applications/SpringToolSuite4.app/Contents/Eclipse/plugins/org.eclipse.m2e.maven.runtime_3.9.600.20231203-1234/jars/wagon-provider-api-3.5.3.jar
2024-05-29 14:37:29,370 [Worker-22: Launching SpringBoot2RestH2DBCURDEx] INFO  o.eclipse.m2e.core.internal.Bundles - getClasspathEntries(Bundle=com.google.guava_33.0.0.jre [27])
2024-05-29 14:37:29,371 [Worker-22: Launching SpringBoot2RestH2DBCURDEx] INFO  o.eclipse.m2e.core.internal.Bundles - 	Entry: /Applications/SpringToolSuite4.app/Contents/Eclipse/plugins/com.google.guava_33.0.0.jre.jar
2024-05-29 14:37:29,371 [Worker-22: Launching SpringBoot2RestH2DBCURDEx] INFO  o.eclipse.m2e.core.internal.Bundles - getClasspathEntries(Bundle=slf4j.api_2.0.12 [578])
2024-05-29 14:37:29,371 [Worker-22: Launching SpringBoot2RestH2DBCURDEx] INFO  o.eclipse.m2e.core.internal.Bundles - 	Entry: /Applications/SpringToolSuite4.app/Contents/Eclipse/plugins/slf4j.api_2.0.12.jar
2024-05-29 14:37:29,371 [Worker-22: Launching SpringBoot2RestH2DBCURDEx] INFO  o.eclipse.m2e.core.internal.Bundles - getClasspathEntries(Bundle=jakarta.inject.jakarta.inject-api_1.0.5 [44])
2024-05-29 14:37:29,371 [Worker-22: Launching SpringBoot2RestH2DBCURDEx] INFO  o.eclipse.m2e.core.internal.Bundles - 	Entry: /Applications/SpringToolSuite4.app/Contents/Eclipse/plugins/jakarta.inject.jakarta.inject-api_1.0.5.jar
2024-05-29 14:37:29,371 [Worker-22: Launching SpringBoot2RestH2DBCURDEx] INFO  o.eclipse.m2e.core.internal.Bundles - getClasspathEntries(Bundle=jakarta.annotation-api_1.3.5 [40])
2024-05-29 14:37:29,371 [Worker-22: Launching SpringBoot2RestH2DBCURDEx] INFO  o.eclipse.m2e.core.internal.Bundles - 	Entry: /Applications/SpringToolSuite4.app/Contents/Eclipse/plugins/jakarta.annotation-api_1.3.5.jar
2024-05-29 14:37:29,371 [Worker-22: Launching SpringBoot2RestH2DBCURDEx] INFO  o.eclipse.m2e.core.internal.Bundles - getClasspathEntries(Bundle=org.apache.commons.cli_1.6.0 [75])
2024-05-29 14:37:29,371 [Worker-22: Launching SpringBoot2RestH2DBCURDEx] INFO  o.eclipse.m2e.core.internal.Bundles - 	Entry: /Applications/SpringToolSuite4.app/Contents/Eclipse/plugins/org.apache.commons.cli_1.6.0.jar
2024-05-29 14:37:29,371 [Worker-22: Launching SpringBoot2RestH2DBCURDEx] INFO  o.eclipse.m2e.core.internal.Bundles - getClasspathEntries(Bundle=org.apache.commons.commons-codec_1.16.0 [77])
2024-05-29 14:37:29,371 [Worker-22: Launching SpringBoot2RestH2DBCURDEx] INFO  o.eclipse.m2e.core.internal.Bundles - 	Entry: /Applications/SpringToolSuite4.app/Contents/Eclipse/plugins/org.apache.commons.commons-codec_1.16.0.jar
2024-05-29 14:37:29,371 [Worker-22: Launching SpringBoot2RestH2DBCURDEx] INFO  o.eclipse.m2e.core.internal.Bundles - getClasspathEntries(Bundle=org.apache.commons.lang3_3.14.0 [81])
2024-05-29 14:37:29,371 [Worker-22: Launching SpringBoot2RestH2DBCURDEx] INFO  o.eclipse.m2e.core.internal.Bundles - 	Entry: /Applications/SpringToolSuite4.app/Contents/Eclipse/plugins/org.apache.commons.lang3_3.14.0.jar
2024-05-29 14:37:29,372 [Worker-22: Launching SpringBoot2RestH2DBCURDEx] INFO  o.eclipse.m2e.core.internal.Bundles - getClasspathEntries(Bundle=com.google.guava.failureaccess_1.0.2 [29])
2024-05-29 14:37:29,372 [Worker-22: Launching SpringBoot2RestH2DBCURDEx] INFO  o.eclipse.m2e.core.internal.Bundles - 	Entry: /Applications/SpringToolSuite4.app/Contents/Eclipse/plugins/com.google.guava.failureaccess_1.0.2.jar
2024-05-29 14:37:29,379 [Worker-22: Launching SpringBoot2RestH2DBCURDEx] INFO  o.e.m.i.launch.MavenLaunchDelegate - Run build in "/Users/aaravrubral/Documents/workspace/SpringBoot2RestH2DBCURDEx":
2024-05-29 14:37:29,384 [Worker-22: Launching SpringBoot2RestH2DBCURDEx] INFO  o.e.m.i.launch.MavenLaunchDelegate -  mvn  -Ppom.xml -B -Dstyle.color=always 
2024-05-29 14:37:29,460 [Worker-29: Building] INFO  o.a.m.s.f.DefaultMavenResourcesFiltering - Copying 1 resource from src/main/resources to target/classes
2024-05-29 14:37:29,473 [Worker-29: Building] INFO  o.a.m.s.f.DefaultMavenResourcesFiltering - Copying 0 resource from src/main/resources to target/classes
2024-05-29 14:37:29,478 [Worker-29: Building] INFO  o.a.m.s.f.DefaultMavenResourcesFiltering - skip non existing resourceDirectory /Users/aaravrubral/Documents/workspace/AuthorRstController/src/test/resources
2024-05-29 14:39:00,582 [Worker-20: Updating Maven Project] INFO  o.e.m.c.i.p.ProjectConfigurationManager - Update started
2024-05-29 14:39:00,937 [Worker-20: Updating Maven Project] INFO  o.e.m.c.i.l.LifecycleMappingFactory - Using org.eclipse.m2e.jdt.JarLifecycleMapping lifecycle mapping for MavenProject: in.aarav.rubral:AuthorRstController:1.0 @ /Users/aaravrubral/Documents/workspace/AuthorRstController/pom.xml.
2024-05-29 14:39:01,242 [Worker-20: Updating Maven Project] INFO  o.e.m.j.i.AbstractJavaProjectConfigurator - Adding source folder /AuthorRstController/src/main/java
2024-05-29 14:39:01,243 [Worker-20: Updating Maven Project] INFO  o.e.m.j.i.AbstractJavaProjectConfigurator - Adding resource folder /AuthorRstController/src/main/resources
2024-05-29 14:39:01,243 [Worker-20: Updating Maven Project] INFO  o.e.m.j.i.AbstractJavaProjectConfigurator - Adding resource folder /AuthorRstController/src/main/resources
2024-05-29 14:39:01,244 [Worker-20: Updating Maven Project] INFO  o.e.m.j.i.AbstractJavaProjectConfigurator - Adding source folder /AuthorRstController/src/test/java
2024-05-29 14:39:01,245 [Worker-20: Updating Maven Project] INFO  o.e.m.j.i.AbstractJavaProjectConfigurator - Adding resource folder /AuthorRstController/src/test/resources
2024-05-29 14:39:01,539 [Worker-20: Updating Maven Project] INFO  o.e.m.c.i.p.ProjectConfigurationManager - Update completed for 1 poms: local refresh takes 0.00 sec, refresh facades takes 0.00 sec, update config takes 0.00 sec 
2024-05-29 14:39:01,919 [Worker-30: Building] INFO  o.a.m.s.f.DefaultMavenResourcesFiltering - Copying 1 resource from src/main/resources to target/classes
2024-05-29 14:39:01,942 [Worker-30: Building] INFO  o.a.m.s.f.DefaultMavenResourcesFiltering - Copying 0 resource from src/main/resources to target/classes
2024-05-29 14:39:01,948 [Worker-30: Building] INFO  o.a.m.s.f.DefaultMavenResourcesFiltering - skip non existing resourceDirectory /Users/aaravrubral/Documents/workspace/AuthorRstController/src/test/resources
2024-05-29 14:39:41,076 [Worker-30: Building] INFO  o.a.m.s.f.DefaultMavenResourcesFiltering - Copying 1 resource from src/main/resources to target/classes
2024-05-29 14:39:41,088 [Worker-30: Building] INFO  o.a.m.s.f.DefaultMavenResourcesFiltering - Copying 0 resource from src/main/resources to target/classes
2024-05-29 14:39:41,092 [Worker-30: Building] INFO  o.a.m.s.f.DefaultMavenResourcesFiltering - skip non existing resourceDirectory /Users/aaravrubral/Documents/workspace/AuthorRstController/src/test/resources
2024-05-29 14:49:02,052 [Worker-32: Launching AuthorRstController - AuthorRstControllerApplication] INFO  o.a.m.s.f.DefaultMavenResourcesFiltering - Copying 1 resource from src/main/resources to target/classes
2024-05-29 14:49:02,072 [Worker-32: Launching AuthorRstController - AuthorRstControllerApplication] INFO  o.a.m.s.f.DefaultMavenResourcesFiltering - Copying 0 resource from src/main/resources to target/classes
2024-05-29 14:49:02,076 [Worker-32: Launching AuthorRstController - AuthorRstControllerApplication] INFO  o.a.m.s.f.DefaultMavenResourcesFiltering - skip non existing resourceDirectory /Users/aaravrubral/Documents/workspace/AuthorRstController/src/test/resources
2024-05-29 15:26:56,758 [Worker-43: Building] INFO  o.e.m.c.i.l.LifecycleMappingFactory - Using org.eclipse.m2e.jdt.JarLifecycleMapping lifecycle mapping for MavenProject: in.aarav.rubral:SpringBoot2RestProducerBasic:1.0 @ /Users/aaravrubral/Documents/workspace/SpringBoot2RestProducerBasic/pom.xml.
2024-05-29 15:26:57,561 [Worker-43: Building] INFO  o.a.m.s.f.DefaultMavenResourcesFiltering - Copying 1 resource from src/main/resources to target/classes
2024-05-29 15:26:57,583 [Worker-43: Building] INFO  o.a.m.s.f.DefaultMavenResourcesFiltering - Copying 0 resource from src/main/resources to target/classes
2024-05-29 15:26:57,591 [Worker-43: Building] INFO  o.a.m.s.f.DefaultMavenResourcesFiltering - skip non existing resourceDirectory /Users/aaravrubral/Documents/workspace/SpringBoot2RestProducerBasic/src/test/resources
2024-05-29 15:26:58,287 [Worker-42: Updating Maven Dependencies] INFO  o.e.m.c.i.l.LifecycleMappingFactory - Using org.eclipse.m2e.jdt.JarLifecycleMapping lifecycle mapping for MavenProject: in.aarav.rubral:SpringBoot2RestProducerBasic:1.0 @ /Users/aaravrubral/Documents/workspace/SpringBoot2RestProducerBasic/pom.xml.
2024-05-29 15:28:33,687 [Worker-47: Building] INFO  o.a.m.s.f.DefaultMavenResourcesFiltering - Copying 1 resource from src/main/resources to target/classes
2024-05-29 15:28:33,722 [Worker-47: Building] INFO  o.a.m.s.f.DefaultMavenResourcesFiltering - Copying 0 resource from src/main/resources to target/classes
2024-05-29 15:28:33,726 [Worker-47: Building] INFO  o.a.m.s.f.DefaultMavenResourcesFiltering - skip non existing resourceDirectory /Users/aaravrubral/Documents/workspace/AuthorRstController/src/test/resources
2024-05-29 15:36:49,271 [Worker-49: Launching AuthorRstController - AuthorRstControllerApplication] INFO  o.a.m.s.f.DefaultMavenResourcesFiltering - Copying 1 resource from src/main/resources to target/classes
2024-05-29 15:36:49,297 [Worker-49: Launching AuthorRstController - AuthorRstControllerApplication] INFO  o.a.m.s.f.DefaultMavenResourcesFiltering - Copying 0 resource from src/main/resources to target/classes
2024-05-29 15:36:49,301 [Worker-49: Launching AuthorRstController - AuthorRstControllerApplication] INFO  o.a.m.s.f.DefaultMavenResourcesFiltering - skip non existing resourceDirectory /Users/aaravrubral/Documents/workspace/AuthorRstController/src/test/resources
2024-05-29 15:39:59,898 [Worker-52: Building] INFO  o.a.m.s.f.DefaultMavenResourcesFiltering - Copying 1 resource from src/main/resources to target/classes
2024-05-29 15:39:59,928 [Worker-52: Building] INFO  o.a.m.s.f.DefaultMavenResourcesFiltering - Copying 0 resource from src/main/resources to target/classes
2024-05-29 15:39:59,932 [Worker-52: Building] INFO  o.a.m.s.f.DefaultMavenResourcesFiltering - skip non existing resourceDirectory /Users/aaravrubral/Documents/workspace/AuthorRstController/src/test/resources
2024-05-29 15:40:05,786 [Worker-51: Launching AuthorRstController - AuthorRstControllerApplication] INFO  o.a.m.s.f.DefaultMavenResourcesFiltering - Copying 1 resource from src/main/resources to target/classes
2024-05-29 15:40:05,828 [Worker-51: Launching AuthorRstController - AuthorRstControllerApplication] INFO  o.a.m.s.f.DefaultMavenResourcesFiltering - Copying 0 resource from src/main/resources to target/classes
2024-05-29 15:40:05,832 [Worker-51: Launching AuthorRstController - AuthorRstControllerApplication] INFO  o.a.m.s.f.DefaultMavenResourcesFiltering - skip non existing resourceDirectory /Users/aaravrubral/Documents/workspace/AuthorRstController/src/test/resources
2024-05-29 15:43:23,012 [Worker-52: Launching AuthorRstController - AuthorRstControllerApplication] INFO  o.a.m.s.f.DefaultMavenResourcesFiltering - Copying 1 resource from src/main/resources to target/classes
2024-05-29 15:43:23,023 [Worker-52: Launching AuthorRstController - AuthorRstControllerApplication] INFO  o.a.m.s.f.DefaultMavenResourcesFiltering - Copying 0 resource from src/main/resources to target/classes
2024-05-29 15:43:23,038 [Worker-52: Launching AuthorRstController - AuthorRstControllerApplication] INFO  o.a.m.s.f.DefaultMavenResourcesFiltering - skip non existing resourceDirectory /Users/aaravrubral/Documents/workspace/AuthorRstController/src/test/resources
2024-05-29 15:47:31,277 [Worker-61: Import Getting Started Content] INFO  o.e.m.c.i.l.LifecycleMappingFactory - Using org.eclipse.m2e.jdt.JarLifecycleMapping lifecycle mapping for MavenProject: in.aarav.rubral:StudentRestController:1.0 @ /Users/aaravrubral/Documents/workspace/StudentRestController/pom.xml.
2024-05-29 15:47:32,060 [Worker-61: Import Getting Started Content] INFO  o.e.m.j.i.AbstractJavaProjectConfigurator - Adding source folder /StudentRestController/src/main/java
2024-05-29 15:47:32,061 [Worker-61: Import Getting Started Content] INFO  o.e.m.j.i.AbstractJavaProjectConfigurator - Adding resource folder /StudentRestController/src/main/resources
2024-05-29 15:47:32,063 [Worker-61: Import Getting Started Content] INFO  o.e.m.j.i.AbstractJavaProjectConfigurator - Adding resource folder /StudentRestController/src/main/resources
2024-05-29 15:47:32,066 [Worker-61: Import Getting Started Content] INFO  o.e.m.j.i.AbstractJavaProjectConfigurator - Adding source folder /StudentRestController/src/test/java
2024-05-29 15:47:32,066 [Worker-61: Import Getting Started Content] INFO  o.e.m.j.i.AbstractJavaProjectConfigurator - Adding resource folder /StudentRestController/src/test/resources
2024-05-29 15:47:32,229 [Worker-61: Import Getting Started Content] INFO  o.e.m.c.i.p.ProjectConfigurationManager - Imported and configured 1 project(s) in 1 sec
2024-05-29 15:47:32,231 [Worker-61: Import Getting Started Content] INFO  o.e.m.c.i.p.ProjectConfigurationManager - Update started
2024-05-29 15:47:32,667 [Worker-61: Import Getting Started Content] INFO  o.e.m.c.i.l.LifecycleMappingFactory - Using org.eclipse.m2e.jdt.JarLifecycleMapping lifecycle mapping for MavenProject: in.aarav.rubral:StudentRestController:1.0 @ /Users/aaravrubral/Documents/workspace/StudentRestController/pom.xml.
2024-05-29 15:47:32,967 [Worker-61: Import Getting Started Content] INFO  o.e.m.j.i.AbstractJavaProjectConfigurator - Adding source folder /StudentRestController/src/main/java
2024-05-29 15:47:32,967 [Worker-61: Import Getting Started Content] INFO  o.e.m.j.i.AbstractJavaProjectConfigurator - Adding resource folder /StudentRestController/src/main/resources
2024-05-29 15:47:32,968 [Worker-61: Import Getting Started Content] INFO  o.e.m.j.i.AbstractJavaProjectConfigurator - Adding resource folder /StudentRestController/src/main/resources
2024-05-29 15:47:32,968 [Worker-61: Import Getting Started Content] INFO  o.e.m.j.i.AbstractJavaProjectConfigurator - Adding source folder /StudentRestController/src/test/java
2024-05-29 15:47:32,969 [Worker-61: Import Getting Started Content] INFO  o.e.m.j.i.AbstractJavaProjectConfigurator - Adding resource folder /StudentRestController/src/test/resources
2024-05-29 15:47:33,225 [Worker-61: Import Getting Started Content] INFO  o.e.m.c.i.p.ProjectConfigurationManager - Update completed for 1 poms: local refresh takes 0.00 sec, refresh facades takes 0.00 sec, update config takes 0.00 sec 
2024-05-29 15:47:33,617 [Worker-57: Building] INFO  o.a.m.s.f.DefaultMavenResourcesFiltering - Copying 1 resource from src/main/resources to target/classes
2024-05-29 15:47:33,640 [Worker-57: Building] INFO  o.a.m.s.f.DefaultMavenResourcesFiltering - Copying 0 resource from src/main/resources to target/classes
2024-05-29 15:47:33,645 [Worker-57: Building] INFO  o.a.m.s.f.DefaultMavenResourcesFiltering - skip non existing resourceDirectory /Users/aaravrubral/Documents/workspace/StudentRestController/src/test/resources
2024-05-29 15:48:46,280 [Worker-60: Building] INFO  o.a.m.s.f.DefaultMavenResourcesFiltering - Copying 1 resource from src/main/resources to target/classes
2024-05-29 15:48:46,318 [Worker-60: Building] INFO  o.a.m.s.f.DefaultMavenResourcesFiltering - Copying 0 resource from src/main/resources to target/classes
2024-05-29 15:48:46,323 [Worker-60: Building] INFO  o.a.m.s.f.DefaultMavenResourcesFiltering - skip non existing resourceDirectory /Users/aaravrubral/Documents/workspace/StudentRestController/src/test/resources
2024-05-29 15:48:58,955 [Worker-60: Building] INFO  o.a.m.s.f.DefaultMavenResourcesFiltering - Copying 1 resource from src/main/resources to target/classes
2024-05-29 15:48:59,024 [Worker-60: Building] INFO  o.a.m.s.f.DefaultMavenResourcesFiltering - Copying 0 resource from src/main/resources to target/classes
2024-05-29 15:48:59,043 [Worker-60: Building] INFO  o.a.m.s.f.DefaultMavenResourcesFiltering - skip non existing resourceDirectory /Users/aaravrubral/Documents/workspace/StudentRestController/src/test/resources
2024-05-29 15:49:10,141 [Worker-62: Building] INFO  o.a.m.s.f.DefaultMavenResourcesFiltering - Copying 1 resource from src/main/resources to target/classes
2024-05-29 15:49:10,145 [Worker-62: Building] INFO  o.a.m.s.f.DefaultMavenResourcesFiltering - Copying 0 resource from src/main/resources to target/classes
2024-05-29 15:49:10,149 [Worker-62: Building] INFO  o.a.m.s.f.DefaultMavenResourcesFiltering - skip non existing resourceDirectory /Users/aaravrubral/Documents/workspace/StudentRestController/src/test/resources
2024-05-29 15:51:45,999 [Worker-57: Building] INFO  o.a.m.s.f.DefaultMavenResourcesFiltering - Copying 1 resource from src/main/resources to target/classes
2024-05-29 15:51:46,090 [Worker-57: Building] INFO  o.a.m.s.f.DefaultMavenResourcesFiltering - Copying 0 resource from src/main/resources to target/classes
2024-05-29 15:51:46,096 [Worker-57: Building] INFO  o.a.m.s.f.DefaultMavenResourcesFiltering - skip non existing resourceDirectory /Users/aaravrubral/Documents/workspace/StudentRestController/src/test/resources
2024-05-29 15:58:48,793 [Worker-65: Building] INFO  o.a.m.s.f.DefaultMavenResourcesFiltering - Copying 1 resource from src/main/resources to target/classes
2024-05-29 15:58:48,874 [Worker-65: Building] INFO  o.a.m.s.f.DefaultMavenResourcesFiltering - Copying 0 resource from src/main/resources to target/classes
2024-05-29 15:58:48,881 [Worker-65: Building] INFO  o.a.m.s.f.DefaultMavenResourcesFiltering - skip non existing resourceDirectory /Users/aaravrubral/Documents/workspace/StudentRestController/src/test/resources
2024-05-30 01:05:04,778 [Worker-2: Loading available Gradle versions] INFO  o.e.b.c.i.u.g.PublishedGradleVersions - Gradle version information cache is up-to-date. Trying to read.
2024-05-30 01:06:26,015 [Worker-2: Import Getting Started Content] INFO  o.e.m.c.i.l.LifecycleMappingFactory - Using org.eclipse.m2e.jdt.JarLifecycleMapping lifecycle mapping for MavenProject: in.aarav.rubral:StudentRestController:1.0 @ /Users/aaravrubral/Documents/workspace/StudentRestController/pom.xml.
2024-05-30 01:06:27,286 [Worker-2: Import Getting Started Content] INFO  o.e.m.j.i.AbstractJavaProjectConfigurator - Adding source folder /StudentRestController/src/main/java
2024-05-30 01:06:27,288 [Worker-2: Import Getting Started Content] INFO  o.e.m.j.i.AbstractJavaProjectConfigurator - Adding resource folder /StudentRestController/src/main/resources
2024-05-30 01:06:27,294 [Worker-2: Import Getting Started Content] INFO  o.e.m.j.i.AbstractJavaProjectConfigurator - Adding resource folder /StudentRestController/src/main/resources
2024-05-30 01:06:27,300 [Worker-2: Import Getting Started Content] INFO  o.e.m.j.i.AbstractJavaProjectConfigurator - Adding source folder /StudentRestController/src/test/java
2024-05-30 01:06:27,301 [Worker-2: Import Getting Started Content] INFO  o.e.m.j.i.AbstractJavaProjectConfigurator - Adding resource folder /StudentRestController/src/test/resources
2024-05-30 01:06:27,567 [Worker-2: Import Getting Started Content] INFO  o.e.m.c.i.p.ProjectConfigurationManager - Imported and configured 1 project(s) in 2 sec
2024-05-30 01:06:27,572 [Worker-2: Import Getting Started Content] INFO  o.e.m.c.i.p.ProjectConfigurationManager - Update started
2024-05-30 01:06:28,131 [Worker-2: Import Getting Started Content] INFO  o.e.m.c.i.l.LifecycleMappingFactory - Using org.eclipse.m2e.jdt.JarLifecycleMapping lifecycle mapping for MavenProject: in.aarav.rubral:StudentRestController:1.0 @ /Users/aaravrubral/Documents/workspace/StudentRestController/pom.xml.
2024-05-30 01:06:28,574 [Worker-2: Import Getting Started Content] INFO  o.e.m.j.i.AbstractJavaProjectConfigurator - Adding source folder /StudentRestController/src/main/java
2024-05-30 01:06:28,575 [Worker-2: Import Getting Started Content] INFO  o.e.m.j.i.AbstractJavaProjectConfigurator - Adding resource folder /StudentRestController/src/main/resources
2024-05-30 01:06:28,579 [Worker-2: Import Getting Started Content] INFO  o.e.m.j.i.AbstractJavaProjectConfigurator - Adding resource folder /StudentRestController/src/main/resources
2024-05-30 01:06:28,580 [Worker-2: Import Getting Started Content] INFO  o.e.m.j.i.AbstractJavaProjectConfigurator - Adding source folder /StudentRestController/src/test/java
2024-05-30 01:06:28,581 [Worker-2: Import Getting Started Content] INFO  o.e.m.j.i.AbstractJavaProjectConfigurator - Adding resource folder /StudentRestController/src/test/resources
2024-05-30 01:06:29,042 [Worker-2: Import Getting Started Content] INFO  o.e.m.c.i.p.ProjectConfigurationManager - Update completed for 1 poms: local refresh takes 0.00 sec, refresh facades takes 0.00 sec, update config takes 0.00 sec 
2024-05-30 01:06:29,661 [Worker-11: Building] INFO  o.a.m.s.f.DefaultMavenResourcesFiltering - Copying 1 resource from src/main/resources to target/classes
2024-05-30 01:06:29,689 [Worker-11: Building] INFO  o.a.m.s.f.DefaultMavenResourcesFiltering - Copying 0 resource from src/main/resources to target/classes
2024-05-30 01:06:29,696 [Worker-11: Building] INFO  o.a.m.s.f.DefaultMavenResourcesFiltering - skip non existing resourceDirectory /Users/aaravrubral/Documents/workspace/StudentRestController/src/test/resources
2024-05-30 01:07:10,904 [Worker-7: Building] INFO  o.a.m.s.f.DefaultMavenResourcesFiltering - Copying 1 resource from src/main/resources to target/classes
2024-05-30 01:07:10,968 [Worker-7: Building] INFO  o.a.m.s.f.DefaultMavenResourcesFiltering - Copying 0 resource from src/main/resources to target/classes
2024-05-30 01:07:10,983 [Worker-7: Building] INFO  o.a.m.s.f.DefaultMavenResourcesFiltering - skip non existing resourceDirectory /Users/aaravrubral/Documents/workspace/StudentRestController/src/test/resources
2024-05-30 01:08:29,979 [Worker-13: Building] INFO  o.a.m.s.f.DefaultMavenResourcesFiltering - Copying 1 resource from src/main/resources to target/classes
2024-05-30 01:08:29,985 [Worker-13: Building] INFO  o.a.m.s.f.DefaultMavenResourcesFiltering - Copying 0 resource from src/main/resources to target/classes
2024-05-30 01:08:29,994 [Worker-13: Building] INFO  o.a.m.s.f.DefaultMavenResourcesFiltering - skip non existing resourceDirectory /Users/aaravrubral/Documents/workspace/StudentRestController/src/test/resources
2024-05-30 01:11:56,520 [Worker-5: Building] INFO  o.a.m.s.f.DefaultMavenResourcesFiltering - Copying 1 resource from src/main/resources to target/classes
2024-05-30 01:11:56,535 [Worker-5: Building] INFO  o.a.m.s.f.DefaultMavenResourcesFiltering - Copying 0 resource from src/main/resources to target/classes
2024-05-30 01:11:56,545 [Worker-5: Building] INFO  o.a.m.s.f.DefaultMavenResourcesFiltering - skip non existing resourceDirectory /Users/aaravrubral/Documents/workspace/StudentRestController/src/test/resources
2024-05-30 01:11:56,731 [Worker-8: Building] INFO  o.a.m.s.f.DefaultMavenResourcesFiltering - Copying 1 resource from src/main/resources to target/classes
2024-05-30 01:11:56,737 [Worker-8: Building] INFO  o.a.m.s.f.DefaultMavenResourcesFiltering - Copying 0 resource from src/main/resources to target/classes
2024-05-30 01:11:56,743 [Worker-8: Building] INFO  o.a.m.s.f.DefaultMavenResourcesFiltering - skip non existing resourceDirectory /Users/aaravrubral/Documents/workspace/StudentRestController/src/test/resources
2024-05-30 01:12:24,598 [Worker-1: Loading available Gradle versions] INFO  o.e.b.c.i.u.g.PublishedGradleVersions - Gradle version information cache is up-to-date. Trying to read.
2024-05-30 01:13:09,854 [Worker-4: Building] INFO  o.a.m.s.f.DefaultMavenResourcesFiltering - Copying 1 resource from src/main/resources to target/classes
2024-05-30 01:13:09,902 [Worker-4: Building] INFO  o.a.m.s.f.DefaultMavenResourcesFiltering - Copying 0 resource from src/main/resources to target/classes
2024-05-30 01:13:09,911 [Worker-4: Building] INFO  o.a.m.s.f.DefaultMavenResourcesFiltering - skip non existing resourceDirectory /Users/aaravrubral/Documents/workspace/StudentRestController/src/test/resources
2024-05-30 01:14:09,311 [Worker-6: Launching StudentRestController - StudentRestControllerApplication] INFO  o.a.m.s.f.DefaultMavenResourcesFiltering - Copying 1 resource from src/main/resources to target/classes
2024-05-30 01:14:09,347 [Worker-6: Launching StudentRestController - StudentRestControllerApplication] INFO  o.a.m.s.f.DefaultMavenResourcesFiltering - Copying 0 resource from src/main/resources to target/classes
2024-05-30 01:14:09,357 [Worker-6: Launching StudentRestController - StudentRestControllerApplication] INFO  o.a.m.s.f.DefaultMavenResourcesFiltering - skip non existing resourceDirectory /Users/aaravrubral/Documents/workspace/StudentRestController/src/test/resources
2024-05-30 01:59:54,722 [Worker-14: Building] INFO  o.e.m.c.i.l.LifecycleMappingFactory - Using org.eclipse.m2e.jdt.JarLifecycleMapping lifecycle mapping for MavenProject: in.aarav.rubral:SpringBoot2RestMediaTypeEx:1.0 @ /Users/aaravrubral/Documents/workspace/SpringBoot2RestMediaTypeEx/pom.xml.
2024-05-30 01:59:56,493 [Worker-16: Updating Maven Dependencies] INFO  o.e.m.c.i.l.LifecycleMappingFactory - Using org.eclipse.m2e.jdt.JarLifecycleMapping lifecycle mapping for MavenProject: in.aarav.rubral:SpringBoot2RestMediaTypeEx:1.0 @ /Users/aaravrubral/Documents/workspace/SpringBoot2RestMediaTypeEx/pom.xml.
2024-05-30 13:28:56,013 [Worker-0: Loading available Gradle versions] INFO  o.e.b.c.i.u.g.PublishedGradleVersions - Gradle version information cache is up-to-date. Trying to read.
2024-05-30 13:29:12,213 [Worker-2: Building] INFO  o.e.m.c.i.l.LifecycleMappingFactory - Using org.eclipse.m2e.jdt.JarLifecycleMapping lifecycle mapping for MavenProject: in.aarav.rubral:SpringBoot2RestMediaTypeEx-2:1.0 @ /Users/aaravrubral/Documents/workspace/SpringBoot2RestMediaTypeEx-2/pom.xml.
2024-05-30 13:29:14,093 [Worker-10: Updating Maven Dependencies] INFO  o.e.m.c.i.l.LifecycleMappingFactory - Using org.eclipse.m2e.jdt.JarLifecycleMapping lifecycle mapping for MavenProject: in.aarav.rubral:SpringBoot2RestMediaTypeEx-2:1.0 @ /Users/aaravrubral/Documents/workspace/SpringBoot2RestMediaTypeEx-2/pom.xml.
2024-05-30 13:29:46,222 [Worker-5: Updating Maven Dependencies] INFO  o.e.m.c.i.l.LifecycleMappingFactory - Using org.eclipse.m2e.jdt.JarLifecycleMapping lifecycle mapping for MavenProject: in.aarav.rubral:SpringBoot2RestMediaTypeEx-3:1.0 @ /Users/aaravrubral/Documents/workspace/SpringBoot2RestMediaTypeEx-3/pom.xml.
2024-05-30 13:30:46,301 [Worker-1: Import Getting Started Content] INFO  o.e.m.c.i.l.LifecycleMappingFactory - Using org.eclipse.m2e.jdt.JarLifecycleMapping lifecycle mapping for MavenProject: in.aarav.rubral:SpringBoot2MediaTypeEx-4:1.0 @ /Users/aaravrubral/Documents/workspace/SpringBoot2MediaTypeEx-4/pom.xml.
2024-05-30 13:30:47,290 [Worker-1: Import Getting Started Content] INFO  o.e.m.j.i.AbstractJavaProjectConfigurator - Adding source folder /SpringBoot2MediaTypeEx-4/src/main/java
2024-05-30 13:30:47,292 [Worker-1: Import Getting Started Content] INFO  o.e.m.j.i.AbstractJavaProjectConfigurator - Adding resource folder /SpringBoot2MediaTypeEx-4/src/main/resources
2024-05-30 13:30:47,296 [Worker-1: Import Getting Started Content] INFO  o.e.m.j.i.AbstractJavaProjectConfigurator - Adding resource folder /SpringBoot2MediaTypeEx-4/src/main/resources
2024-05-30 13:30:47,301 [Worker-1: Import Getting Started Content] INFO  o.e.m.j.i.AbstractJavaProjectConfigurator - Adding source folder /SpringBoot2MediaTypeEx-4/src/test/java
2024-05-30 13:30:47,302 [Worker-1: Import Getting Started Content] INFO  o.e.m.j.i.AbstractJavaProjectConfigurator - Adding resource folder /SpringBoot2MediaTypeEx-4/src/test/resources
2024-05-30 13:30:47,565 [Worker-1: Import Getting Started Content] INFO  o.e.m.c.i.p.ProjectConfigurationManager - Imported and configured 1 project(s) in 1 sec
2024-05-30 13:30:47,570 [Worker-1: Import Getting Started Content] INFO  o.e.m.c.i.p.ProjectConfigurationManager - Update started
2024-05-30 13:30:47,913 [Worker-1: Import Getting Started Content] INFO  o.e.m.c.i.l.LifecycleMappingFactory - Using org.eclipse.m2e.jdt.JarLifecycleMapping lifecycle mapping for MavenProject: in.aarav.rubral:SpringBoot2MediaTypeEx-4:1.0 @ /Users/aaravrubral/Documents/workspace/SpringBoot2MediaTypeEx-4/pom.xml.
2024-05-30 13:30:48,201 [Worker-1: Import Getting Started Content] INFO  o.e.m.j.i.AbstractJavaProjectConfigurator - Adding source folder /SpringBoot2MediaTypeEx-4/src/main/java
2024-05-30 13:30:48,202 [Worker-1: Import Getting Started Content] INFO  o.e.m.j.i.AbstractJavaProjectConfigurator - Adding resource folder /SpringBoot2MediaTypeEx-4/src/main/resources
2024-05-30 13:30:48,203 [Worker-1: Import Getting Started Content] INFO  o.e.m.j.i.AbstractJavaProjectConfigurator - Adding resource folder /SpringBoot2MediaTypeEx-4/src/main/resources
2024-05-30 13:30:48,203 [Worker-1: Import Getting Started Content] INFO  o.e.m.j.i.AbstractJavaProjectConfigurator - Adding source folder /SpringBoot2MediaTypeEx-4/src/test/java
2024-05-30 13:30:48,204 [Worker-1: Import Getting Started Content] INFO  o.e.m.j.i.AbstractJavaProjectConfigurator - Adding resource folder /SpringBoot2MediaTypeEx-4/src/test/resources
2024-05-30 13:30:48,447 [Worker-1: Import Getting Started Content] INFO  o.e.m.c.i.p.ProjectConfigurationManager - Update completed for 1 poms: local refresh takes 0.00 sec, refresh facades takes 0.00 sec, update config takes 0.00 sec 
2024-05-30 13:30:48,979 [Worker-5: Building] INFO  o.a.m.s.f.DefaultMavenResourcesFiltering - Copying 1 resource from src/main/resources to target/classes
2024-05-30 13:30:49,008 [Worker-5: Building] INFO  o.a.m.s.f.DefaultMavenResourcesFiltering - Copying 0 resource from src/main/resources to target/classes
2024-05-30 13:30:49,015 [Worker-5: Building] INFO  o.a.m.s.f.DefaultMavenResourcesFiltering - skip non existing resourceDirectory /Users/aaravrubral/Documents/workspace/SpringBoot2MediaTypeEx-4/src/test/resources
2024-05-30 13:32:25,547 [Worker-3: Building] INFO  o.a.m.s.f.DefaultMavenResourcesFiltering - Copying 1 resource from src/main/resources to target/classes
2024-05-30 13:32:25,557 [Worker-3: Building] INFO  o.a.m.s.f.DefaultMavenResourcesFiltering - Copying 0 resource from src/main/resources to target/classes
2024-05-30 13:32:25,562 [Worker-3: Building] INFO  o.a.m.s.f.DefaultMavenResourcesFiltering - skip non existing resourceDirectory /Users/aaravrubral/Documents/workspace/SpringBoot2MediaTypeEx-4/src/test/resources
2024-05-30 13:33:55,582 [Worker-12: Building] INFO  o.a.m.s.f.DefaultMavenResourcesFiltering - Copying 1 resource from src/main/resources to target/classes
2024-05-30 13:33:55,614 [Worker-12: Building] INFO  o.a.m.s.f.DefaultMavenResourcesFiltering - Copying 0 resource from src/main/resources to target/classes
2024-05-30 13:33:55,646 [Worker-12: Building] INFO  o.a.m.s.f.DefaultMavenResourcesFiltering - skip non existing resourceDirectory /Users/aaravrubral/Documents/workspace/SpringBoot2MediaTypeEx-4/src/test/resources
2024-05-30 13:38:19,985 [Worker-4: Building] INFO  o.a.m.s.f.DefaultMavenResourcesFiltering - Copying 1 resource from src/main/resources to target/classes
2024-05-30 13:38:19,991 [Worker-4: Building] INFO  o.a.m.s.f.DefaultMavenResourcesFiltering - Copying 0 resource from src/main/resources to target/classes
2024-05-30 13:38:19,997 [Worker-4: Building] INFO  o.a.m.s.f.DefaultMavenResourcesFiltering - skip non existing resourceDirectory /Users/aaravrubral/Documents/workspace/SpringBoot2MediaTypeEx-4/src/test/resources
2024-05-30 13:40:35,816 [Worker-5: Building] INFO  o.a.m.s.f.DefaultMavenResourcesFiltering - Copying 1 resource from src/main/resources to target/classes
2024-05-30 13:40:35,831 [Worker-5: Building] INFO  o.a.m.s.f.DefaultMavenResourcesFiltering - Copying 0 resource from src/main/resources to target/classes
2024-05-30 13:40:35,835 [Worker-5: Building] INFO  o.a.m.s.f.DefaultMavenResourcesFiltering - skip non existing resourceDirectory /Users/aaravrubral/Documents/workspace/SpringBoot2MediaTypeEx-4/src/test/resources
2024-05-30 13:48:51,437 [Worker-4: Launching SpringBoot2RestH2DBCURDEx] INFO  o.eclipse.m2e.core.internal.Bundles - getClasspathEntries(Bundle=org.eclipse.m2e.maven.runtime_3.9.600.20231203-1234 [348])
2024-05-30 13:48:51,439 [Worker-4: Launching SpringBoot2RestH2DBCURDEx] INFO  o.eclipse.m2e.core.internal.Bundles - 	Entry: /Applications/SpringToolSuite4.app/Contents/Eclipse/plugins/org.eclipse.m2e.maven.runtime_3.9.600.20231203-1234
2024-05-30 13:48:51,439 [Worker-4: Launching SpringBoot2RestH2DBCURDEx] INFO  o.eclipse.m2e.core.internal.Bundles - 	Entry: /Applications/SpringToolSuite4.app/Contents/Eclipse/plugins/org.eclipse.m2e.maven.runtime_3.9.600.20231203-1234/jars/aopalliance-1.0.jar
2024-05-30 13:48:51,440 [Worker-4: Launching SpringBoot2RestH2DBCURDEx] INFO  o.eclipse.m2e.core.internal.Bundles - 	Entry: /Applications/SpringToolSuite4.app/Contents/Eclipse/plugins/org.eclipse.m2e.maven.runtime_3.9.600.20231203-1234/jars/guice-5.1.0.jar
2024-05-30 13:48:51,440 [Worker-4: Launching SpringBoot2RestH2DBCURDEx] INFO  o.eclipse.m2e.core.internal.Bundles - 	Entry: /Applications/SpringToolSuite4.app/Contents/Eclipse/plugins/org.eclipse.m2e.maven.runtime_3.9.600.20231203-1234/jars/httpclient-4.5.14.jar
2024-05-30 13:48:51,440 [Worker-4: Launching SpringBoot2RestH2DBCURDEx] INFO  o.eclipse.m2e.core.internal.Bundles - 	Entry: /Applications/SpringToolSuite4.app/Contents/Eclipse/plugins/org.eclipse.m2e.maven.runtime_3.9.600.20231203-1234/jars/httpcore-4.4.16.jar
2024-05-30 13:48:51,440 [Worker-4: Launching SpringBoot2RestH2DBCURDEx] INFO  o.eclipse.m2e.core.internal.Bundles - 	Entry: /Applications/SpringToolSuite4.app/Contents/Eclipse/plugins/org.eclipse.m2e.maven.runtime_3.9.600.20231203-1234/jars/jansi-2.4.0.jar
2024-05-30 13:48:51,440 [Worker-4: Launching SpringBoot2RestH2DBCURDEx] INFO  o.eclipse.m2e.core.internal.Bundles - 	Entry: /Applications/SpringToolSuite4.app/Contents/Eclipse/plugins/org.eclipse.m2e.maven.runtime_3.9.600.20231203-1234/jars/jcl-over-slf4j-1.7.36.jar
2024-05-30 13:48:51,440 [Worker-4: Launching SpringBoot2RestH2DBCURDEx] INFO  o.eclipse.m2e.core.internal.Bundles - 	Entry: /Applications/SpringToolSuite4.app/Contents/Eclipse/plugins/org.eclipse.m2e.maven.runtime_3.9.600.20231203-1234/jars/maven-artifact-3.9.6.jar
2024-05-30 13:48:51,440 [Worker-4: Launching SpringBoot2RestH2DBCURDEx] INFO  o.eclipse.m2e.core.internal.Bundles - 	Entry: /Applications/SpringToolSuite4.app/Contents/Eclipse/plugins/org.eclipse.m2e.maven.runtime_3.9.600.20231203-1234/jars/maven-builder-support-3.9.6.jar
2024-05-30 13:48:51,441 [Worker-4: Launching SpringBoot2RestH2DBCURDEx] INFO  o.eclipse.m2e.core.internal.Bundles - 	Entry: /Applications/SpringToolSuite4.app/Contents/Eclipse/plugins/org.eclipse.m2e.maven.runtime_3.9.600.20231203-1234/jars/maven-compat-3.9.6.jar
2024-05-30 13:48:51,441 [Worker-4: Launching SpringBoot2RestH2DBCURDEx] INFO  o.eclipse.m2e.core.internal.Bundles - 	Entry: /Applications/SpringToolSuite4.app/Contents/Eclipse/plugins/org.eclipse.m2e.maven.runtime_3.9.600.20231203-1234/jars/maven-core-3.9.6.jar
2024-05-30 13:48:51,441 [Worker-4: Launching SpringBoot2RestH2DBCURDEx] INFO  o.eclipse.m2e.core.internal.Bundles - 	Entry: /Applications/SpringToolSuite4.app/Contents/Eclipse/plugins/org.eclipse.m2e.maven.runtime_3.9.600.20231203-1234/jars/maven-embedder-3.9.6.jar
2024-05-30 13:48:51,441 [Worker-4: Launching SpringBoot2RestH2DBCURDEx] INFO  o.eclipse.m2e.core.internal.Bundles - 	Entry: /Applications/SpringToolSuite4.app/Contents/Eclipse/plugins/org.eclipse.m2e.maven.runtime_3.9.600.20231203-1234/jars/maven-model-3.9.6.jar
2024-05-30 13:48:51,441 [Worker-4: Launching SpringBoot2RestH2DBCURDEx] INFO  o.eclipse.m2e.core.internal.Bundles - 	Entry: /Applications/SpringToolSuite4.app/Contents/Eclipse/plugins/org.eclipse.m2e.maven.runtime_3.9.600.20231203-1234/jars/maven-model-builder-3.9.6.jar
2024-05-30 13:48:51,441 [Worker-4: Launching SpringBoot2RestH2DBCURDEx] INFO  o.eclipse.m2e.core.internal.Bundles - 	Entry: /Applications/SpringToolSuite4.app/Contents/Eclipse/plugins/org.eclipse.m2e.maven.runtime_3.9.600.20231203-1234/jars/maven-plugin-api-3.9.6.jar
2024-05-30 13:48:51,441 [Worker-4: Launching SpringBoot2RestH2DBCURDEx] INFO  o.eclipse.m2e.core.internal.Bundles - 	Entry: /Applications/SpringToolSuite4.app/Contents/Eclipse/plugins/org.eclipse.m2e.maven.runtime_3.9.600.20231203-1234/jars/maven-repository-metadata-3.9.6.jar
2024-05-30 13:48:51,441 [Worker-4: Launching SpringBoot2RestH2DBCURDEx] INFO  o.eclipse.m2e.core.internal.Bundles - 	Entry: /Applications/SpringToolSuite4.app/Contents/Eclipse/plugins/org.eclipse.m2e.maven.runtime_3.9.600.20231203-1234/jars/maven-resolver-api-1.9.18.jar
2024-05-30 13:48:51,442 [Worker-4: Launching SpringBoot2RestH2DBCURDEx] INFO  o.eclipse.m2e.core.internal.Bundles - 	Entry: /Applications/SpringToolSuite4.app/Contents/Eclipse/plugins/org.eclipse.m2e.maven.runtime_3.9.600.20231203-1234/jars/maven-resolver-connector-basic-1.9.18.jar
2024-05-30 13:48:51,442 [Worker-4: Launching SpringBoot2RestH2DBCURDEx] INFO  o.eclipse.m2e.core.internal.Bundles - 	Entry: /Applications/SpringToolSuite4.app/Contents/Eclipse/plugins/org.eclipse.m2e.maven.runtime_3.9.600.20231203-1234/jars/maven-resolver-impl-1.9.18.jar
2024-05-30 13:48:51,442 [Worker-4: Launching SpringBoot2RestH2DBCURDEx] INFO  o.eclipse.m2e.core.internal.Bundles - 	Entry: /Applications/SpringToolSuite4.app/Contents/Eclipse/plugins/org.eclipse.m2e.maven.runtime_3.9.600.20231203-1234/jars/maven-resolver-named-locks-1.9.18.jar
2024-05-30 13:48:51,442 [Worker-4: Launching SpringBoot2RestH2DBCURDEx] INFO  o.eclipse.m2e.core.internal.Bundles - 	Entry: /Applications/SpringToolSuite4.app/Contents/Eclipse/plugins/org.eclipse.m2e.maven.runtime_3.9.600.20231203-1234/jars/maven-resolver-provider-3.9.6.jar
2024-05-30 13:48:51,442 [Worker-4: Launching SpringBoot2RestH2DBCURDEx] INFO  o.eclipse.m2e.core.internal.Bundles - 	Entry: /Applications/SpringToolSuite4.app/Contents/Eclipse/plugins/org.eclipse.m2e.maven.runtime_3.9.600.20231203-1234/jars/maven-resolver-spi-1.9.18.jar
2024-05-30 13:48:51,442 [Worker-4: Launching SpringBoot2RestH2DBCURDEx] INFO  o.eclipse.m2e.core.internal.Bundles - 	Entry: /Applications/SpringToolSuite4.app/Contents/Eclipse/plugins/org.eclipse.m2e.maven.runtime_3.9.600.20231203-1234/jars/maven-resolver-transport-file-1.9.18.jar
2024-05-30 13:48:51,443 [Worker-4: Launching SpringBoot2RestH2DBCURDEx] INFO  o.eclipse.m2e.core.internal.Bundles - 	Entry: /Applications/SpringToolSuite4.app/Contents/Eclipse/plugins/org.eclipse.m2e.maven.runtime_3.9.600.20231203-1234/jars/maven-resolver-transport-http-1.9.18.jar
2024-05-30 13:48:51,443 [Worker-4: Launching SpringBoot2RestH2DBCURDEx] INFO  o.eclipse.m2e.core.internal.Bundles - 	Entry: /Applications/SpringToolSuite4.app/Contents/Eclipse/plugins/org.eclipse.m2e.maven.runtime_3.9.600.20231203-1234/jars/maven-resolver-transport-wagon-1.9.18.jar
2024-05-30 13:48:51,443 [Worker-4: Launching SpringBoot2RestH2DBCURDEx] INFO  o.eclipse.m2e.core.internal.Bundles - 	Entry: /Applications/SpringToolSuite4.app/Contents/Eclipse/plugins/org.eclipse.m2e.maven.runtime_3.9.600.20231203-1234/jars/maven-resolver-util-1.9.18.jar
2024-05-30 13:48:51,443 [Worker-4: Launching SpringBoot2RestH2DBCURDEx] INFO  o.eclipse.m2e.core.internal.Bundles - 	Entry: /Applications/SpringToolSuite4.app/Contents/Eclipse/plugins/org.eclipse.m2e.maven.runtime_3.9.600.20231203-1234/jars/maven-settings-3.9.6.jar
2024-05-30 13:48:51,443 [Worker-4: Launching SpringBoot2RestH2DBCURDEx] INFO  o.eclipse.m2e.core.internal.Bundles - 	Entry: /Applications/SpringToolSuite4.app/Contents/Eclipse/plugins/org.eclipse.m2e.maven.runtime_3.9.600.20231203-1234/jars/maven-settings-builder-3.9.6.jar
2024-05-30 13:48:51,443 [Worker-4: Launching SpringBoot2RestH2DBCURDEx] INFO  o.eclipse.m2e.core.internal.Bundles - 	Entry: /Applications/SpringToolSuite4.app/Contents/Eclipse/plugins/org.eclipse.m2e.maven.runtime_3.9.600.20231203-1234/jars/maven-shared-utils-3.3.4.jar
2024-05-30 13:48:51,443 [Worker-4: Launching SpringBoot2RestH2DBCURDEx] INFO  o.eclipse.m2e.core.internal.Bundles - 	Entry: /Applications/SpringToolSuite4.app/Contents/Eclipse/plugins/org.eclipse.m2e.maven.runtime_3.9.600.20231203-1234/jars/org.eclipse.sisu.inject-0.9.0.M2.jar
2024-05-30 13:48:51,443 [Worker-4: Launching SpringBoot2RestH2DBCURDEx] INFO  o.eclipse.m2e.core.internal.Bundles - 	Entry: /Applications/SpringToolSuite4.app/Contents/Eclipse/plugins/org.eclipse.m2e.maven.runtime_3.9.600.20231203-1234/jars/org.eclipse.sisu.plexus-0.9.0.M2.jar
2024-05-30 13:48:51,443 [Worker-4: Launching SpringBoot2RestH2DBCURDEx] INFO  o.eclipse.m2e.core.internal.Bundles - 	Entry: /Applications/SpringToolSuite4.app/Contents/Eclipse/plugins/org.eclipse.m2e.maven.runtime_3.9.600.20231203-1234/jars/plexus-build-api-0.0.7.jar
2024-05-30 13:48:51,444 [Worker-4: Launching SpringBoot2RestH2DBCURDEx] INFO  o.eclipse.m2e.core.internal.Bundles - 	Entry: /Applications/SpringToolSuite4.app/Contents/Eclipse/plugins/org.eclipse.m2e.maven.runtime_3.9.600.20231203-1234/jars/plexus-cipher-2.0.jar
2024-05-30 13:48:51,444 [Worker-4: Launching SpringBoot2RestH2DBCURDEx] INFO  o.eclipse.m2e.core.internal.Bundles - 	Entry: /Applications/SpringToolSuite4.app/Contents/Eclipse/plugins/org.eclipse.m2e.maven.runtime_3.9.600.20231203-1234/jars/plexus-classworlds-2.7.0.jar
2024-05-30 13:48:51,444 [Worker-4: Launching SpringBoot2RestH2DBCURDEx] INFO  o.eclipse.m2e.core.internal.Bundles - 	Entry: /Applications/SpringToolSuite4.app/Contents/Eclipse/plugins/org.eclipse.m2e.maven.runtime_3.9.600.20231203-1234/jars/plexus-component-annotations-2.1.0.jar
2024-05-30 13:48:51,444 [Worker-4: Launching SpringBoot2RestH2DBCURDEx] INFO  o.eclipse.m2e.core.internal.Bundles - 	Entry: /Applications/SpringToolSuite4.app/Contents/Eclipse/plugins/org.eclipse.m2e.maven.runtime_3.9.600.20231203-1234/jars/plexus-interpolation-1.26.jar
2024-05-30 13:48:51,444 [Worker-4: Launching SpringBoot2RestH2DBCURDEx] INFO  o.eclipse.m2e.core.internal.Bundles - 	Entry: /Applications/SpringToolSuite4.app/Contents/Eclipse/plugins/org.eclipse.m2e.maven.runtime_3.9.600.20231203-1234/jars/plexus-sec-dispatcher-2.0.jar
2024-05-30 13:48:51,444 [Worker-4: Launching SpringBoot2RestH2DBCURDEx] INFO  o.eclipse.m2e.core.internal.Bundles - 	Entry: /Applications/SpringToolSuite4.app/Contents/Eclipse/plugins/org.eclipse.m2e.maven.runtime_3.9.600.20231203-1234/jars/plexus-utils-3.5.1.jar
2024-05-30 13:48:51,444 [Worker-4: Launching SpringBoot2RestH2DBCURDEx] INFO  o.eclipse.m2e.core.internal.Bundles - 	Entry: /Applications/SpringToolSuite4.app/Contents/Eclipse/plugins/org.eclipse.m2e.maven.runtime_3.9.600.20231203-1234/jars/wagon-file-3.5.3.jar
2024-05-30 13:48:51,444 [Worker-4: Launching SpringBoot2RestH2DBCURDEx] INFO  o.eclipse.m2e.core.internal.Bundles - 	Entry: /Applications/SpringToolSuite4.app/Contents/Eclipse/plugins/org.eclipse.m2e.maven.runtime_3.9.600.20231203-1234/jars/wagon-http-3.5.3.jar
2024-05-30 13:48:51,445 [Worker-4: Launching SpringBoot2RestH2DBCURDEx] INFO  o.eclipse.m2e.core.internal.Bundles - 	Entry: /Applications/SpringToolSuite4.app/Contents/Eclipse/plugins/org.eclipse.m2e.maven.runtime_3.9.600.20231203-1234/jars/wagon-http-shared-3.5.3.jar
2024-05-30 13:48:51,445 [Worker-4: Launching SpringBoot2RestH2DBCURDEx] INFO  o.eclipse.m2e.core.internal.Bundles - 	Entry: /Applications/SpringToolSuite4.app/Contents/Eclipse/plugins/org.eclipse.m2e.maven.runtime_3.9.600.20231203-1234/jars/wagon-provider-api-3.5.3.jar
2024-05-30 13:48:51,446 [Worker-4: Launching SpringBoot2RestH2DBCURDEx] INFO  o.eclipse.m2e.core.internal.Bundles - getClasspathEntries(Bundle=com.google.guava_33.0.0.jre [27])
2024-05-30 13:48:51,447 [Worker-4: Launching SpringBoot2RestH2DBCURDEx] INFO  o.eclipse.m2e.core.internal.Bundles - 	Entry: /Applications/SpringToolSuite4.app/Contents/Eclipse/plugins/com.google.guava_33.0.0.jre.jar
2024-05-30 13:48:51,447 [Worker-4: Launching SpringBoot2RestH2DBCURDEx] INFO  o.eclipse.m2e.core.internal.Bundles - getClasspathEntries(Bundle=slf4j.api_2.0.12 [578])
2024-05-30 13:48:51,447 [Worker-4: Launching SpringBoot2RestH2DBCURDEx] INFO  o.eclipse.m2e.core.internal.Bundles - 	Entry: /Applications/SpringToolSuite4.app/Contents/Eclipse/plugins/slf4j.api_2.0.12.jar
2024-05-30 13:48:51,447 [Worker-4: Launching SpringBoot2RestH2DBCURDEx] INFO  o.eclipse.m2e.core.internal.Bundles - getClasspathEntries(Bundle=jakarta.inject.jakarta.inject-api_1.0.5 [44])
2024-05-30 13:48:51,448 [Worker-4: Launching SpringBoot2RestH2DBCURDEx] INFO  o.eclipse.m2e.core.internal.Bundles - 	Entry: /Applications/SpringToolSuite4.app/Contents/Eclipse/plugins/jakarta.inject.jakarta.inject-api_1.0.5.jar
2024-05-30 13:48:51,448 [Worker-4: Launching SpringBoot2RestH2DBCURDEx] INFO  o.eclipse.m2e.core.internal.Bundles - getClasspathEntries(Bundle=jakarta.annotation-api_1.3.5 [40])
2024-05-30 13:48:51,448 [Worker-4: Launching SpringBoot2RestH2DBCURDEx] INFO  o.eclipse.m2e.core.internal.Bundles - 	Entry: /Applications/SpringToolSuite4.app/Contents/Eclipse/plugins/jakarta.annotation-api_1.3.5.jar
2024-05-30 13:48:51,448 [Worker-4: Launching SpringBoot2RestH2DBCURDEx] INFO  o.eclipse.m2e.core.internal.Bundles - getClasspathEntries(Bundle=org.apache.commons.cli_1.6.0 [75])
2024-05-30 13:48:51,448 [Worker-4: Launching SpringBoot2RestH2DBCURDEx] INFO  o.eclipse.m2e.core.internal.Bundles - 	Entry: /Applications/SpringToolSuite4.app/Contents/Eclipse/plugins/org.apache.commons.cli_1.6.0.jar
2024-05-30 13:48:51,448 [Worker-4: Launching SpringBoot2RestH2DBCURDEx] INFO  o.eclipse.m2e.core.internal.Bundles - getClasspathEntries(Bundle=org.apache.commons.commons-codec_1.16.0 [77])
2024-05-30 13:48:51,448 [Worker-4: Launching SpringBoot2RestH2DBCURDEx] INFO  o.eclipse.m2e.core.internal.Bundles - 	Entry: /Applications/SpringToolSuite4.app/Contents/Eclipse/plugins/org.apache.commons.commons-codec_1.16.0.jar
2024-05-30 13:48:51,448 [Worker-4: Launching SpringBoot2RestH2DBCURDEx] INFO  o.eclipse.m2e.core.internal.Bundles - getClasspathEntries(Bundle=org.apache.commons.lang3_3.14.0 [81])
2024-05-30 13:48:51,448 [Worker-4: Launching SpringBoot2RestH2DBCURDEx] INFO  o.eclipse.m2e.core.internal.Bundles - 	Entry: /Applications/SpringToolSuite4.app/Contents/Eclipse/plugins/org.apache.commons.lang3_3.14.0.jar
2024-05-30 13:48:51,448 [Worker-4: Launching SpringBoot2RestH2DBCURDEx] INFO  o.eclipse.m2e.core.internal.Bundles - getClasspathEntries(Bundle=com.google.guava.failureaccess_1.0.2 [29])
2024-05-30 13:48:51,449 [Worker-4: Launching SpringBoot2RestH2DBCURDEx] INFO  o.eclipse.m2e.core.internal.Bundles - 	Entry: /Applications/SpringToolSuite4.app/Contents/Eclipse/plugins/com.google.guava.failureaccess_1.0.2.jar
2024-05-30 13:48:51,457 [Worker-4: Launching SpringBoot2RestH2DBCURDEx] INFO  o.e.m.i.launch.MavenLaunchDelegate - Run build in "/Users/aaravrubral/Documents/workspace/SpringBoot2RestH2DBCURDEx":
2024-05-30 13:48:51,462 [Worker-4: Launching SpringBoot2RestH2DBCURDEx] INFO  o.e.m.i.launch.MavenLaunchDelegate -  mvn  -Ppom.xml -B -Dstyle.color=always 
2024-05-30 13:48:51,654 [Worker-12: Building] INFO  o.a.m.s.f.DefaultMavenResourcesFiltering - Copying 1 resource from src/main/resources to target/classes
2024-05-30 13:48:51,716 [Worker-12: Building] INFO  o.a.m.s.f.DefaultMavenResourcesFiltering - Copying 0 resource from src/main/resources to target/classes
2024-05-30 13:48:51,732 [Worker-12: Building] INFO  o.a.m.s.f.DefaultMavenResourcesFiltering - skip non existing resourceDirectory /Users/aaravrubral/Documents/workspace/SpringBoot2MediaTypeEx-4/src/test/resources
2024-08-06 05:52:42,995 [Worker-1: Loading available Gradle versions] INFO  o.e.b.c.i.u.g.PublishedGradleVersions - Gradle version information cache is out-of-date. Trying to update.
2024-08-06 05:53:13,745 [Worker-1: Loading available Gradle versions] INFO  o.e.b.c.i.u.g.PublishedGradleVersions - Updating Gradle version information cache failed. Using outdated cache.
2024-08-06 06:00:38,737 [Worker-18: Launching SpringBoot2RestMediaTypeEx - SpringBoot2RestMediaTypeExApplication] INFO  o.a.m.s.f.DefaultMavenResourcesFiltering - Copying 1 resource from src/main/resources to target/classes
2024-08-06 06:00:38,764 [Worker-18: Launching SpringBoot2RestMediaTypeEx - SpringBoot2RestMediaTypeExApplication] INFO  o.a.m.s.f.DefaultMavenResourcesFiltering - Copying 0 resource from src/main/resources to target/classes
2024-08-06 06:00:38,771 [Worker-18: Launching SpringBoot2RestMediaTypeEx - SpringBoot2RestMediaTypeExApplication] INFO  o.a.m.s.f.DefaultMavenResourcesFiltering - skip non existing resourceDirectory /Users/aaravrubral/Documents/workspace/SpringBoot2RestMediaTypeEx/src/test/resources
2024-08-10 13:09:42,705 [Worker-4: Loading available Gradle versions] INFO  o.e.b.c.i.u.g.PublishedGradleVersions - Gradle version information cache is out-of-date. Trying to update.
2024-08-10 13:10:36,789 [Worker-3: Building] INFO  o.a.m.s.f.DefaultMavenResourcesFiltering - Copying 1 resource from src/main/resources to target/classes
2024-08-10 13:10:36,841 [Worker-3: Building] INFO  o.a.m.s.f.DefaultMavenResourcesFiltering - Copying 0 resource from src/main/resources to target/classes
2024-08-10 13:10:36,860 [Worker-3: Building] INFO  o.a.m.s.f.DefaultMavenResourcesFiltering - skip non existing resourceDirectory /Users/aaravrubral/Documents/workspace/SpringBoot2RestMediaTypeEx/src/test/resources
2024-08-10 13:16:26,135 [Worker-1: Launching BinarySearch] INFO  o.a.m.s.f.DefaultMavenResourcesFiltering - Copying 1 resource from src/main/resources to target/classes
2024-08-10 13:16:26,392 [Worker-1: Launching BinarySearch] INFO  o.a.m.s.f.DefaultMavenResourcesFiltering - Copying 0 resource from src/main/resources to target/classes
2024-08-10 13:16:26,465 [Worker-1: Launching BinarySearch] INFO  o.a.m.s.f.DefaultMavenResourcesFiltering - skip non existing resourceDirectory /Users/aaravrubral/Documents/workspace/SpringBoot2RestMediaTypeEx/src/test/resources
2024-08-10 13:37:10,047 [Worker-17: Building] INFO  o.a.m.s.f.DefaultMavenResourcesFiltering - Copying 1 resource from src/main/resources to target/classes
2024-08-10 13:37:10,667 [Worker-17: Building] INFO  o.a.m.s.f.DefaultMavenResourcesFiltering - Copying 0 resource from src/main/resources to target/classes
2024-08-10 13:37:10,678 [Worker-17: Building] INFO  o.a.m.s.f.DefaultMavenResourcesFiltering - skip non existing resourceDirectory /Users/aaravrubral/Documents/workspace/SpringBoot2RestMediaTypeEx/src/test/resources
2024-08-10 13:46:22,568 [Worker-14: Building] INFO  o.a.m.s.f.DefaultMavenResourcesFiltering - Copying 1 resource from src/main/resources to target/classes
2024-08-10 13:46:22,667 [Worker-14: Building] INFO  o.a.m.s.f.DefaultMavenResourcesFiltering - Copying 0 resource from src/main/resources to target/classes
2024-08-10 13:46:22,672 [Worker-14: Building] INFO  o.a.m.s.f.DefaultMavenResourcesFiltering - skip non existing resourceDirectory /Users/aaravrubral/Documents/workspace/SpringBoot2RestMediaTypeEx/src/test/resources
2024-08-10 13:47:47,000 [Worker-15: Launching RainWater] INFO  o.a.m.s.f.DefaultMavenResourcesFiltering - Copying 1 resource from src/main/resources to target/classes
2024-08-10 13:47:47,192 [Worker-15: Launching RainWater] INFO  o.a.m.s.f.DefaultMavenResourcesFiltering - Copying 0 resource from src/main/resources to target/classes
2024-08-10 13:47:47,211 [Worker-15: Launching RainWater] INFO  o.a.m.s.f.DefaultMavenResourcesFiltering - skip non existing resourceDirectory /Users/aaravrubral/Documents/workspace/SpringBoot2RestMediaTypeEx/src/test/resources
2024-08-10 13:48:42,039 [Worker-15: Launching RainWater] INFO  o.a.m.s.f.DefaultMavenResourcesFiltering - Copying 1 resource from src/main/resources to target/classes
2024-08-10 13:48:42,202 [Worker-15: Launching RainWater] INFO  o.a.m.s.f.DefaultMavenResourcesFiltering - Copying 0 resource from src/main/resources to target/classes
2024-08-10 13:48:42,209 [Worker-15: Launching RainWater] INFO  o.a.m.s.f.DefaultMavenResourcesFiltering - skip non existing resourceDirectory /Users/aaravrubral/Documents/workspace/SpringBoot2RestMediaTypeEx/src/test/resources
2024-08-10 13:51:05,507 [Worker-21: Launching RainWater] INFO  o.a.m.s.f.DefaultMavenResourcesFiltering - Copying 1 resource from src/main/resources to target/classes
2024-08-10 13:51:05,553 [Worker-21: Launching RainWater] INFO  o.a.m.s.f.DefaultMavenResourcesFiltering - Copying 0 resource from src/main/resources to target/classes
2024-08-10 13:51:05,563 [Worker-21: Launching RainWater] INFO  o.a.m.s.f.DefaultMavenResourcesFiltering - skip non existing resourceDirectory /Users/aaravrubral/Documents/workspace/SpringBoot2RestMediaTypeEx/src/test/resources
2024-08-24 22:16:45,965 [Worker-7: Loading available Gradle versions] INFO  o.e.b.c.i.u.g.PublishedGradleVersions - Gradle version information cache is out-of-date. Trying to update.
2024-08-24 22:17:43,437 [Worker-5: Loading available Gradle versions] INFO  o.e.b.c.i.u.g.PublishedGradleVersions - Gradle version information cache is up-to-date. Trying to read.
2024-08-24 22:18:57,799 [Worker-2: Import Getting Started Content] INFO  o.e.m.c.i.e.AbstractTransferListenerAdapter - Downloading https://repo.maven.apache.org/maven2/org/springframework/boot/spring-boot-starter-parent/3.3.3/spring-boot-starter-parent-3.3.3.pom
2024-08-24 22:18:57,832 [Worker-2: Import Getting Started Content] INFO  o.e.m.c.i.e.AbstractTransferListenerAdapter - Downloaded https://repo.maven.apache.org/maven2/org/springframework/boot/spring-boot-starter-parent/3.3.3/spring-boot-starter-parent-3.3.3.pom
2024-08-24 22:18:57,862 [Worker-2: Import Getting Started Content] INFO  o.e.m.c.i.e.AbstractTransferListenerAdapter - Downloading https://repo.maven.apache.org/maven2/org/springframework/boot/spring-boot-dependencies/3.3.3/spring-boot-dependencies-3.3.3.pom
2024-08-24 22:18:57,888 [Worker-2: Import Getting Started Content] INFO  o.e.m.c.i.e.AbstractTransferListenerAdapter - Downloaded https://repo.maven.apache.org/maven2/org/springframework/boot/spring-boot-dependencies/3.3.3/spring-boot-dependencies-3.3.3.pom
2024-08-24 22:18:57,994 [Worker-2: Import Getting Started Content] INFO  o.e.m.c.i.e.AbstractTransferListenerAdapter - Downloading https://repo.maven.apache.org/maven2/org/apache/activemq/activemq-bom/6.1.3/activemq-bom-6.1.3.pom
2024-08-24 22:18:57,998 [Worker-2: Import Getting Started Content] INFO  o.e.m.c.i.e.AbstractTransferListenerAdapter - Downloaded https://repo.maven.apache.org/maven2/org/apache/activemq/activemq-bom/6.1.3/activemq-bom-6.1.3.pom
2024-08-24 22:18:58,094 [Worker-2: Import Getting Started Content] INFO  o.e.m.c.i.e.AbstractTransferListenerAdapter - Downloading https://repo.maven.apache.org/maven2/org/apache/groovy/groovy-bom/4.0.22/groovy-bom-4.0.22.pom
2024-08-24 22:18:58,101 [Worker-2: Import Getting Started Content] INFO  o.e.m.c.i.e.AbstractTransferListenerAdapter - Downloaded https://repo.maven.apache.org/maven2/org/apache/groovy/groovy-bom/4.0.22/groovy-bom-4.0.22.pom
2024-08-24 22:18:58,123 [Worker-2: Import Getting Started Content] INFO  o.e.m.c.i.e.AbstractTransferListenerAdapter - Downloading https://repo.maven.apache.org/maven2/org/infinispan/infinispan-bom/15.0.7.Final/infinispan-bom-15.0.7.Final.pom
2024-08-24 22:18:58,135 [Worker-2: Import Getting Started Content] INFO  o.e.m.c.i.e.AbstractTransferListenerAdapter - Downloaded https://repo.maven.apache.org/maven2/org/infinispan/infinispan-bom/15.0.7.Final/infinispan-bom-15.0.7.Final.pom
2024-08-24 22:18:58,153 [Worker-2: Import Getting Started Content] INFO  o.e.m.c.i.e.AbstractTransferListenerAdapter - Downloading https://repo.maven.apache.org/maven2/org/infinispan/infinispan-build-configuration-parent/15.0.7.Final/infinispan-build-configuration-parent-15.0.7.Final.pom
2024-08-24 22:18:58,160 [Worker-2: Import Getting Started Content] INFO  o.e.m.c.i.e.AbstractTransferListenerAdapter - Downloaded https://repo.maven.apache.org/maven2/org/infinispan/infinispan-build-configuration-parent/15.0.7.Final/infinispan-build-configuration-parent-15.0.7.Final.pom
2024-08-24 22:18:58,200 [Worker-2: Import Getting Started Content] INFO  o.e.m.c.i.e.AbstractTransferListenerAdapter - Downloading https://repo.maven.apache.org/maven2/com/fasterxml/jackson/jackson-bom/2.17.2/jackson-bom-2.17.2.pom
2024-08-24 22:18:58,208 [Worker-2: Import Getting Started Content] INFO  o.e.m.c.i.e.AbstractTransferListenerAdapter - Downloaded https://repo.maven.apache.org/maven2/com/fasterxml/jackson/jackson-bom/2.17.2/jackson-bom-2.17.2.pom
2024-08-24 22:18:58,248 [Worker-2: Import Getting Started Content] INFO  o.e.m.c.i.e.AbstractTransferListenerAdapter - Downloading https://repo.maven.apache.org/maven2/org/glassfish/jersey/jersey-bom/3.1.8/jersey-bom-3.1.8.pom
2024-08-24 22:18:58,256 [Worker-2: Import Getting Started Content] INFO  o.e.m.c.i.e.AbstractTransferListenerAdapter - Downloaded https://repo.maven.apache.org/maven2/org/glassfish/jersey/jersey-bom/3.1.8/jersey-bom-3.1.8.pom
2024-08-24 22:18:58,275 [Worker-2: Import Getting Started Content] INFO  o.e.m.c.i.e.AbstractTransferListenerAdapter - Downloading https://repo.maven.apache.org/maven2/org/eclipse/jetty/ee10/jetty-ee10-bom/12.0.12/jetty-ee10-bom-12.0.12.pom
2024-08-24 22:18:58,280 [Worker-2: Import Getting Started Content] INFO  o.e.m.c.i.e.AbstractTransferListenerAdapter - Downloaded https://repo.maven.apache.org/maven2/org/eclipse/jetty/ee10/jetty-ee10-bom/12.0.12/jetty-ee10-bom-12.0.12.pom
2024-08-24 22:18:58,298 [Worker-2: Import Getting Started Content] INFO  o.e.m.c.i.e.AbstractTransferListenerAdapter - Downloading https://repo.maven.apache.org/maven2/org/eclipse/jetty/jetty-bom/12.0.12/jetty-bom-12.0.12.pom
2024-08-24 22:18:58,304 [Worker-2: Import Getting Started Content] INFO  o.e.m.c.i.e.AbstractTransferListenerAdapter - Downloaded https://repo.maven.apache.org/maven2/org/eclipse/jetty/jetty-bom/12.0.12/jetty-bom-12.0.12.pom
2024-08-24 22:18:58,320 [Worker-2: Import Getting Started Content] INFO  o.e.m.c.i.e.AbstractTransferListenerAdapter - Downloading https://repo.maven.apache.org/maven2/org/junit/junit-bom/5.10.3/junit-bom-5.10.3.pom
2024-08-24 22:18:58,324 [Worker-2: Import Getting Started Content] INFO  o.e.m.c.i.e.AbstractTransferListenerAdapter - Downloaded https://repo.maven.apache.org/maven2/org/junit/junit-bom/5.10.3/junit-bom-5.10.3.pom
2024-08-24 22:18:58,341 [Worker-2: Import Getting Started Content] INFO  o.e.m.c.i.e.AbstractTransferListenerAdapter - Downloading https://repo.maven.apache.org/maven2/org/jetbrains/kotlin/kotlin-bom/1.9.25/kotlin-bom-1.9.25.pom
2024-08-24 22:18:58,345 [Worker-2: Import Getting Started Content] INFO  o.e.m.c.i.e.AbstractTransferListenerAdapter - Downloaded https://repo.maven.apache.org/maven2/org/jetbrains/kotlin/kotlin-bom/1.9.25/kotlin-bom-1.9.25.pom
2024-08-24 22:18:58,385 [Worker-2: Import Getting Started Content] INFO  o.e.m.c.i.e.AbstractTransferListenerAdapter - Downloading https://repo.maven.apache.org/maven2/io/micrometer/micrometer-bom/1.13.3/micrometer-bom-1.13.3.pom
2024-08-24 22:18:58,389 [Worker-2: Import Getting Started Content] INFO  o.e.m.c.i.e.AbstractTransferListenerAdapter - Downloaded https://repo.maven.apache.org/maven2/io/micrometer/micrometer-bom/1.13.3/micrometer-bom-1.13.3.pom
2024-08-24 22:18:58,404 [Worker-2: Import Getting Started Content] INFO  o.e.m.c.i.e.AbstractTransferListenerAdapter - Downloading https://repo.maven.apache.org/maven2/io/micrometer/micrometer-tracing-bom/1.3.3/micrometer-tracing-bom-1.3.3.pom
2024-08-24 22:18:58,408 [Worker-2: Import Getting Started Content] INFO  o.e.m.c.i.e.AbstractTransferListenerAdapter - Downloaded https://repo.maven.apache.org/maven2/io/micrometer/micrometer-tracing-bom/1.3.3/micrometer-tracing-bom-1.3.3.pom
2024-08-24 22:18:58,428 [Worker-2: Import Getting Started Content] INFO  o.e.m.c.i.e.AbstractTransferListenerAdapter - Downloading https://repo.maven.apache.org/maven2/io/netty/netty-bom/4.1.112.Final/netty-bom-4.1.112.Final.pom
2024-08-24 22:18:58,432 [Worker-2: Import Getting Started Content] INFO  o.e.m.c.i.e.AbstractTransferListenerAdapter - Downloaded https://repo.maven.apache.org/maven2/io/netty/netty-bom/4.1.112.Final/netty-bom-4.1.112.Final.pom
2024-08-24 22:18:58,476 [Worker-2: Import Getting Started Content] INFO  o.e.m.c.i.e.AbstractTransferListenerAdapter - Downloading https://repo.maven.apache.org/maven2/org/apache/pulsar/pulsar-bom/3.2.4/pulsar-bom-3.2.4.pom
2024-08-24 22:18:58,483 [Worker-2: Import Getting Started Content] INFO  o.e.m.c.i.e.AbstractTransferListenerAdapter - Downloaded https://repo.maven.apache.org/maven2/org/apache/pulsar/pulsar-bom/3.2.4/pulsar-bom-3.2.4.pom
2024-08-24 22:18:58,508 [Worker-2: Import Getting Started Content] INFO  o.e.m.c.i.e.AbstractTransferListenerAdapter - Downloading https://repo.maven.apache.org/maven2/io/projectreactor/reactor-bom/2023.0.9/reactor-bom-2023.0.9.pom
2024-08-24 22:18:58,513 [Worker-2: Import Getting Started Content] INFO  o.e.m.c.i.e.AbstractTransferListenerAdapter - Downloaded https://repo.maven.apache.org/maven2/io/projectreactor/reactor-bom/2023.0.9/reactor-bom-2023.0.9.pom
2024-08-24 22:18:58,537 [Worker-2: Import Getting Started Content] INFO  o.e.m.c.i.e.AbstractTransferListenerAdapter - Downloading https://repo.maven.apache.org/maven2/org/springframework/amqp/spring-amqp-bom/3.1.7/spring-amqp-bom-3.1.7.pom
2024-08-24 22:18:58,541 [Worker-2: Import Getting Started Content] INFO  o.e.m.c.i.e.AbstractTransferListenerAdapter - Downloaded https://repo.maven.apache.org/maven2/org/springframework/amqp/spring-amqp-bom/3.1.7/spring-amqp-bom-3.1.7.pom
2024-08-24 22:18:58,567 [Worker-2: Import Getting Started Content] INFO  o.e.m.c.i.e.AbstractTransferListenerAdapter - Downloading https://repo.maven.apache.org/maven2/org/springframework/data/spring-data-bom/2024.0.3/spring-data-bom-2024.0.3.pom
2024-08-24 22:18:58,570 [Worker-2: Import Getting Started Content] INFO  o.e.m.c.i.e.AbstractTransferListenerAdapter - Downloaded https://repo.maven.apache.org/maven2/org/springframework/data/spring-data-bom/2024.0.3/spring-data-bom-2024.0.3.pom
2024-08-24 22:18:58,585 [Worker-2: Import Getting Started Content] INFO  o.e.m.c.i.e.AbstractTransferListenerAdapter - Downloading https://repo.maven.apache.org/maven2/org/springframework/spring-framework-bom/6.1.12/spring-framework-bom-6.1.12.pom
2024-08-24 22:18:58,587 [Worker-2: Import Getting Started Content] INFO  o.e.m.c.i.e.AbstractTransferListenerAdapter - Downloaded https://repo.maven.apache.org/maven2/org/springframework/spring-framework-bom/6.1.12/spring-framework-bom-6.1.12.pom
2024-08-24 22:18:58,600 [Worker-2: Import Getting Started Content] INFO  o.e.m.c.i.e.AbstractTransferListenerAdapter - Downloading https://repo.maven.apache.org/maven2/org/springframework/integration/spring-integration-bom/6.3.3/spring-integration-bom-6.3.3.pom
2024-08-24 22:18:58,604 [Worker-2: Import Getting Started Content] INFO  o.e.m.c.i.e.AbstractTransferListenerAdapter - Downloaded https://repo.maven.apache.org/maven2/org/springframework/integration/spring-integration-bom/6.3.3/spring-integration-bom-6.3.3.pom
2024-08-24 22:18:58,617 [Worker-2: Import Getting Started Content] INFO  o.e.m.c.i.e.AbstractTransferListenerAdapter - Downloading https://repo.maven.apache.org/maven2/org/springframework/pulsar/spring-pulsar-bom/1.1.3/spring-pulsar-bom-1.1.3.pom
2024-08-24 22:18:58,621 [Worker-2: Import Getting Started Content] INFO  o.e.m.c.i.e.AbstractTransferListenerAdapter - Downloaded https://repo.maven.apache.org/maven2/org/springframework/pulsar/spring-pulsar-bom/1.1.3/spring-pulsar-bom-1.1.3.pom
2024-08-24 22:18:58,636 [Worker-2: Import Getting Started Content] INFO  o.e.m.c.i.e.AbstractTransferListenerAdapter - Downloading https://repo.maven.apache.org/maven2/org/springframework/security/spring-security-bom/6.3.3/spring-security-bom-6.3.3.pom
2024-08-24 22:18:58,638 [Worker-2: Import Getting Started Content] INFO  o.e.m.c.i.e.AbstractTransferListenerAdapter - Downloaded https://repo.maven.apache.org/maven2/org/springframework/security/spring-security-bom/6.3.3/spring-security-bom-6.3.3.pom
2024-08-24 22:18:58,652 [Worker-2: Import Getting Started Content] INFO  o.e.m.c.i.e.AbstractTransferListenerAdapter - Downloading https://repo.maven.apache.org/maven2/org/springframework/session/spring-session-bom/3.3.2/spring-session-bom-3.3.2.pom
2024-08-24 22:18:58,654 [Worker-2: Import Getting Started Content] INFO  o.e.m.c.i.e.AbstractTransferListenerAdapter - Downloaded https://repo.maven.apache.org/maven2/org/springframework/session/spring-session-bom/3.3.2/spring-session-bom-3.3.2.pom
2024-08-24 22:19:00,337 [Worker-2: Import Getting Started Content] INFO  o.e.m.c.i.e.AbstractTransferListenerAdapter - Downloading https://repo.maven.apache.org/maven2/org/springframework/boot/spring-boot-maven-plugin/3.3.3/spring-boot-maven-plugin-3.3.3.pom
2024-08-24 22:19:00,340 [Worker-2: Import Getting Started Content] INFO  o.e.m.c.i.e.AbstractTransferListenerAdapter - Downloaded https://repo.maven.apache.org/maven2/org/springframework/boot/spring-boot-maven-plugin/3.3.3/spring-boot-maven-plugin-3.3.3.pom
2024-08-24 22:19:00,374 [Worker-2: Import Getting Started Content] INFO  o.e.m.c.i.e.AbstractTransferListenerAdapter - Downloading https://repo.maven.apache.org/maven2/org/springframework/boot/spring-boot-maven-plugin/3.3.3/spring-boot-maven-plugin-3.3.3.jar
2024-08-24 22:19:00,383 [Worker-2: Import Getting Started Content] INFO  o.e.m.c.i.e.AbstractTransferListenerAdapter - Downloaded https://repo.maven.apache.org/maven2/org/springframework/boot/spring-boot-maven-plugin/3.3.3/spring-boot-maven-plugin-3.3.3.jar
2024-08-24 22:19:00,492 [Worker-2: Import Getting Started Content] INFO  o.e.m.c.i.e.AbstractTransferListenerAdapter - Downloading https://repo.maven.apache.org/maven2/org/apache/maven/plugins/maven-jar-plugin/3.4.2/maven-jar-plugin-3.4.2.jar
2024-08-24 22:19:00,497 [Worker-2: Import Getting Started Content] INFO  o.e.m.c.i.e.AbstractTransferListenerAdapter - Downloaded https://repo.maven.apache.org/maven2/org/apache/maven/plugins/maven-jar-plugin/3.4.2/maven-jar-plugin-3.4.2.jar
2024-08-24 22:19:00,517 [Worker-2: Import Getting Started Content] INFO  o.e.m.c.i.e.AbstractTransferListenerAdapter - Downloading https://repo.maven.apache.org/maven2/org/apache/maven/plugins/maven-install-plugin/3.1.3/maven-install-plugin-3.1.3.jar
2024-08-24 22:19:00,522 [Worker-2: Import Getting Started Content] INFO  o.e.m.c.i.e.AbstractTransferListenerAdapter - Downloaded https://repo.maven.apache.org/maven2/org/apache/maven/plugins/maven-install-plugin/3.1.3/maven-install-plugin-3.1.3.jar
2024-08-24 22:19:00,538 [Worker-2: Import Getting Started Content] INFO  o.e.m.c.i.e.AbstractTransferListenerAdapter - Downloading https://repo.maven.apache.org/maven2/org/apache/maven/plugins/maven-deploy-plugin/3.1.3/maven-deploy-plugin-3.1.3.jar
2024-08-24 22:19:00,542 [Worker-2: Import Getting Started Content] INFO  o.e.m.c.i.e.AbstractTransferListenerAdapter - Downloaded https://repo.maven.apache.org/maven2/org/apache/maven/plugins/maven-deploy-plugin/3.1.3/maven-deploy-plugin-3.1.3.jar
2024-08-24 22:19:00,986 [Worker-2: Import Getting Started Content] INFO  o.e.m.c.i.l.LifecycleMappingFactory - Using org.eclipse.m2e.jdt.JarLifecycleMapping lifecycle mapping for MavenProject: in.aarav.rubral:SpringSecurityDemo:1.0 @ /Users/aaravrubral/Documents/workspace/SpringSecurityDemo/pom.xml.
2024-08-24 22:19:01,013 [Worker-2: Import Getting Started Content] INFO  o.e.m.c.i.e.AbstractTransferListenerAdapter - Downloading https://repo.maven.apache.org/maven2/org/springframework/boot/spring-boot-starter-security/3.3.3/spring-boot-starter-security-3.3.3.pom
2024-08-24 22:19:01,016 [Worker-2: Import Getting Started Content] INFO  o.e.m.c.i.e.AbstractTransferListenerAdapter - Downloaded https://repo.maven.apache.org/maven2/org/springframework/boot/spring-boot-starter-security/3.3.3/spring-boot-starter-security-3.3.3.pom
2024-08-24 22:19:01,030 [Worker-2: Import Getting Started Content] INFO  o.e.m.c.i.e.AbstractTransferListenerAdapter - Downloading https://repo.maven.apache.org/maven2/org/springframework/boot/spring-boot-starter/3.3.3/spring-boot-starter-3.3.3.pom
2024-08-24 22:19:01,033 [Worker-2: Import Getting Started Content] INFO  o.e.m.c.i.e.AbstractTransferListenerAdapter - Downloaded https://repo.maven.apache.org/maven2/org/springframework/boot/spring-boot-starter/3.3.3/spring-boot-starter-3.3.3.pom
2024-08-24 22:19:01,047 [Worker-2: Import Getting Started Content] INFO  o.e.m.c.i.e.AbstractTransferListenerAdapter - Downloading https://repo.maven.apache.org/maven2/org/springframework/boot/spring-boot/3.3.3/spring-boot-3.3.3.pom
2024-08-24 22:19:01,050 [Worker-2: Import Getting Started Content] INFO  o.e.m.c.i.e.AbstractTransferListenerAdapter - Downloaded https://repo.maven.apache.org/maven2/org/springframework/boot/spring-boot/3.3.3/spring-boot-3.3.3.pom
2024-08-24 22:19:01,063 [Worker-2: Import Getting Started Content] INFO  o.e.m.c.i.e.AbstractTransferListenerAdapter - Downloading https://repo.maven.apache.org/maven2/org/springframework/spring-core/6.1.12/spring-core-6.1.12.pom
2024-08-24 22:19:01,066 [Worker-2: Import Getting Started Content] INFO  o.e.m.c.i.e.AbstractTransferListenerAdapter - Downloaded https://repo.maven.apache.org/maven2/org/springframework/spring-core/6.1.12/spring-core-6.1.12.pom
2024-08-24 22:19:01,079 [Worker-2: Import Getting Started Content] INFO  o.e.m.c.i.e.AbstractTransferListenerAdapter - Downloading https://repo.maven.apache.org/maven2/org/springframework/spring-jcl/6.1.12/spring-jcl-6.1.12.pom
2024-08-24 22:19:01,081 [Worker-2: Import Getting Started Content] INFO  o.e.m.c.i.e.AbstractTransferListenerAdapter - Downloaded https://repo.maven.apache.org/maven2/org/springframework/spring-jcl/6.1.12/spring-jcl-6.1.12.pom
2024-08-24 22:19:01,093 [Worker-2: Import Getting Started Content] INFO  o.e.m.c.i.e.AbstractTransferListenerAdapter - Downloading https://repo.maven.apache.org/maven2/org/springframework/spring-context/6.1.12/spring-context-6.1.12.pom
2024-08-24 22:19:01,095 [Worker-2: Import Getting Started Content] INFO  o.e.m.c.i.e.AbstractTransferListenerAdapter - Downloaded https://repo.maven.apache.org/maven2/org/springframework/spring-context/6.1.12/spring-context-6.1.12.pom
2024-08-24 22:19:01,108 [Worker-2: Import Getting Started Content] INFO  o.e.m.c.i.e.AbstractTransferListenerAdapter - Downloading https://repo.maven.apache.org/maven2/org/springframework/spring-aop/6.1.12/spring-aop-6.1.12.pom
2024-08-24 22:19:01,111 [Worker-2: Import Getting Started Content] INFO  o.e.m.c.i.e.AbstractTransferListenerAdapter - Downloaded https://repo.maven.apache.org/maven2/org/springframework/spring-aop/6.1.12/spring-aop-6.1.12.pom
2024-08-24 22:19:01,126 [Worker-2: Import Getting Started Content] INFO  o.e.m.c.i.e.AbstractTransferListenerAdapter - Downloading https://repo.maven.apache.org/maven2/org/springframework/spring-beans/6.1.12/spring-beans-6.1.12.pom
2024-08-24 22:19:01,130 [Worker-2: Import Getting Started Content] INFO  o.e.m.c.i.e.AbstractTransferListenerAdapter - Downloaded https://repo.maven.apache.org/maven2/org/springframework/spring-beans/6.1.12/spring-beans-6.1.12.pom
2024-08-24 22:19:01,146 [Worker-2: Import Getting Started Content] INFO  o.e.m.c.i.e.AbstractTransferListenerAdapter - Downloading https://repo.maven.apache.org/maven2/org/springframework/spring-expression/6.1.12/spring-expression-6.1.12.pom
2024-08-24 22:19:01,150 [Worker-2: Import Getting Started Content] INFO  o.e.m.c.i.e.AbstractTransferListenerAdapter - Downloaded https://repo.maven.apache.org/maven2/org/springframework/spring-expression/6.1.12/spring-expression-6.1.12.pom
2024-08-24 22:19:01,167 [Worker-2: Import Getting Started Content] INFO  o.e.m.c.i.e.AbstractTransferListenerAdapter - Downloading https://repo.maven.apache.org/maven2/io/micrometer/micrometer-observation/1.13.3/micrometer-observation-1.13.3.pom
2024-08-24 22:19:01,169 [Worker-2: Import Getting Started Content] INFO  o.e.m.c.i.e.AbstractTransferListenerAdapter - Downloaded https://repo.maven.apache.org/maven2/io/micrometer/micrometer-observation/1.13.3/micrometer-observation-1.13.3.pom
2024-08-24 22:19:01,183 [Worker-2: Import Getting Started Content] INFO  o.e.m.c.i.e.AbstractTransferListenerAdapter - Downloading https://repo.maven.apache.org/maven2/io/micrometer/micrometer-commons/1.13.3/micrometer-commons-1.13.3.pom
2024-08-24 22:19:01,185 [Worker-2: Import Getting Started Content] INFO  o.e.m.c.i.e.AbstractTransferListenerAdapter - Downloaded https://repo.maven.apache.org/maven2/io/micrometer/micrometer-commons/1.13.3/micrometer-commons-1.13.3.pom
2024-08-24 22:19:01,199 [Worker-2: Import Getting Started Content] INFO  o.e.m.c.i.e.AbstractTransferListenerAdapter - Downloading https://repo.maven.apache.org/maven2/org/springframework/boot/spring-boot-autoconfigure/3.3.3/spring-boot-autoconfigure-3.3.3.pom
2024-08-24 22:19:01,202 [Worker-2: Import Getting Started Content] INFO  o.e.m.c.i.e.AbstractTransferListenerAdapter - Downloaded https://repo.maven.apache.org/maven2/org/springframework/boot/spring-boot-autoconfigure/3.3.3/spring-boot-autoconfigure-3.3.3.pom
2024-08-24 22:19:01,216 [Worker-2: Import Getting Started Content] INFO  o.e.m.c.i.e.AbstractTransferListenerAdapter - Downloading https://repo.maven.apache.org/maven2/org/springframework/boot/spring-boot-starter-logging/3.3.3/spring-boot-starter-logging-3.3.3.pom
2024-08-24 22:19:01,220 [Worker-2: Import Getting Started Content] INFO  o.e.m.c.i.e.AbstractTransferListenerAdapter - Downloaded https://repo.maven.apache.org/maven2/org/springframework/boot/spring-boot-starter-logging/3.3.3/spring-boot-starter-logging-3.3.3.pom
2024-08-24 22:19:01,238 [Worker-2: Import Getting Started Content] INFO  o.e.m.c.i.e.AbstractTransferListenerAdapter - Downloading https://repo.maven.apache.org/maven2/ch/qos/logback/logback-classic/1.5.7/logback-classic-1.5.7.pom
2024-08-24 22:19:01,242 [Worker-2: Import Getting Started Content] INFO  o.e.m.c.i.e.AbstractTransferListenerAdapter - Downloaded https://repo.maven.apache.org/maven2/ch/qos/logback/logback-classic/1.5.7/logback-classic-1.5.7.pom
2024-08-24 22:19:01,255 [Worker-2: Import Getting Started Content] INFO  o.e.m.c.i.e.AbstractTransferListenerAdapter - Downloading https://repo.maven.apache.org/maven2/ch/qos/logback/logback-parent/1.5.7/logback-parent-1.5.7.pom
2024-08-24 22:19:01,260 [Worker-2: Import Getting Started Content] INFO  o.e.m.c.i.e.AbstractTransferListenerAdapter - Downloaded https://repo.maven.apache.org/maven2/ch/qos/logback/logback-parent/1.5.7/logback-parent-1.5.7.pom
2024-08-24 22:19:01,282 [Worker-2: Import Getting Started Content] INFO  o.e.m.c.i.e.AbstractTransferListenerAdapter - Downloading https://repo.maven.apache.org/maven2/ch/qos/logback/logback-core/1.5.7/logback-core-1.5.7.pom
2024-08-24 22:19:01,287 [Worker-2: Import Getting Started Content] INFO  o.e.m.c.i.e.AbstractTransferListenerAdapter - Downloaded https://repo.maven.apache.org/maven2/ch/qos/logback/logback-core/1.5.7/logback-core-1.5.7.pom
2024-08-24 22:19:01,304 [Worker-2: Import Getting Started Content] INFO  o.e.m.c.i.e.AbstractTransferListenerAdapter - Downloading https://repo.maven.apache.org/maven2/org/slf4j/slf4j-api/2.0.16/slf4j-api-2.0.16.pom
2024-08-24 22:19:01,307 [Worker-2: Import Getting Started Content] INFO  o.e.m.c.i.e.AbstractTransferListenerAdapter - Downloaded https://repo.maven.apache.org/maven2/org/slf4j/slf4j-api/2.0.16/slf4j-api-2.0.16.pom
2024-08-24 22:19:01,320 [Worker-2: Import Getting Started Content] INFO  o.e.m.c.i.e.AbstractTransferListenerAdapter - Downloading https://repo.maven.apache.org/maven2/org/slf4j/slf4j-parent/2.0.16/slf4j-parent-2.0.16.pom
2024-08-24 22:19:01,323 [Worker-2: Import Getting Started Content] INFO  o.e.m.c.i.e.AbstractTransferListenerAdapter - Downloaded https://repo.maven.apache.org/maven2/org/slf4j/slf4j-parent/2.0.16/slf4j-parent-2.0.16.pom
2024-08-24 22:19:01,338 [Worker-2: Import Getting Started Content] INFO  o.e.m.c.i.e.AbstractTransferListenerAdapter - Downloading https://repo.maven.apache.org/maven2/org/slf4j/slf4j-bom/2.0.16/slf4j-bom-2.0.16.pom
2024-08-24 22:19:01,342 [Worker-2: Import Getting Started Content] INFO  o.e.m.c.i.e.AbstractTransferListenerAdapter - Downloaded https://repo.maven.apache.org/maven2/org/slf4j/slf4j-bom/2.0.16/slf4j-bom-2.0.16.pom
2024-08-24 22:19:01,423 [Worker-2: Import Getting Started Content] INFO  o.e.m.c.i.e.AbstractTransferListenerAdapter - Downloading https://repo.maven.apache.org/maven2/org/slf4j/jul-to-slf4j/2.0.16/jul-to-slf4j-2.0.16.pom
2024-08-24 22:19:01,426 [Worker-2: Import Getting Started Content] INFO  o.e.m.c.i.e.AbstractTransferListenerAdapter - Downloaded https://repo.maven.apache.org/maven2/org/slf4j/jul-to-slf4j/2.0.16/jul-to-slf4j-2.0.16.pom
2024-08-24 22:19:01,480 [Worker-2: Import Getting Started Content] INFO  o.e.m.c.i.e.AbstractTransferListenerAdapter - Downloading https://repo.maven.apache.org/maven2/org/springframework/security/spring-security-config/6.3.3/spring-security-config-6.3.3.pom
2024-08-24 22:19:01,483 [Worker-2: Import Getting Started Content] INFO  o.e.m.c.i.e.AbstractTransferListenerAdapter - Downloaded https://repo.maven.apache.org/maven2/org/springframework/security/spring-security-config/6.3.3/spring-security-config-6.3.3.pom
2024-08-24 22:19:01,500 [Worker-2: Import Getting Started Content] INFO  o.e.m.c.i.e.AbstractTransferListenerAdapter - Downloading https://repo.maven.apache.org/maven2/org/springframework/security/spring-security-core/6.3.3/spring-security-core-6.3.3.pom
2024-08-24 22:19:01,503 [Worker-2: Import Getting Started Content] INFO  o.e.m.c.i.e.AbstractTransferListenerAdapter - Downloaded https://repo.maven.apache.org/maven2/org/springframework/security/spring-security-core/6.3.3/spring-security-core-6.3.3.pom
2024-08-24 22:19:01,519 [Worker-2: Import Getting Started Content] INFO  o.e.m.c.i.e.AbstractTransferListenerAdapter - Downloading https://repo.maven.apache.org/maven2/org/springframework/security/spring-security-crypto/6.3.3/spring-security-crypto-6.3.3.pom
2024-08-24 22:19:01,522 [Worker-2: Import Getting Started Content] INFO  o.e.m.c.i.e.AbstractTransferListenerAdapter - Downloaded https://repo.maven.apache.org/maven2/org/springframework/security/spring-security-crypto/6.3.3/spring-security-crypto-6.3.3.pom
2024-08-24 22:19:01,540 [Worker-2: Import Getting Started Content] INFO  o.e.m.c.i.e.AbstractTransferListenerAdapter - Downloading https://repo.maven.apache.org/maven2/org/springframework/security/spring-security-web/6.3.3/spring-security-web-6.3.3.pom
2024-08-24 22:19:01,543 [Worker-2: Import Getting Started Content] INFO  o.e.m.c.i.e.AbstractTransferListenerAdapter - Downloaded https://repo.maven.apache.org/maven2/org/springframework/security/spring-security-web/6.3.3/spring-security-web-6.3.3.pom
2024-08-24 22:19:01,562 [Worker-2: Import Getting Started Content] INFO  o.e.m.c.i.e.AbstractTransferListenerAdapter - Downloading https://repo.maven.apache.org/maven2/org/springframework/spring-web/6.1.12/spring-web-6.1.12.pom
2024-08-24 22:19:01,564 [Worker-2: Import Getting Started Content] INFO  o.e.m.c.i.e.AbstractTransferListenerAdapter - Downloaded https://repo.maven.apache.org/maven2/org/springframework/spring-web/6.1.12/spring-web-6.1.12.pom
2024-08-24 22:19:01,579 [Worker-2: Import Getting Started Content] INFO  o.e.m.c.i.e.AbstractTransferListenerAdapter - Downloading https://repo.maven.apache.org/maven2/org/springframework/boot/spring-boot-starter-web/3.3.3/spring-boot-starter-web-3.3.3.pom
2024-08-24 22:19:01,582 [Worker-2: Import Getting Started Content] INFO  o.e.m.c.i.e.AbstractTransferListenerAdapter - Downloaded https://repo.maven.apache.org/maven2/org/springframework/boot/spring-boot-starter-web/3.3.3/spring-boot-starter-web-3.3.3.pom
2024-08-24 22:19:01,598 [Worker-2: Import Getting Started Content] INFO  o.e.m.c.i.e.AbstractTransferListenerAdapter - Downloading https://repo.maven.apache.org/maven2/org/springframework/boot/spring-boot-starter-json/3.3.3/spring-boot-starter-json-3.3.3.pom
2024-08-24 22:19:01,601 [Worker-2: Import Getting Started Content] INFO  o.e.m.c.i.e.AbstractTransferListenerAdapter - Downloaded https://repo.maven.apache.org/maven2/org/springframework/boot/spring-boot-starter-json/3.3.3/spring-boot-starter-json-3.3.3.pom
2024-08-24 22:19:01,614 [Worker-2: Import Getting Started Content] INFO  o.e.m.c.i.e.AbstractTransferListenerAdapter - Downloading https://repo.maven.apache.org/maven2/com/fasterxml/jackson/core/jackson-databind/2.17.2/jackson-databind-2.17.2.pom
2024-08-24 22:19:01,618 [Worker-2: Import Getting Started Content] INFO  o.e.m.c.i.e.AbstractTransferListenerAdapter - Downloaded https://repo.maven.apache.org/maven2/com/fasterxml/jackson/core/jackson-databind/2.17.2/jackson-databind-2.17.2.pom
2024-08-24 22:19:01,631 [Worker-2: Import Getting Started Content] INFO  o.e.m.c.i.e.AbstractTransferListenerAdapter - Downloading https://repo.maven.apache.org/maven2/com/fasterxml/jackson/jackson-base/2.17.2/jackson-base-2.17.2.pom
2024-08-24 22:19:01,634 [Worker-2: Import Getting Started Content] INFO  o.e.m.c.i.e.AbstractTransferListenerAdapter - Downloaded https://repo.maven.apache.org/maven2/com/fasterxml/jackson/jackson-base/2.17.2/jackson-base-2.17.2.pom
2024-08-24 22:19:01,650 [Worker-2: Import Getting Started Content] INFO  o.e.m.c.i.e.AbstractTransferListenerAdapter - Downloading https://repo.maven.apache.org/maven2/com/fasterxml/jackson/core/jackson-annotations/2.17.2/jackson-annotations-2.17.2.pom
2024-08-24 22:19:01,652 [Worker-2: Import Getting Started Content] INFO  o.e.m.c.i.e.AbstractTransferListenerAdapter - Downloaded https://repo.maven.apache.org/maven2/com/fasterxml/jackson/core/jackson-annotations/2.17.2/jackson-annotations-2.17.2.pom
2024-08-24 22:19:01,669 [Worker-2: Import Getting Started Content] INFO  o.e.m.c.i.e.AbstractTransferListenerAdapter - Downloading https://repo.maven.apache.org/maven2/com/fasterxml/jackson/core/jackson-core/2.17.2/jackson-core-2.17.2.pom
2024-08-24 22:19:01,671 [Worker-2: Import Getting Started Content] INFO  o.e.m.c.i.e.AbstractTransferListenerAdapter - Downloaded https://repo.maven.apache.org/maven2/com/fasterxml/jackson/core/jackson-core/2.17.2/jackson-core-2.17.2.pom
2024-08-24 22:19:01,688 [Worker-2: Import Getting Started Content] INFO  o.e.m.c.i.e.AbstractTransferListenerAdapter - Downloading https://repo.maven.apache.org/maven2/com/fasterxml/jackson/datatype/jackson-datatype-jdk8/2.17.2/jackson-datatype-jdk8-2.17.2.pom
2024-08-24 22:19:01,691 [Worker-2: Import Getting Started Content] INFO  o.e.m.c.i.e.AbstractTransferListenerAdapter - Downloaded https://repo.maven.apache.org/maven2/com/fasterxml/jackson/datatype/jackson-datatype-jdk8/2.17.2/jackson-datatype-jdk8-2.17.2.pom
2024-08-24 22:19:01,703 [Worker-2: Import Getting Started Content] INFO  o.e.m.c.i.e.AbstractTransferListenerAdapter - Downloading https://repo.maven.apache.org/maven2/com/fasterxml/jackson/module/jackson-modules-java8/2.17.2/jackson-modules-java8-2.17.2.pom
2024-08-24 22:19:01,705 [Worker-2: Import Getting Started Content] INFO  o.e.m.c.i.e.AbstractTransferListenerAdapter - Downloaded https://repo.maven.apache.org/maven2/com/fasterxml/jackson/module/jackson-modules-java8/2.17.2/jackson-modules-java8-2.17.2.pom
2024-08-24 22:19:01,721 [Worker-2: Import Getting Started Content] INFO  o.e.m.c.i.e.AbstractTransferListenerAdapter - Downloading https://repo.maven.apache.org/maven2/com/fasterxml/jackson/datatype/jackson-datatype-jsr310/2.17.2/jackson-datatype-jsr310-2.17.2.pom
2024-08-24 22:19:01,724 [Worker-2: Import Getting Started Content] INFO  o.e.m.c.i.e.AbstractTransferListenerAdapter - Downloaded https://repo.maven.apache.org/maven2/com/fasterxml/jackson/datatype/jackson-datatype-jsr310/2.17.2/jackson-datatype-jsr310-2.17.2.pom
2024-08-24 22:19:01,740 [Worker-2: Import Getting Started Content] INFO  o.e.m.c.i.e.AbstractTransferListenerAdapter - Downloading https://repo.maven.apache.org/maven2/com/fasterxml/jackson/module/jackson-module-parameter-names/2.17.2/jackson-module-parameter-names-2.17.2.pom
2024-08-24 22:19:01,743 [Worker-2: Import Getting Started Content] INFO  o.e.m.c.i.e.AbstractTransferListenerAdapter - Downloaded https://repo.maven.apache.org/maven2/com/fasterxml/jackson/module/jackson-module-parameter-names/2.17.2/jackson-module-parameter-names-2.17.2.pom
2024-08-24 22:19:01,760 [Worker-2: Import Getting Started Content] INFO  o.e.m.c.i.e.AbstractTransferListenerAdapter - Downloading https://repo.maven.apache.org/maven2/org/springframework/boot/spring-boot-starter-tomcat/3.3.3/spring-boot-starter-tomcat-3.3.3.pom
2024-08-24 22:19:01,764 [Worker-2: Import Getting Started Content] INFO  o.e.m.c.i.e.AbstractTransferListenerAdapter - Downloaded https://repo.maven.apache.org/maven2/org/springframework/boot/spring-boot-starter-tomcat/3.3.3/spring-boot-starter-tomcat-3.3.3.pom
2024-08-24 22:19:01,778 [Worker-2: Import Getting Started Content] INFO  o.e.m.c.i.e.AbstractTransferListenerAdapter - Downloading https://repo.maven.apache.org/maven2/org/apache/tomcat/embed/tomcat-embed-core/10.1.28/tomcat-embed-core-10.1.28.pom
2024-08-24 22:19:01,782 [Worker-2: Import Getting Started Content] INFO  o.e.m.c.i.e.AbstractTransferListenerAdapter - Downloaded https://repo.maven.apache.org/maven2/org/apache/tomcat/embed/tomcat-embed-core/10.1.28/tomcat-embed-core-10.1.28.pom
2024-08-24 22:19:01,796 [Worker-2: Import Getting Started Content] INFO  o.e.m.c.i.e.AbstractTransferListenerAdapter - Downloading https://repo.maven.apache.org/maven2/org/apache/tomcat/embed/tomcat-embed-el/10.1.28/tomcat-embed-el-10.1.28.pom
2024-08-24 22:19:01,799 [Worker-2: Import Getting Started Content] INFO  o.e.m.c.i.e.AbstractTransferListenerAdapter - Downloaded https://repo.maven.apache.org/maven2/org/apache/tomcat/embed/tomcat-embed-el/10.1.28/tomcat-embed-el-10.1.28.pom
2024-08-24 22:19:01,813 [Worker-2: Import Getting Started Content] INFO  o.e.m.c.i.e.AbstractTransferListenerAdapter - Downloading https://repo.maven.apache.org/maven2/org/apache/tomcat/embed/tomcat-embed-websocket/10.1.28/tomcat-embed-websocket-10.1.28.pom
2024-08-24 22:19:01,817 [Worker-2: Import Getting Started Content] INFO  o.e.m.c.i.e.AbstractTransferListenerAdapter - Downloaded https://repo.maven.apache.org/maven2/org/apache/tomcat/embed/tomcat-embed-websocket/10.1.28/tomcat-embed-websocket-10.1.28.pom
2024-08-24 22:19:01,829 [Worker-2: Import Getting Started Content] INFO  o.e.m.c.i.e.AbstractTransferListenerAdapter - Downloading https://repo.maven.apache.org/maven2/org/springframework/spring-webmvc/6.1.12/spring-webmvc-6.1.12.pom
2024-08-24 22:19:01,832 [Worker-2: Import Getting Started Content] INFO  o.e.m.c.i.e.AbstractTransferListenerAdapter - Downloaded https://repo.maven.apache.org/maven2/org/springframework/spring-webmvc/6.1.12/spring-webmvc-6.1.12.pom
2024-08-24 22:19:01,847 [Worker-2: Import Getting Started Content] INFO  o.e.m.c.i.e.AbstractTransferListenerAdapter - Downloading https://repo.maven.apache.org/maven2/org/springframework/boot/spring-boot-devtools/3.3.3/spring-boot-devtools-3.3.3.pom
2024-08-24 22:19:01,850 [Worker-2: Import Getting Started Content] INFO  o.e.m.c.i.e.AbstractTransferListenerAdapter - Downloaded https://repo.maven.apache.org/maven2/org/springframework/boot/spring-boot-devtools/3.3.3/spring-boot-devtools-3.3.3.pom
2024-08-24 22:19:01,864 [Worker-2: Import Getting Started Content] INFO  o.e.m.c.i.e.AbstractTransferListenerAdapter - Downloading https://repo.maven.apache.org/maven2/org/projectlombok/lombok/1.18.34/lombok-1.18.34.pom
2024-08-24 22:19:01,868 [Worker-2: Import Getting Started Content] INFO  o.e.m.c.i.e.AbstractTransferListenerAdapter - Downloaded https://repo.maven.apache.org/maven2/org/projectlombok/lombok/1.18.34/lombok-1.18.34.pom
2024-08-24 22:19:01,880 [Worker-2: Import Getting Started Content] INFO  o.e.m.c.i.e.AbstractTransferListenerAdapter - Downloading https://repo.maven.apache.org/maven2/org/springframework/boot/spring-boot-starter-test/3.3.3/spring-boot-starter-test-3.3.3.pom
2024-08-24 22:19:01,883 [Worker-2: Import Getting Started Content] INFO  o.e.m.c.i.e.AbstractTransferListenerAdapter - Downloaded https://repo.maven.apache.org/maven2/org/springframework/boot/spring-boot-starter-test/3.3.3/spring-boot-starter-test-3.3.3.pom
2024-08-24 22:19:01,898 [Worker-2: Import Getting Started Content] INFO  o.e.m.c.i.e.AbstractTransferListenerAdapter - Downloading https://repo.maven.apache.org/maven2/org/springframework/boot/spring-boot-test/3.3.3/spring-boot-test-3.3.3.pom
2024-08-24 22:19:01,901 [Worker-2: Import Getting Started Content] INFO  o.e.m.c.i.e.AbstractTransferListenerAdapter - Downloaded https://repo.maven.apache.org/maven2/org/springframework/boot/spring-boot-test/3.3.3/spring-boot-test-3.3.3.pom
2024-08-24 22:19:01,915 [Worker-2: Import Getting Started Content] INFO  o.e.m.c.i.e.AbstractTransferListenerAdapter - Downloading https://repo.maven.apache.org/maven2/org/springframework/spring-test/6.1.12/spring-test-6.1.12.pom
2024-08-24 22:19:01,918 [Worker-2: Import Getting Started Content] INFO  o.e.m.c.i.e.AbstractTransferListenerAdapter - Downloaded https://repo.maven.apache.org/maven2/org/springframework/spring-test/6.1.12/spring-test-6.1.12.pom
2024-08-24 22:19:01,931 [Worker-2: Import Getting Started Content] INFO  o.e.m.c.i.e.AbstractTransferListenerAdapter - Downloading https://repo.maven.apache.org/maven2/org/springframework/boot/spring-boot-test-autoconfigure/3.3.3/spring-boot-test-autoconfigure-3.3.3.pom
2024-08-24 22:19:01,934 [Worker-2: Import Getting Started Content] INFO  o.e.m.c.i.e.AbstractTransferListenerAdapter - Downloaded https://repo.maven.apache.org/maven2/org/springframework/boot/spring-boot-test-autoconfigure/3.3.3/spring-boot-test-autoconfigure-3.3.3.pom
2024-08-24 22:19:01,965 [Worker-2: Import Getting Started Content] INFO  o.e.m.c.i.e.AbstractTransferListenerAdapter - Downloading https://repo.maven.apache.org/maven2/net/bytebuddy/byte-buddy/1.14.19/byte-buddy-1.14.19.pom
2024-08-24 22:19:01,970 [Worker-2: Import Getting Started Content] INFO  o.e.m.c.i.e.AbstractTransferListenerAdapter - Downloaded https://repo.maven.apache.org/maven2/net/bytebuddy/byte-buddy/1.14.19/byte-buddy-1.14.19.pom
2024-08-24 22:19:01,986 [Worker-2: Import Getting Started Content] INFO  o.e.m.c.i.e.AbstractTransferListenerAdapter - Downloading https://repo.maven.apache.org/maven2/net/bytebuddy/byte-buddy-parent/1.14.19/byte-buddy-parent-1.14.19.pom
2024-08-24 22:19:01,989 [Worker-2: Import Getting Started Content] INFO  o.e.m.c.i.e.AbstractTransferListenerAdapter - Downloaded https://repo.maven.apache.org/maven2/net/bytebuddy/byte-buddy-parent/1.14.19/byte-buddy-parent-1.14.19.pom
2024-08-24 22:19:02,003 [Worker-2: Import Getting Started Content] INFO  o.e.m.c.i.e.AbstractTransferListenerAdapter - Downloading https://repo.maven.apache.org/maven2/org/awaitility/awaitility/4.2.2/awaitility-4.2.2.pom
2024-08-24 22:19:02,006 [Worker-2: Import Getting Started Content] INFO  o.e.m.c.i.e.AbstractTransferListenerAdapter - Downloaded https://repo.maven.apache.org/maven2/org/awaitility/awaitility/4.2.2/awaitility-4.2.2.pom
2024-08-24 22:19:02,018 [Worker-2: Import Getting Started Content] INFO  o.e.m.c.i.e.AbstractTransferListenerAdapter - Downloading https://repo.maven.apache.org/maven2/org/awaitility/awaitility-parent/4.2.2/awaitility-parent-4.2.2.pom
2024-08-24 22:19:02,021 [Worker-2: Import Getting Started Content] INFO  o.e.m.c.i.e.AbstractTransferListenerAdapter - Downloaded https://repo.maven.apache.org/maven2/org/awaitility/awaitility-parent/4.2.2/awaitility-parent-4.2.2.pom
2024-08-24 22:19:02,041 [Worker-2: Import Getting Started Content] INFO  o.e.m.c.i.e.AbstractTransferListenerAdapter - Downloading https://repo.maven.apache.org/maven2/org/junit/jupiter/junit-jupiter/5.10.3/junit-jupiter-5.10.3.pom
2024-08-24 22:19:02,043 [Worker-2: Import Getting Started Content] INFO  o.e.m.c.i.e.AbstractTransferListenerAdapter - Downloaded https://repo.maven.apache.org/maven2/org/junit/jupiter/junit-jupiter/5.10.3/junit-jupiter-5.10.3.pom
2024-08-24 22:19:02,058 [Worker-2: Import Getting Started Content] INFO  o.e.m.c.i.e.AbstractTransferListenerAdapter - Downloading https://repo.maven.apache.org/maven2/org/junit/jupiter/junit-jupiter-api/5.10.3/junit-jupiter-api-5.10.3.pom
2024-08-24 22:19:02,061 [Worker-2: Import Getting Started Content] INFO  o.e.m.c.i.e.AbstractTransferListenerAdapter - Downloaded https://repo.maven.apache.org/maven2/org/junit/jupiter/junit-jupiter-api/5.10.3/junit-jupiter-api-5.10.3.pom
2024-08-24 22:19:02,079 [Worker-2: Import Getting Started Content] INFO  o.e.m.c.i.e.AbstractTransferListenerAdapter - Downloading https://repo.maven.apache.org/maven2/org/junit/platform/junit-platform-commons/1.10.3/junit-platform-commons-1.10.3.pom
2024-08-24 22:19:02,082 [Worker-2: Import Getting Started Content] INFO  o.e.m.c.i.e.AbstractTransferListenerAdapter - Downloaded https://repo.maven.apache.org/maven2/org/junit/platform/junit-platform-commons/1.10.3/junit-platform-commons-1.10.3.pom
2024-08-24 22:19:02,100 [Worker-2: Import Getting Started Content] INFO  o.e.m.c.i.e.AbstractTransferListenerAdapter - Downloading https://repo.maven.apache.org/maven2/org/junit/jupiter/junit-jupiter-params/5.10.3/junit-jupiter-params-5.10.3.pom
2024-08-24 22:19:02,103 [Worker-2: Import Getting Started Content] INFO  o.e.m.c.i.e.AbstractTransferListenerAdapter - Downloaded https://repo.maven.apache.org/maven2/org/junit/jupiter/junit-jupiter-params/5.10.3/junit-jupiter-params-5.10.3.pom
2024-08-24 22:19:02,118 [Worker-2: Import Getting Started Content] INFO  o.e.m.c.i.e.AbstractTransferListenerAdapter - Downloading https://repo.maven.apache.org/maven2/org/junit/jupiter/junit-jupiter-engine/5.10.3/junit-jupiter-engine-5.10.3.pom
2024-08-24 22:19:02,121 [Worker-2: Import Getting Started Content] INFO  o.e.m.c.i.e.AbstractTransferListenerAdapter - Downloaded https://repo.maven.apache.org/maven2/org/junit/jupiter/junit-jupiter-engine/5.10.3/junit-jupiter-engine-5.10.3.pom
2024-08-24 22:19:02,134 [Worker-2: Import Getting Started Content] INFO  o.e.m.c.i.e.AbstractTransferListenerAdapter - Downloading https://repo.maven.apache.org/maven2/org/junit/platform/junit-platform-engine/1.10.3/junit-platform-engine-1.10.3.pom
2024-08-24 22:19:02,137 [Worker-2: Import Getting Started Content] INFO  o.e.m.c.i.e.AbstractTransferListenerAdapter - Downloaded https://repo.maven.apache.org/maven2/org/junit/platform/junit-platform-engine/1.10.3/junit-platform-engine-1.10.3.pom
2024-08-24 22:19:02,153 [Worker-2: Import Getting Started Content] INFO  o.e.m.c.i.e.AbstractTransferListenerAdapter - Downloading https://repo.maven.apache.org/maven2/net/bytebuddy/byte-buddy-agent/1.14.19/byte-buddy-agent-1.14.19.pom
2024-08-24 22:19:02,156 [Worker-2: Import Getting Started Content] INFO  o.e.m.c.i.e.AbstractTransferListenerAdapter - Downloaded https://repo.maven.apache.org/maven2/net/bytebuddy/byte-buddy-agent/1.14.19/byte-buddy-agent-1.14.19.pom
2024-08-24 22:19:02,183 [Worker-2: Import Getting Started Content] INFO  o.e.m.c.i.e.AbstractTransferListenerAdapter - Downloading https://repo.maven.apache.org/maven2/org/skyscreamer/jsonassert/1.5.3/jsonassert-1.5.3.pom
2024-08-24 22:19:02,186 [Worker-2: Import Getting Started Content] INFO  o.e.m.c.i.e.AbstractTransferListenerAdapter - Downloaded https://repo.maven.apache.org/maven2/org/skyscreamer/jsonassert/1.5.3/jsonassert-1.5.3.pom
2024-08-24 22:19:02,212 [Worker-2: Import Getting Started Content] INFO  o.e.m.c.i.e.AbstractTransferListenerAdapter - Downloading https://repo.maven.apache.org/maven2/org/springframework/security/spring-security-test/6.3.3/spring-security-test-6.3.3.pom
2024-08-24 22:19:02,215 [Worker-2: Import Getting Started Content] INFO  o.e.m.c.i.e.AbstractTransferListenerAdapter - Downloaded https://repo.maven.apache.org/maven2/org/springframework/security/spring-security-test/6.3.3/spring-security-test-6.3.3.pom
2024-08-24 22:19:02,261 [Worker-2: Import Getting Started Content] INFO  o.e.m.c.i.e.AbstractTransferListenerAdapter - Downloading https://repo.maven.apache.org/maven2/org/springframework/boot/spring-boot-starter-security/3.3.3/spring-boot-starter-security-3.3.3.jar
2024-08-24 22:19:02,264 [Worker-2: Import Getting Started Content] INFO  o.e.m.c.i.e.AbstractTransferListenerAdapter - Downloaded https://repo.maven.apache.org/maven2/org/springframework/boot/spring-boot-starter-security/3.3.3/spring-boot-starter-security-3.3.3.jar
2024-08-24 22:19:02,274 [BasicRepositoryConnector-repo.maven.apache.org-0-0] INFO  o.e.m.c.i.e.AbstractTransferListenerAdapter - Downloading https://repo.maven.apache.org/maven2/org/springframework/boot/spring-boot-starter/3.3.3/spring-boot-starter-3.3.3.jar
2024-08-24 22:19:02,279 [BasicRepositoryConnector-repo.maven.apache.org-0-0] INFO  o.e.m.c.i.e.AbstractTransferListenerAdapter - Downloaded https://repo.maven.apache.org/maven2/org/springframework/boot/spring-boot-starter/3.3.3/spring-boot-starter-3.3.3.jar
2024-08-24 22:19:02,290 [BasicRepositoryConnector-repo.maven.apache.org-0-0] INFO  o.e.m.c.i.e.AbstractTransferListenerAdapter - Downloading https://repo.maven.apache.org/maven2/org/springframework/spring-aop/6.1.12/spring-aop-6.1.12.jar
2024-08-24 22:19:02,309 [BasicRepositoryConnector-repo.maven.apache.org-0-0] INFO  o.e.m.c.i.e.AbstractTransferListenerAdapter - Downloaded https://repo.maven.apache.org/maven2/org/springframework/spring-aop/6.1.12/spring-aop-6.1.12.jar
2024-08-24 22:19:02,322 [BasicRepositoryConnector-repo.maven.apache.org-0-2] INFO  o.e.m.c.i.e.AbstractTransferListenerAdapter - Downloading https://repo.maven.apache.org/maven2/ch/qos/logback/logback-classic/1.5.7/logback-classic-1.5.7.jar
2024-08-24 22:19:02,328 [BasicRepositoryConnector-repo.maven.apache.org-0-3] INFO  o.e.m.c.i.e.AbstractTransferListenerAdapter - Downloading https://repo.maven.apache.org/maven2/ch/qos/logback/logback-core/1.5.7/logback-core-1.5.7.jar
2024-08-24 22:19:02,328 [BasicRepositoryConnector-repo.maven.apache.org-0-1] INFO  o.e.m.c.i.e.AbstractTransferListenerAdapter - Downloading https://repo.maven.apache.org/maven2/org/springframework/boot/spring-boot-starter-logging/3.3.3/spring-boot-starter-logging-3.3.3.jar
2024-08-24 22:19:02,331 [BasicRepositoryConnector-repo.maven.apache.org-0-4] INFO  o.e.m.c.i.e.AbstractTransferListenerAdapter - Downloading https://repo.maven.apache.org/maven2/org/slf4j/jul-to-slf4j/2.0.16/jul-to-slf4j-2.0.16.jar
2024-08-24 22:19:02,332 [BasicRepositoryConnector-repo.maven.apache.org-0-1] INFO  o.e.m.c.i.e.AbstractTransferListenerAdapter - Downloaded https://repo.maven.apache.org/maven2/org/springframework/boot/spring-boot-starter-logging/3.3.3/spring-boot-starter-logging-3.3.3.jar
2024-08-24 22:19:02,335 [BasicRepositoryConnector-repo.maven.apache.org-0-4] INFO  o.e.m.c.i.e.AbstractTransferListenerAdapter - Downloaded https://repo.maven.apache.org/maven2/org/slf4j/jul-to-slf4j/2.0.16/jul-to-slf4j-2.0.16.jar
2024-08-24 22:19:02,350 [BasicRepositoryConnector-repo.maven.apache.org-0-0] INFO  o.e.m.c.i.e.AbstractTransferListenerAdapter - Downloading https://repo.maven.apache.org/maven2/org/springframework/spring-beans/6.1.12/spring-beans-6.1.12.jar
2024-08-24 22:19:02,376 [BasicRepositoryConnector-repo.maven.apache.org-0-1] INFO  o.e.m.c.i.e.AbstractTransferListenerAdapter - Downloading https://repo.maven.apache.org/maven2/org/springframework/security/spring-security-config/6.3.3/spring-security-config-6.3.3.jar
2024-08-24 22:19:02,389 [BasicRepositoryConnector-repo.maven.apache.org-0-4] INFO  o.e.m.c.i.e.AbstractTransferListenerAdapter - Downloading https://repo.maven.apache.org/maven2/org/springframework/spring-context/6.1.12/spring-context-6.1.12.jar
2024-08-24 22:19:02,432 [BasicRepositoryConnector-repo.maven.apache.org-0-0] INFO  o.e.m.c.i.e.AbstractTransferListenerAdapter - Downloaded https://repo.maven.apache.org/maven2/org/springframework/spring-beans/6.1.12/spring-beans-6.1.12.jar
2024-08-24 22:19:02,435 [BasicRepositoryConnector-repo.maven.apache.org-0-2] INFO  o.e.m.c.i.e.AbstractTransferListenerAdapter - Downloaded https://repo.maven.apache.org/maven2/ch/qos/logback/logback-classic/1.5.7/logback-classic-1.5.7.jar
2024-08-24 22:19:02,447 [BasicRepositoryConnector-repo.maven.apache.org-0-2] INFO  o.e.m.c.i.e.AbstractTransferListenerAdapter - Downloading https://repo.maven.apache.org/maven2/org/springframework/spring-expression/6.1.12/spring-expression-6.1.12.jar
2024-08-24 22:19:02,468 [BasicRepositoryConnector-repo.maven.apache.org-0-0] INFO  o.e.m.c.i.e.AbstractTransferListenerAdapter - Downloading https://repo.maven.apache.org/maven2/org/springframework/security/spring-security-web/6.3.3/spring-security-web-6.3.3.jar
2024-08-24 22:19:02,644 [BasicRepositoryConnector-repo.maven.apache.org-0-0] INFO  o.e.m.c.i.e.AbstractTransferListenerAdapter - Downloaded https://repo.maven.apache.org/maven2/org/springframework/security/spring-security-web/6.3.3/spring-security-web-6.3.3.jar
2024-08-24 22:19:02,653 [BasicRepositoryConnector-repo.maven.apache.org-0-0] INFO  o.e.m.c.i.e.AbstractTransferListenerAdapter - Downloading https://repo.maven.apache.org/maven2/org/springframework/boot/spring-boot-starter-web/3.3.3/spring-boot-starter-web-3.3.3.jar
2024-08-24 22:19:02,657 [BasicRepositoryConnector-repo.maven.apache.org-0-0] INFO  o.e.m.c.i.e.AbstractTransferListenerAdapter - Downloaded https://repo.maven.apache.org/maven2/org/springframework/boot/spring-boot-starter-web/3.3.3/spring-boot-starter-web-3.3.3.jar
2024-08-24 22:19:02,667 [BasicRepositoryConnector-repo.maven.apache.org-0-0] INFO  o.e.m.c.i.e.AbstractTransferListenerAdapter - Downloading https://repo.maven.apache.org/maven2/org/springframework/boot/spring-boot-starter-json/3.3.3/spring-boot-starter-json-3.3.3.jar
2024-08-24 22:19:02,673 [BasicRepositoryConnector-repo.maven.apache.org-0-0] INFO  o.e.m.c.i.e.AbstractTransferListenerAdapter - Downloaded https://repo.maven.apache.org/maven2/org/springframework/boot/spring-boot-starter-json/3.3.3/spring-boot-starter-json-3.3.3.jar
2024-08-24 22:19:02,685 [BasicRepositoryConnector-repo.maven.apache.org-0-0] INFO  o.e.m.c.i.e.AbstractTransferListenerAdapter - Downloading https://repo.maven.apache.org/maven2/com/fasterxml/jackson/core/jackson-databind/2.17.2/jackson-databind-2.17.2.jar
2024-08-24 22:19:02,917 [BasicRepositoryConnector-repo.maven.apache.org-0-0] INFO  o.e.m.c.i.e.AbstractTransferListenerAdapter - Downloaded https://repo.maven.apache.org/maven2/com/fasterxml/jackson/core/jackson-databind/2.17.2/jackson-databind-2.17.2.jar
2024-08-24 22:19:02,926 [BasicRepositoryConnector-repo.maven.apache.org-0-0] INFO  o.e.m.c.i.e.AbstractTransferListenerAdapter - Downloading https://repo.maven.apache.org/maven2/com/fasterxml/jackson/core/jackson-annotations/2.17.2/jackson-annotations-2.17.2.jar
2024-08-24 22:19:02,941 [BasicRepositoryConnector-repo.maven.apache.org-0-0] INFO  o.e.m.c.i.e.AbstractTransferListenerAdapter - Downloaded https://repo.maven.apache.org/maven2/com/fasterxml/jackson/core/jackson-annotations/2.17.2/jackson-annotations-2.17.2.jar
2024-08-24 22:19:02,951 [BasicRepositoryConnector-repo.maven.apache.org-0-0] INFO  o.e.m.c.i.e.AbstractTransferListenerAdapter - Downloading https://repo.maven.apache.org/maven2/com/fasterxml/jackson/core/jackson-core/2.17.2/jackson-core-2.17.2.jar
2024-08-24 22:19:03,344 [BasicRepositoryConnector-repo.maven.apache.org-0-0] INFO  o.e.m.c.i.e.AbstractTransferListenerAdapter - Downloaded https://repo.maven.apache.org/maven2/com/fasterxml/jackson/core/jackson-core/2.17.2/jackson-core-2.17.2.jar
2024-08-24 22:19:03,353 [BasicRepositoryConnector-repo.maven.apache.org-0-0] INFO  o.e.m.c.i.e.AbstractTransferListenerAdapter - Downloading https://repo.maven.apache.org/maven2/com/fasterxml/jackson/datatype/jackson-datatype-jdk8/2.17.2/jackson-datatype-jdk8-2.17.2.jar
2024-08-24 22:19:03,361 [BasicRepositoryConnector-repo.maven.apache.org-0-0] INFO  o.e.m.c.i.e.AbstractTransferListenerAdapter - Downloaded https://repo.maven.apache.org/maven2/com/fasterxml/jackson/datatype/jackson-datatype-jdk8/2.17.2/jackson-datatype-jdk8-2.17.2.jar
2024-08-24 22:19:03,368 [BasicRepositoryConnector-repo.maven.apache.org-0-3] INFO  o.e.m.c.i.e.AbstractTransferListenerAdapter - Downloaded https://repo.maven.apache.org/maven2/ch/qos/logback/logback-core/1.5.7/logback-core-1.5.7.jar
2024-08-24 22:19:03,372 [BasicRepositoryConnector-repo.maven.apache.org-0-0] INFO  o.e.m.c.i.e.AbstractTransferListenerAdapter - Downloading https://repo.maven.apache.org/maven2/com/fasterxml/jackson/datatype/jackson-datatype-jsr310/2.17.2/jackson-datatype-jsr310-2.17.2.jar
2024-08-24 22:19:03,379 [BasicRepositoryConnector-repo.maven.apache.org-0-3] INFO  o.e.m.c.i.e.AbstractTransferListenerAdapter - Downloading https://repo.maven.apache.org/maven2/com/fasterxml/jackson/module/jackson-module-parameter-names/2.17.2/jackson-module-parameter-names-2.17.2.jar
2024-08-24 22:19:03,383 [BasicRepositoryConnector-repo.maven.apache.org-0-3] INFO  o.e.m.c.i.e.AbstractTransferListenerAdapter - Downloaded https://repo.maven.apache.org/maven2/com/fasterxml/jackson/module/jackson-module-parameter-names/2.17.2/jackson-module-parameter-names-2.17.2.jar
2024-08-24 22:19:03,393 [BasicRepositoryConnector-repo.maven.apache.org-0-3] INFO  o.e.m.c.i.e.AbstractTransferListenerAdapter - Downloading https://repo.maven.apache.org/maven2/org/springframework/boot/spring-boot-starter-tomcat/3.3.3/spring-boot-starter-tomcat-3.3.3.jar
2024-08-24 22:19:03,395 [BasicRepositoryConnector-repo.maven.apache.org-0-3] INFO  o.e.m.c.i.e.AbstractTransferListenerAdapter - Downloaded https://repo.maven.apache.org/maven2/org/springframework/boot/spring-boot-starter-tomcat/3.3.3/spring-boot-starter-tomcat-3.3.3.jar
2024-08-24 22:19:03,406 [BasicRepositoryConnector-repo.maven.apache.org-0-3] INFO  o.e.m.c.i.e.AbstractTransferListenerAdapter - Downloading https://repo.maven.apache.org/maven2/org/apache/tomcat/embed/tomcat-embed-core/10.1.28/tomcat-embed-core-10.1.28.jar
2024-08-24 22:19:03,406 [BasicRepositoryConnector-repo.maven.apache.org-0-0] INFO  o.e.m.c.i.e.AbstractTransferListenerAdapter - Downloaded https://repo.maven.apache.org/maven2/com/fasterxml/jackson/datatype/jackson-datatype-jsr310/2.17.2/jackson-datatype-jsr310-2.17.2.jar
2024-08-24 22:19:03,415 [BasicRepositoryConnector-repo.maven.apache.org-0-0] INFO  o.e.m.c.i.e.AbstractTransferListenerAdapter - Downloading https://repo.maven.apache.org/maven2/org/apache/tomcat/embed/tomcat-embed-el/10.1.28/tomcat-embed-el-10.1.28.jar
2024-08-24 22:19:03,460 [BasicRepositoryConnector-repo.maven.apache.org-0-2] INFO  o.e.m.c.i.e.AbstractTransferListenerAdapter - Downloaded https://repo.maven.apache.org/maven2/org/springframework/spring-expression/6.1.12/spring-expression-6.1.12.jar
2024-08-24 22:19:03,470 [BasicRepositoryConnector-repo.maven.apache.org-0-2] INFO  o.e.m.c.i.e.AbstractTransferListenerAdapter - Downloading https://repo.maven.apache.org/maven2/org/apache/tomcat/embed/tomcat-embed-websocket/10.1.28/tomcat-embed-websocket-10.1.28.jar
2024-08-24 22:19:03,606 [BasicRepositoryConnector-repo.maven.apache.org-0-2] INFO  o.e.m.c.i.e.AbstractTransferListenerAdapter - Downloaded https://repo.maven.apache.org/maven2/org/apache/tomcat/embed/tomcat-embed-websocket/10.1.28/tomcat-embed-websocket-10.1.28.jar
2024-08-24 22:19:03,613 [BasicRepositoryConnector-repo.maven.apache.org-0-2] INFO  o.e.m.c.i.e.AbstractTransferListenerAdapter - Downloading https://repo.maven.apache.org/maven2/org/springframework/spring-web/6.1.12/spring-web-6.1.12.jar
2024-08-24 22:19:03,710 [BasicRepositoryConnector-repo.maven.apache.org-0-4] INFO  o.e.m.c.i.e.AbstractTransferListenerAdapter - Downloaded https://repo.maven.apache.org/maven2/org/springframework/spring-context/6.1.12/spring-context-6.1.12.jar
2024-08-24 22:19:03,719 [BasicRepositoryConnector-repo.maven.apache.org-0-4] INFO  o.e.m.c.i.e.AbstractTransferListenerAdapter - Downloading https://repo.maven.apache.org/maven2/io/micrometer/micrometer-observation/1.13.3/micrometer-observation-1.13.3.jar
2024-08-24 22:19:03,745 [BasicRepositoryConnector-repo.maven.apache.org-0-0] INFO  o.e.m.c.i.e.AbstractTransferListenerAdapter - Downloaded https://repo.maven.apache.org/maven2/org/apache/tomcat/embed/tomcat-embed-el/10.1.28/tomcat-embed-el-10.1.28.jar
2024-08-24 22:19:03,751 [BasicRepositoryConnector-repo.maven.apache.org-0-4] INFO  o.e.m.c.i.e.AbstractTransferListenerAdapter - Downloaded https://repo.maven.apache.org/maven2/io/micrometer/micrometer-observation/1.13.3/micrometer-observation-1.13.3.jar
2024-08-24 22:19:03,754 [BasicRepositoryConnector-repo.maven.apache.org-0-0] INFO  o.e.m.c.i.e.AbstractTransferListenerAdapter - Downloading https://repo.maven.apache.org/maven2/io/micrometer/micrometer-commons/1.13.3/micrometer-commons-1.13.3.jar
2024-08-24 22:19:03,762 [BasicRepositoryConnector-repo.maven.apache.org-0-4] INFO  o.e.m.c.i.e.AbstractTransferListenerAdapter - Downloading https://repo.maven.apache.org/maven2/org/springframework/spring-webmvc/6.1.12/spring-webmvc-6.1.12.jar
2024-08-24 22:19:03,770 [BasicRepositoryConnector-repo.maven.apache.org-0-0] INFO  o.e.m.c.i.e.AbstractTransferListenerAdapter - Downloaded https://repo.maven.apache.org/maven2/io/micrometer/micrometer-commons/1.13.3/micrometer-commons-1.13.3.jar
2024-08-24 22:19:03,780 [BasicRepositoryConnector-repo.maven.apache.org-0-0] INFO  o.e.m.c.i.e.AbstractTransferListenerAdapter - Downloading https://repo.maven.apache.org/maven2/org/springframework/boot/spring-boot-devtools/3.3.3/spring-boot-devtools-3.3.3.jar
2024-08-24 22:19:03,896 [BasicRepositoryConnector-repo.maven.apache.org-0-0] INFO  o.e.m.c.i.e.AbstractTransferListenerAdapter - Downloaded https://repo.maven.apache.org/maven2/org/springframework/boot/spring-boot-devtools/3.3.3/spring-boot-devtools-3.3.3.jar
2024-08-24 22:19:03,906 [BasicRepositoryConnector-repo.maven.apache.org-0-0] INFO  o.e.m.c.i.e.AbstractTransferListenerAdapter - Downloading https://repo.maven.apache.org/maven2/org/springframework/boot/spring-boot/3.3.3/spring-boot-3.3.3.jar
2024-08-24 22:19:04,081 [BasicRepositoryConnector-repo.maven.apache.org-0-1] INFO  o.e.m.c.i.e.AbstractTransferListenerAdapter - Downloaded https://repo.maven.apache.org/maven2/org/springframework/security/spring-security-config/6.3.3/spring-security-config-6.3.3.jar
2024-08-24 22:19:04,092 [BasicRepositoryConnector-repo.maven.apache.org-0-1] INFO  o.e.m.c.i.e.AbstractTransferListenerAdapter - Downloading https://repo.maven.apache.org/maven2/org/springframework/boot/spring-boot-autoconfigure/3.3.3/spring-boot-autoconfigure-3.3.3.jar
2024-08-24 22:19:04,517 [BasicRepositoryConnector-repo.maven.apache.org-0-4] INFO  o.e.m.c.i.e.AbstractTransferListenerAdapter - Downloaded https://repo.maven.apache.org/maven2/org/springframework/spring-webmvc/6.1.12/spring-webmvc-6.1.12.jar
2024-08-24 22:19:04,526 [BasicRepositoryConnector-repo.maven.apache.org-0-4] INFO  o.e.m.c.i.e.AbstractTransferListenerAdapter - Downloading https://repo.maven.apache.org/maven2/org/projectlombok/lombok/1.18.34/lombok-1.18.34.jar
2024-08-24 22:19:04,976 [BasicRepositoryConnector-repo.maven.apache.org-0-2] INFO  o.e.m.c.i.e.AbstractTransferListenerAdapter - Downloaded https://repo.maven.apache.org/maven2/org/springframework/spring-web/6.1.12/spring-web-6.1.12.jar
2024-08-24 22:19:04,985 [BasicRepositoryConnector-repo.maven.apache.org-0-2] INFO  o.e.m.c.i.e.AbstractTransferListenerAdapter - Downloading https://repo.maven.apache.org/maven2/org/springframework/boot/spring-boot-starter-test/3.3.3/spring-boot-starter-test-3.3.3.jar
2024-08-24 22:19:04,991 [BasicRepositoryConnector-repo.maven.apache.org-0-2] INFO  o.e.m.c.i.e.AbstractTransferListenerAdapter - Downloaded https://repo.maven.apache.org/maven2/org/springframework/boot/spring-boot-starter-test/3.3.3/spring-boot-starter-test-3.3.3.jar
2024-08-24 22:19:04,999 [BasicRepositoryConnector-repo.maven.apache.org-0-2] INFO  o.e.m.c.i.e.AbstractTransferListenerAdapter - Downloading https://repo.maven.apache.org/maven2/org/springframework/boot/spring-boot-test/3.3.3/spring-boot-test-3.3.3.jar
2024-08-24 22:19:05,012 [BasicRepositoryConnector-repo.maven.apache.org-0-0] INFO  o.e.m.c.i.e.AbstractTransferListenerAdapter - Downloaded https://repo.maven.apache.org/maven2/org/springframework/boot/spring-boot/3.3.3/spring-boot-3.3.3.jar
2024-08-24 22:19:05,022 [BasicRepositoryConnector-repo.maven.apache.org-0-0] INFO  o.e.m.c.i.e.AbstractTransferListenerAdapter - Downloading https://repo.maven.apache.org/maven2/org/springframework/boot/spring-boot-test-autoconfigure/3.3.3/spring-boot-test-autoconfigure-3.3.3.jar
2024-08-24 22:19:05,126 [BasicRepositoryConnector-repo.maven.apache.org-0-0] INFO  o.e.m.c.i.e.AbstractTransferListenerAdapter - Downloaded https://repo.maven.apache.org/maven2/org/springframework/boot/spring-boot-test-autoconfigure/3.3.3/spring-boot-test-autoconfigure-3.3.3.jar
2024-08-24 22:19:05,135 [BasicRepositoryConnector-repo.maven.apache.org-0-0] INFO  o.e.m.c.i.e.AbstractTransferListenerAdapter - Downloading https://repo.maven.apache.org/maven2/org/slf4j/slf4j-api/2.0.16/slf4j-api-2.0.16.jar
2024-08-24 22:19:05,178 [BasicRepositoryConnector-repo.maven.apache.org-0-0] INFO  o.e.m.c.i.e.AbstractTransferListenerAdapter - Downloaded https://repo.maven.apache.org/maven2/org/slf4j/slf4j-api/2.0.16/slf4j-api-2.0.16.jar
2024-08-24 22:19:05,187 [BasicRepositoryConnector-repo.maven.apache.org-0-0] INFO  o.e.m.c.i.e.AbstractTransferListenerAdapter - Downloading https://repo.maven.apache.org/maven2/net/bytebuddy/byte-buddy/1.14.19/byte-buddy-1.14.19.jar
2024-08-24 22:19:05,528 [BasicRepositoryConnector-repo.maven.apache.org-0-2] INFO  o.e.m.c.i.e.AbstractTransferListenerAdapter - Downloaded https://repo.maven.apache.org/maven2/org/springframework/boot/spring-boot-test/3.3.3/spring-boot-test-3.3.3.jar
2024-08-24 22:19:05,529 [BasicRepositoryConnector-repo.maven.apache.org-0-1] INFO  o.e.m.c.i.e.AbstractTransferListenerAdapter - Downloaded https://repo.maven.apache.org/maven2/org/springframework/boot/spring-boot-autoconfigure/3.3.3/spring-boot-autoconfigure-3.3.3.jar
2024-08-24 22:19:05,539 [BasicRepositoryConnector-repo.maven.apache.org-0-2] INFO  o.e.m.c.i.e.AbstractTransferListenerAdapter - Downloading https://repo.maven.apache.org/maven2/org/awaitility/awaitility/4.2.2/awaitility-4.2.2.jar
2024-08-24 22:19:05,544 [BasicRepositoryConnector-repo.maven.apache.org-0-1] INFO  o.e.m.c.i.e.AbstractTransferListenerAdapter - Downloading https://repo.maven.apache.org/maven2/org/junit/jupiter/junit-jupiter/5.10.3/junit-jupiter-5.10.3.jar
2024-08-24 22:19:05,552 [BasicRepositoryConnector-repo.maven.apache.org-0-1] INFO  o.e.m.c.i.e.AbstractTransferListenerAdapter - Downloaded https://repo.maven.apache.org/maven2/org/junit/jupiter/junit-jupiter/5.10.3/junit-jupiter-5.10.3.jar
2024-08-24 22:19:05,564 [BasicRepositoryConnector-repo.maven.apache.org-0-1] INFO  o.e.m.c.i.e.AbstractTransferListenerAdapter - Downloading https://repo.maven.apache.org/maven2/org/junit/jupiter/junit-jupiter-api/5.10.3/junit-jupiter-api-5.10.3.jar
2024-08-24 22:19:05,583 [BasicRepositoryConnector-repo.maven.apache.org-0-2] INFO  o.e.m.c.i.e.AbstractTransferListenerAdapter - Downloaded https://repo.maven.apache.org/maven2/org/awaitility/awaitility/4.2.2/awaitility-4.2.2.jar
2024-08-24 22:19:05,594 [BasicRepositoryConnector-repo.maven.apache.org-0-2] INFO  o.e.m.c.i.e.AbstractTransferListenerAdapter - Downloading https://repo.maven.apache.org/maven2/org/junit/platform/junit-platform-commons/1.10.3/junit-platform-commons-1.10.3.jar
2024-08-24 22:19:05,644 [BasicRepositoryConnector-repo.maven.apache.org-0-2] INFO  o.e.m.c.i.e.AbstractTransferListenerAdapter - Downloaded https://repo.maven.apache.org/maven2/org/junit/platform/junit-platform-commons/1.10.3/junit-platform-commons-1.10.3.jar
2024-08-24 22:19:05,656 [BasicRepositoryConnector-repo.maven.apache.org-0-2] INFO  o.e.m.c.i.e.AbstractTransferListenerAdapter - Downloading https://repo.maven.apache.org/maven2/org/junit/jupiter/junit-jupiter-params/5.10.3/junit-jupiter-params-5.10.3.jar
2024-08-24 22:19:05,727 [BasicRepositoryConnector-repo.maven.apache.org-0-1] INFO  o.e.m.c.i.e.AbstractTransferListenerAdapter - Downloaded https://repo.maven.apache.org/maven2/org/junit/jupiter/junit-jupiter-api/5.10.3/junit-jupiter-api-5.10.3.jar
2024-08-24 22:19:05,739 [BasicRepositoryConnector-repo.maven.apache.org-0-1] INFO  o.e.m.c.i.e.AbstractTransferListenerAdapter - Downloading https://repo.maven.apache.org/maven2/org/junit/jupiter/junit-jupiter-engine/5.10.3/junit-jupiter-engine-5.10.3.jar
2024-08-24 22:19:05,996 [BasicRepositoryConnector-repo.maven.apache.org-0-1] INFO  o.e.m.c.i.e.AbstractTransferListenerAdapter - Downloaded https://repo.maven.apache.org/maven2/org/junit/jupiter/junit-jupiter-engine/5.10.3/junit-jupiter-engine-5.10.3.jar
2024-08-24 22:19:06,005 [BasicRepositoryConnector-repo.maven.apache.org-0-1] INFO  o.e.m.c.i.e.AbstractTransferListenerAdapter - Downloading https://repo.maven.apache.org/maven2/org/junit/platform/junit-platform-engine/1.10.3/junit-platform-engine-1.10.3.jar
2024-08-24 22:19:06,132 [BasicRepositoryConnector-repo.maven.apache.org-0-2] INFO  o.e.m.c.i.e.AbstractTransferListenerAdapter - Downloaded https://repo.maven.apache.org/maven2/org/junit/jupiter/junit-jupiter-params/5.10.3/junit-jupiter-params-5.10.3.jar
2024-08-24 22:19:06,142 [BasicRepositoryConnector-repo.maven.apache.org-0-2] INFO  o.e.m.c.i.e.AbstractTransferListenerAdapter - Downloading https://repo.maven.apache.org/maven2/net/bytebuddy/byte-buddy-agent/1.14.19/byte-buddy-agent-1.14.19.jar
2024-08-24 22:19:06,236 [BasicRepositoryConnector-repo.maven.apache.org-0-1] INFO  o.e.m.c.i.e.AbstractTransferListenerAdapter - Downloaded https://repo.maven.apache.org/maven2/org/junit/platform/junit-platform-engine/1.10.3/junit-platform-engine-1.10.3.jar
2024-08-24 22:19:06,244 [BasicRepositoryConnector-repo.maven.apache.org-0-1] INFO  o.e.m.c.i.e.AbstractTransferListenerAdapter - Downloading https://repo.maven.apache.org/maven2/org/skyscreamer/jsonassert/1.5.3/jsonassert-1.5.3.jar
2024-08-24 22:19:06,281 [BasicRepositoryConnector-repo.maven.apache.org-0-1] INFO  o.e.m.c.i.e.AbstractTransferListenerAdapter - Downloaded https://repo.maven.apache.org/maven2/org/skyscreamer/jsonassert/1.5.3/jsonassert-1.5.3.jar
2024-08-24 22:19:06,290 [BasicRepositoryConnector-repo.maven.apache.org-0-1] INFO  o.e.m.c.i.e.AbstractTransferListenerAdapter - Downloading https://repo.maven.apache.org/maven2/org/springframework/spring-core/6.1.12/spring-core-6.1.12.jar
2024-08-24 22:19:06,355 [BasicRepositoryConnector-repo.maven.apache.org-0-2] INFO  o.e.m.c.i.e.AbstractTransferListenerAdapter - Downloaded https://repo.maven.apache.org/maven2/net/bytebuddy/byte-buddy-agent/1.14.19/byte-buddy-agent-1.14.19.jar
2024-08-24 22:19:06,364 [BasicRepositoryConnector-repo.maven.apache.org-0-2] INFO  o.e.m.c.i.e.AbstractTransferListenerAdapter - Downloading https://repo.maven.apache.org/maven2/org/springframework/spring-jcl/6.1.12/spring-jcl-6.1.12.jar
2024-08-24 22:19:06,381 [BasicRepositoryConnector-repo.maven.apache.org-0-2] INFO  o.e.m.c.i.e.AbstractTransferListenerAdapter - Downloaded https://repo.maven.apache.org/maven2/org/springframework/spring-jcl/6.1.12/spring-jcl-6.1.12.jar
2024-08-24 22:19:06,390 [BasicRepositoryConnector-repo.maven.apache.org-0-2] INFO  o.e.m.c.i.e.AbstractTransferListenerAdapter - Downloading https://repo.maven.apache.org/maven2/org/springframework/spring-test/6.1.12/spring-test-6.1.12.jar
2024-08-24 22:19:06,696 [BasicRepositoryConnector-repo.maven.apache.org-0-4] INFO  o.e.m.c.i.e.AbstractTransferListenerAdapter - Downloaded https://repo.maven.apache.org/maven2/org/projectlombok/lombok/1.18.34/lombok-1.18.34.jar
2024-08-24 22:19:06,707 [BasicRepositoryConnector-repo.maven.apache.org-0-4] INFO  o.e.m.c.i.e.AbstractTransferListenerAdapter - Downloading https://repo.maven.apache.org/maven2/org/springframework/security/spring-security-test/6.3.3/spring-security-test-6.3.3.jar
2024-08-24 22:19:06,802 [BasicRepositoryConnector-repo.maven.apache.org-0-4] INFO  o.e.m.c.i.e.AbstractTransferListenerAdapter - Downloaded https://repo.maven.apache.org/maven2/org/springframework/security/spring-security-test/6.3.3/spring-security-test-6.3.3.jar
2024-08-24 22:19:06,815 [BasicRepositoryConnector-repo.maven.apache.org-0-4] INFO  o.e.m.c.i.e.AbstractTransferListenerAdapter - Downloading https://repo.maven.apache.org/maven2/org/springframework/security/spring-security-core/6.3.3/spring-security-core-6.3.3.jar
2024-08-24 22:19:07,040 [BasicRepositoryConnector-repo.maven.apache.org-0-3] INFO  o.e.m.c.i.e.AbstractTransferListenerAdapter - Downloaded https://repo.maven.apache.org/maven2/org/apache/tomcat/embed/tomcat-embed-core/10.1.28/tomcat-embed-core-10.1.28.jar
2024-08-24 22:19:07,049 [BasicRepositoryConnector-repo.maven.apache.org-0-3] INFO  o.e.m.c.i.e.AbstractTransferListenerAdapter - Downloading https://repo.maven.apache.org/maven2/org/springframework/security/spring-security-crypto/6.3.3/spring-security-crypto-6.3.3.jar
2024-08-24 22:19:07,086 [BasicRepositoryConnector-repo.maven.apache.org-0-2] INFO  o.e.m.c.i.e.AbstractTransferListenerAdapter - Downloaded https://repo.maven.apache.org/maven2/org/springframework/spring-test/6.1.12/spring-test-6.1.12.jar
2024-08-24 22:19:07,107 [BasicRepositoryConnector-repo.maven.apache.org-0-3] INFO  o.e.m.c.i.e.AbstractTransferListenerAdapter - Downloaded https://repo.maven.apache.org/maven2/org/springframework/security/spring-security-crypto/6.3.3/spring-security-crypto-6.3.3.jar
2024-08-24 22:19:07,178 [BasicRepositoryConnector-repo.maven.apache.org-0-4] INFO  o.e.m.c.i.e.AbstractTransferListenerAdapter - Downloaded https://repo.maven.apache.org/maven2/org/springframework/security/spring-security-core/6.3.3/spring-security-core-6.3.3.jar
2024-08-24 22:19:07,555 [BasicRepositoryConnector-repo.maven.apache.org-0-1] INFO  o.e.m.c.i.e.AbstractTransferListenerAdapter - Downloaded https://repo.maven.apache.org/maven2/org/springframework/spring-core/6.1.12/spring-core-6.1.12.jar
2024-08-24 22:19:07,718 [BasicRepositoryConnector-repo.maven.apache.org-0-0] INFO  o.e.m.c.i.e.AbstractTransferListenerAdapter - Downloaded https://repo.maven.apache.org/maven2/net/bytebuddy/byte-buddy/1.14.19/byte-buddy-1.14.19.jar
2024-08-24 22:19:08,040 [Worker-2: Import Getting Started Content] INFO  o.e.m.c.i.l.LifecycleMappingFactory - Using org.eclipse.m2e.jdt.JarLifecycleMapping lifecycle mapping for MavenProject: in.aarav.rubral:SpringBoot2RestMediaTypeEx:1.0 @ /Users/aaravrubral/Documents/workspace/SpringBoot2RestMediaTypeEx/pom.xml.
2024-08-24 22:19:08,379 [Worker-2: Import Getting Started Content] INFO  o.e.m.c.i.l.LifecycleMappingFactory - Using org.eclipse.m2e.jdt.JarLifecycleMapping lifecycle mapping for MavenProject: in.aarav.rubral:SpringBoot2MediaTypeEx-4:1.0 @ /Users/aaravrubral/Documents/workspace/SpringBoot2MediaTypeEx-4/pom.xml.
2024-08-24 22:19:08,824 [Worker-2: Import Getting Started Content] INFO  o.e.m.c.i.e.AbstractTransferListenerAdapter - Downloading https://repo.maven.apache.org/maven2/org/apache/maven/plugins/maven-jar-plugin/3.4.2/maven-jar-plugin-3.4.2.pom
2024-08-24 22:19:08,827 [Worker-2: Import Getting Started Content] INFO  o.e.m.c.i.e.AbstractTransferListenerAdapter - Downloaded https://repo.maven.apache.org/maven2/org/apache/maven/plugins/maven-jar-plugin/3.4.2/maven-jar-plugin-3.4.2.pom
2024-08-24 22:19:09,892 [Worker-2: Import Getting Started Content] INFO  o.e.m.j.i.AbstractJavaProjectConfigurator - Adding source folder /SpringSecurityDemo/src/main/java
2024-08-24 22:19:09,895 [Worker-2: Import Getting Started Content] INFO  o.e.m.j.i.AbstractJavaProjectConfigurator - Adding resource folder /SpringSecurityDemo/src/main/resources
2024-08-24 22:19:09,904 [Worker-2: Import Getting Started Content] INFO  o.e.m.j.i.AbstractJavaProjectConfigurator - Adding resource folder /SpringSecurityDemo/src/main/resources
2024-08-24 22:19:09,909 [Worker-2: Import Getting Started Content] INFO  o.e.m.j.i.AbstractJavaProjectConfigurator - Adding source folder /SpringSecurityDemo/src/test/java
2024-08-24 22:19:09,911 [Worker-2: Import Getting Started Content] INFO  o.e.m.j.i.AbstractJavaProjectConfigurator - Adding resource folder /SpringSecurityDemo/src/test/resources
2024-08-24 22:19:10,174 [Worker-2: Import Getting Started Content] INFO  o.e.m.c.i.p.ProjectConfigurationManager - Imported and configured 1 project(s) in 12 sec
2024-08-24 22:19:10,180 [Worker-2: Import Getting Started Content] INFO  o.e.m.c.i.p.ProjectConfigurationManager - Update started
2024-08-24 22:19:10,559 [Worker-2: Import Getting Started Content] INFO  o.e.m.c.i.l.LifecycleMappingFactory - Using org.eclipse.m2e.jdt.JarLifecycleMapping lifecycle mapping for MavenProject: in.aarav.rubral:SpringSecurityDemo:1.0 @ /Users/aaravrubral/Documents/workspace/SpringSecurityDemo/pom.xml.
2024-08-24 22:19:10,574 [Worker-0: Download sources and javadoc] INFO  o.e.m.c.i.e.AbstractTransferListenerAdapter - Downloading https://repo.maven.apache.org/maven2/org/springframework/boot/spring-boot-starter-security/3.3.3/spring-boot-starter-security-3.3.3-sources.jar
2024-08-24 22:19:10,577 [Worker-0: Download sources and javadoc] INFO  o.e.m.c.i.e.AbstractTransferListenerAdapter - Downloaded https://repo.maven.apache.org/maven2/org/springframework/boot/spring-boot-starter-security/3.3.3/spring-boot-starter-security-3.3.3-sources.jar
2024-08-24 22:19:10,580 [Worker-0: Download sources and javadoc] INFO  o.e.m.j.internal.DownloadSourcesJob - Downloaded sources for org.springframework.boot:spring-boot-starter-security:3.3.3
2024-08-24 22:19:10,625 [Worker-0: Download sources and javadoc] INFO  o.e.m.c.i.e.AbstractTransferListenerAdapter - Downloading https://repo.maven.apache.org/maven2/org/springframework/boot/spring-boot-starter/3.3.3/spring-boot-starter-3.3.3-sources.jar
2024-08-24 22:19:10,628 [Worker-0: Download sources and javadoc] INFO  o.e.m.c.i.e.AbstractTransferListenerAdapter - Downloaded https://repo.maven.apache.org/maven2/org/springframework/boot/spring-boot-starter/3.3.3/spring-boot-starter-3.3.3-sources.jar
2024-08-24 22:19:10,631 [Worker-0: Download sources and javadoc] INFO  o.e.m.j.internal.DownloadSourcesJob - Downloaded sources for org.springframework.boot:spring-boot-starter:3.3.3
2024-08-24 22:19:10,671 [Worker-0: Download sources and javadoc] INFO  o.e.m.c.i.e.AbstractTransferListenerAdapter - Downloading https://repo.maven.apache.org/maven2/org/springframework/boot/spring-boot-starter-logging/3.3.3/spring-boot-starter-logging-3.3.3-sources.jar
2024-08-24 22:19:10,675 [Worker-0: Download sources and javadoc] INFO  o.e.m.c.i.e.AbstractTransferListenerAdapter - Downloaded https://repo.maven.apache.org/maven2/org/springframework/boot/spring-boot-starter-logging/3.3.3/spring-boot-starter-logging-3.3.3-sources.jar
2024-08-24 22:19:10,678 [Worker-0: Download sources and javadoc] INFO  o.e.m.j.internal.DownloadSourcesJob - Downloaded sources for org.springframework.boot:spring-boot-starter-logging:3.3.3
2024-08-24 22:19:10,721 [Worker-0: Download sources and javadoc] INFO  o.e.m.c.i.e.AbstractTransferListenerAdapter - Downloading https://repo.maven.apache.org/maven2/ch/qos/logback/logback-classic/1.5.7/logback-classic-1.5.7-sources.jar
2024-08-24 22:19:10,756 [Worker-0: Download sources and javadoc] INFO  o.e.m.c.i.e.AbstractTransferListenerAdapter - Downloaded https://repo.maven.apache.org/maven2/ch/qos/logback/logback-classic/1.5.7/logback-classic-1.5.7-sources.jar
2024-08-24 22:19:10,759 [Worker-0: Download sources and javadoc] INFO  o.e.m.j.internal.DownloadSourcesJob - Downloaded sources for ch.qos.logback:logback-classic:1.5.7
2024-08-24 22:19:10,804 [Worker-0: Download sources and javadoc] INFO  o.e.m.c.i.e.AbstractTransferListenerAdapter - Downloading https://repo.maven.apache.org/maven2/ch/qos/logback/logback-core/1.5.7/logback-core-1.5.7-sources.jar
2024-08-24 22:19:10,839 [Worker-0: Download sources and javadoc] INFO  o.e.m.c.i.e.AbstractTransferListenerAdapter - Downloaded https://repo.maven.apache.org/maven2/ch/qos/logback/logback-core/1.5.7/logback-core-1.5.7-sources.jar
2024-08-24 22:19:10,841 [Worker-0: Download sources and javadoc] INFO  o.e.m.j.internal.DownloadSourcesJob - Downloaded sources for ch.qos.logback:logback-core:1.5.7
2024-08-24 22:19:10,886 [Worker-0: Download sources and javadoc] INFO  o.e.m.c.i.e.AbstractTransferListenerAdapter - Downloading https://repo.maven.apache.org/maven2/org/slf4j/jul-to-slf4j/2.0.16/jul-to-slf4j-2.0.16-sources.jar
2024-08-24 22:19:10,890 [Worker-0: Download sources and javadoc] INFO  o.e.m.c.i.e.AbstractTransferListenerAdapter - Downloaded https://repo.maven.apache.org/maven2/org/slf4j/jul-to-slf4j/2.0.16/jul-to-slf4j-2.0.16-sources.jar
2024-08-24 22:19:10,893 [Worker-0: Download sources and javadoc] INFO  o.e.m.j.internal.DownloadSourcesJob - Downloaded sources for org.slf4j:jul-to-slf4j:2.0.16
2024-08-24 22:19:10,938 [Worker-0: Download sources and javadoc] INFO  o.e.m.c.i.e.AbstractTransferListenerAdapter - Downloading https://repo.maven.apache.org/maven2/org/springframework/spring-aop/6.1.12/spring-aop-6.1.12-sources.jar
2024-08-24 22:19:10,972 [Worker-0: Download sources and javadoc] INFO  o.e.m.c.i.e.AbstractTransferListenerAdapter - Downloaded https://repo.maven.apache.org/maven2/org/springframework/spring-aop/6.1.12/spring-aop-6.1.12-sources.jar
2024-08-24 22:19:10,975 [Worker-0: Download sources and javadoc] INFO  o.e.m.j.internal.DownloadSourcesJob - Downloaded sources for org.springframework:spring-aop:6.1.12
2024-08-24 22:19:10,991 [Worker-2: Import Getting Started Content] INFO  o.e.m.j.i.AbstractJavaProjectConfigurator - Adding source folder /SpringSecurityDemo/src/main/java
2024-08-24 22:19:10,992 [Worker-2: Import Getting Started Content] INFO  o.e.m.j.i.AbstractJavaProjectConfigurator - Adding resource folder /SpringSecurityDemo/src/main/resources
2024-08-24 22:19:10,993 [Worker-2: Import Getting Started Content] INFO  o.e.m.j.i.AbstractJavaProjectConfigurator - Adding resource folder /SpringSecurityDemo/src/main/resources
2024-08-24 22:19:10,995 [Worker-2: Import Getting Started Content] INFO  o.e.m.j.i.AbstractJavaProjectConfigurator - Adding source folder /SpringSecurityDemo/src/test/java
2024-08-24 22:19:10,995 [Worker-2: Import Getting Started Content] INFO  o.e.m.j.i.AbstractJavaProjectConfigurator - Adding resource folder /SpringSecurityDemo/src/test/resources
2024-08-24 22:19:11,023 [Worker-0: Download sources and javadoc] INFO  o.e.m.c.i.e.AbstractTransferListenerAdapter - Downloading https://repo.maven.apache.org/maven2/org/springframework/spring-beans/6.1.12/spring-beans-6.1.12-sources.jar
2024-08-24 22:19:11,072 [Worker-0: Download sources and javadoc] INFO  o.e.m.c.i.e.AbstractTransferListenerAdapter - Downloaded https://repo.maven.apache.org/maven2/org/springframework/spring-beans/6.1.12/spring-beans-6.1.12-sources.jar
2024-08-24 22:19:11,077 [Worker-0: Download sources and javadoc] INFO  o.e.m.j.internal.DownloadSourcesJob - Downloaded sources for org.springframework:spring-beans:6.1.12
2024-08-24 22:19:11,134 [Worker-0: Download sources and javadoc] INFO  o.e.m.c.i.e.AbstractTransferListenerAdapter - Downloading https://repo.maven.apache.org/maven2/org/springframework/security/spring-security-config/6.3.3/spring-security-config-6.3.3-sources.jar
2024-08-24 22:19:11,231 [Worker-0: Download sources and javadoc] INFO  o.e.m.c.i.e.AbstractTransferListenerAdapter - Downloaded https://repo.maven.apache.org/maven2/org/springframework/security/spring-security-config/6.3.3/spring-security-config-6.3.3-sources.jar
2024-08-24 22:19:11,234 [Worker-0: Download sources and javadoc] INFO  o.e.m.j.internal.DownloadSourcesJob - Downloaded sources for org.springframework.security:spring-security-config:6.3.3
2024-08-24 22:19:11,280 [Worker-0: Download sources and javadoc] INFO  o.e.m.c.i.e.AbstractTransferListenerAdapter - Downloading https://repo.maven.apache.org/maven2/org/springframework/spring-context/6.1.12/spring-context-6.1.12-sources.jar
2024-08-24 22:19:11,692 [Worker-0: Download sources and javadoc] INFO  o.e.m.c.i.e.AbstractTransferListenerAdapter - Downloaded https://repo.maven.apache.org/maven2/org/springframework/spring-context/6.1.12/spring-context-6.1.12-sources.jar
2024-08-24 22:19:11,695 [Worker-0: Download sources and javadoc] INFO  o.e.m.j.internal.DownloadSourcesJob - Downloaded sources for org.springframework:spring-context:6.1.12
2024-08-24 22:19:11,743 [Worker-0: Download sources and javadoc] INFO  o.e.m.c.i.e.AbstractTransferListenerAdapter - Downloading https://repo.maven.apache.org/maven2/org/springframework/security/spring-security-web/6.3.3/spring-security-web-6.3.3-sources.jar
2024-08-24 22:19:11,782 [Worker-0: Download sources and javadoc] INFO  o.e.m.c.i.e.AbstractTransferListenerAdapter - Downloaded https://repo.maven.apache.org/maven2/org/springframework/security/spring-security-web/6.3.3/spring-security-web-6.3.3-sources.jar
2024-08-24 22:19:11,785 [Worker-0: Download sources and javadoc] INFO  o.e.m.j.internal.DownloadSourcesJob - Downloaded sources for org.springframework.security:spring-security-web:6.3.3
2024-08-24 22:19:11,805 [Worker-2: Import Getting Started Content] INFO  o.e.m.c.i.p.ProjectConfigurationManager - Update completed for 1 poms: local refresh takes 0.00 sec, refresh facades takes 0.00 sec, update config takes 0.00 sec 
2024-08-24 22:19:11,829 [Worker-0: Download sources and javadoc] INFO  o.e.m.c.i.e.AbstractTransferListenerAdapter - Downloading https://repo.maven.apache.org/maven2/org/springframework/spring-expression/6.1.12/spring-expression-6.1.12-sources.jar
2024-08-24 22:19:11,855 [Worker-0: Download sources and javadoc] INFO  o.e.m.c.i.e.AbstractTransferListenerAdapter - Downloaded https://repo.maven.apache.org/maven2/org/springframework/spring-expression/6.1.12/spring-expression-6.1.12-sources.jar
2024-08-24 22:19:11,857 [Worker-0: Download sources and javadoc] INFO  o.e.m.j.internal.DownloadSourcesJob - Downloaded sources for org.springframework:spring-expression:6.1.12
2024-08-24 22:19:11,892 [Worker-0: Download sources and javadoc] INFO  o.e.m.c.i.e.AbstractTransferListenerAdapter - Downloading https://repo.maven.apache.org/maven2/org/springframework/boot/spring-boot-starter-web/3.3.3/spring-boot-starter-web-3.3.3-sources.jar
2024-08-24 22:19:11,895 [Worker-0: Download sources and javadoc] INFO  o.e.m.c.i.e.AbstractTransferListenerAdapter - Downloaded https://repo.maven.apache.org/maven2/org/springframework/boot/spring-boot-starter-web/3.3.3/spring-boot-starter-web-3.3.3-sources.jar
2024-08-24 22:19:11,897 [Worker-0: Download sources and javadoc] INFO  o.e.m.j.internal.DownloadSourcesJob - Downloaded sources for org.springframework.boot:spring-boot-starter-web:3.3.3
2024-08-24 22:19:11,967 [Worker-0: Download sources and javadoc] INFO  o.e.m.c.i.e.AbstractTransferListenerAdapter - Downloading https://repo.maven.apache.org/maven2/org/springframework/boot/spring-boot-starter-json/3.3.3/spring-boot-starter-json-3.3.3-sources.jar
2024-08-24 22:19:11,970 [Worker-0: Download sources and javadoc] INFO  o.e.m.c.i.e.AbstractTransferListenerAdapter - Downloaded https://repo.maven.apache.org/maven2/org/springframework/boot/spring-boot-starter-json/3.3.3/spring-boot-starter-json-3.3.3-sources.jar
2024-08-24 22:19:11,973 [Worker-0: Download sources and javadoc] INFO  o.e.m.j.internal.DownloadSourcesJob - Downloaded sources for org.springframework.boot:spring-boot-starter-json:3.3.3
2024-08-24 22:19:12,012 [Worker-0: Download sources and javadoc] INFO  o.e.m.c.i.e.AbstractTransferListenerAdapter - Downloading https://repo.maven.apache.org/maven2/com/fasterxml/jackson/core/jackson-databind/2.17.2/jackson-databind-2.17.2-sources.jar
2024-08-24 22:19:12,072 [Worker-0: Download sources and javadoc] INFO  o.e.m.c.i.e.AbstractTransferListenerAdapter - Downloaded https://repo.maven.apache.org/maven2/com/fasterxml/jackson/core/jackson-databind/2.17.2/jackson-databind-2.17.2-sources.jar
2024-08-24 22:19:12,075 [Worker-0: Download sources and javadoc] INFO  o.e.m.j.internal.DownloadSourcesJob - Downloaded sources for com.fasterxml.jackson.core:jackson-databind:2.17.2
2024-08-24 22:19:12,116 [Worker-0: Download sources and javadoc] INFO  o.e.m.c.i.e.AbstractTransferListenerAdapter - Downloading https://repo.maven.apache.org/maven2/com/fasterxml/jackson/core/jackson-annotations/2.17.2/jackson-annotations-2.17.2-sources.jar
2024-08-24 22:19:12,129 [Worker-0: Download sources and javadoc] INFO  o.e.m.c.i.e.AbstractTransferListenerAdapter - Downloaded https://repo.maven.apache.org/maven2/com/fasterxml/jackson/core/jackson-annotations/2.17.2/jackson-annotations-2.17.2-sources.jar
2024-08-24 22:19:12,132 [Worker-0: Download sources and javadoc] INFO  o.e.m.j.internal.DownloadSourcesJob - Downloaded sources for com.fasterxml.jackson.core:jackson-annotations:2.17.2
2024-08-24 22:19:12,168 [Worker-0: Download sources and javadoc] INFO  o.e.m.c.i.e.AbstractTransferListenerAdapter - Downloading https://repo.maven.apache.org/maven2/com/fasterxml/jackson/core/jackson-core/2.17.2/jackson-core-2.17.2-sources.jar
2024-08-24 22:19:12,194 [Worker-9: Updating Maven Project] INFO  o.e.m.c.i.p.ProjectConfigurationManager - Update started
2024-08-24 22:19:12,212 [Worker-0: Download sources and javadoc] INFO  o.e.m.c.i.e.AbstractTransferListenerAdapter - Downloaded https://repo.maven.apache.org/maven2/com/fasterxml/jackson/core/jackson-core/2.17.2/jackson-core-2.17.2-sources.jar
2024-08-24 22:19:12,232 [Worker-0: Download sources and javadoc] INFO  o.e.m.j.internal.DownloadSourcesJob - Downloaded sources for com.fasterxml.jackson.core:jackson-core:2.17.2
2024-08-24 22:19:13,054 [Worker-0: Download sources and javadoc] INFO  o.e.m.c.i.e.AbstractTransferListenerAdapter - Downloading https://repo.maven.apache.org/maven2/com/fasterxml/jackson/datatype/jackson-datatype-jdk8/2.17.2/jackson-datatype-jdk8-2.17.2-sources.jar
2024-08-24 22:19:13,058 [Worker-0: Download sources and javadoc] INFO  o.e.m.c.i.e.AbstractTransferListenerAdapter - Downloaded https://repo.maven.apache.org/maven2/com/fasterxml/jackson/datatype/jackson-datatype-jdk8/2.17.2/jackson-datatype-jdk8-2.17.2-sources.jar
2024-08-24 22:19:13,058 [Worker-9: Updating Maven Project] INFO  o.e.m.c.i.l.LifecycleMappingFactory - Using org.eclipse.m2e.jdt.JarLifecycleMapping lifecycle mapping for MavenProject: in.aarav.rubral:SpringSecurityDemo:1.0 @ /Users/aaravrubral/Documents/workspace/SpringSecurityDemo/pom.xml.
2024-08-24 22:19:13,061 [Worker-0: Download sources and javadoc] INFO  o.e.m.j.internal.DownloadSourcesJob - Downloaded sources for com.fasterxml.jackson.datatype:jackson-datatype-jdk8:2.17.2
2024-08-24 22:19:13,109 [Worker-0: Download sources and javadoc] INFO  o.e.m.c.i.e.AbstractTransferListenerAdapter - Downloading https://repo.maven.apache.org/maven2/com/fasterxml/jackson/datatype/jackson-datatype-jsr310/2.17.2/jackson-datatype-jsr310-2.17.2-sources.jar
2024-08-24 22:19:13,123 [Worker-0: Download sources and javadoc] INFO  o.e.m.c.i.e.AbstractTransferListenerAdapter - Downloaded https://repo.maven.apache.org/maven2/com/fasterxml/jackson/datatype/jackson-datatype-jsr310/2.17.2/jackson-datatype-jsr310-2.17.2-sources.jar
2024-08-24 22:19:13,126 [Worker-0: Download sources and javadoc] INFO  o.e.m.j.internal.DownloadSourcesJob - Downloaded sources for com.fasterxml.jackson.datatype:jackson-datatype-jsr310:2.17.2
2024-08-24 22:19:13,162 [Worker-0: Download sources and javadoc] INFO  o.e.m.c.i.e.AbstractTransferListenerAdapter - Downloading https://repo.maven.apache.org/maven2/com/fasterxml/jackson/module/jackson-module-parameter-names/2.17.2/jackson-module-parameter-names-2.17.2-sources.jar
2024-08-24 22:19:13,166 [Worker-0: Download sources and javadoc] INFO  o.e.m.c.i.e.AbstractTransferListenerAdapter - Downloaded https://repo.maven.apache.org/maven2/com/fasterxml/jackson/module/jackson-module-parameter-names/2.17.2/jackson-module-parameter-names-2.17.2-sources.jar
2024-08-24 22:19:13,171 [Worker-0: Download sources and javadoc] INFO  o.e.m.j.internal.DownloadSourcesJob - Downloaded sources for com.fasterxml.jackson.module:jackson-module-parameter-names:2.17.2
2024-08-24 22:19:13,210 [Worker-0: Download sources and javadoc] INFO  o.e.m.c.i.e.AbstractTransferListenerAdapter - Downloading https://repo.maven.apache.org/maven2/org/springframework/boot/spring-boot-starter-tomcat/3.3.3/spring-boot-starter-tomcat-3.3.3-sources.jar
2024-08-24 22:19:13,214 [Worker-0: Download sources and javadoc] INFO  o.e.m.c.i.e.AbstractTransferListenerAdapter - Downloaded https://repo.maven.apache.org/maven2/org/springframework/boot/spring-boot-starter-tomcat/3.3.3/spring-boot-starter-tomcat-3.3.3-sources.jar
2024-08-24 22:19:13,218 [Worker-0: Download sources and javadoc] INFO  o.e.m.j.internal.DownloadSourcesJob - Downloaded sources for org.springframework.boot:spring-boot-starter-tomcat:3.3.3
2024-08-24 22:19:13,261 [Worker-0: Download sources and javadoc] INFO  o.e.m.c.i.e.AbstractTransferListenerAdapter - Downloading https://repo.maven.apache.org/maven2/org/apache/tomcat/embed/tomcat-embed-core/10.1.28/tomcat-embed-core-10.1.28-sources.jar
2024-08-24 22:19:13,529 [Worker-9: Updating Maven Project] INFO  o.e.m.j.i.AbstractJavaProjectConfigurator - Adding source folder /SpringSecurityDemo/src/main/java
2024-08-24 22:19:13,529 [Worker-9: Updating Maven Project] INFO  o.e.m.j.i.AbstractJavaProjectConfigurator - Adding resource folder /SpringSecurityDemo/src/main/resources
2024-08-24 22:19:13,530 [Worker-9: Updating Maven Project] INFO  o.e.m.j.i.AbstractJavaProjectConfigurator - Adding resource folder /SpringSecurityDemo/src/main/resources
2024-08-24 22:19:13,532 [Worker-9: Updating Maven Project] INFO  o.e.m.j.i.AbstractJavaProjectConfigurator - Adding source folder /SpringSecurityDemo/src/test/java
2024-08-24 22:19:13,532 [Worker-9: Updating Maven Project] INFO  o.e.m.j.i.AbstractJavaProjectConfigurator - Adding resource folder /SpringSecurityDemo/src/test/resources
2024-08-24 22:19:13,949 [Worker-0: Download sources and javadoc] INFO  o.e.m.c.i.e.AbstractTransferListenerAdapter - Downloaded https://repo.maven.apache.org/maven2/org/apache/tomcat/embed/tomcat-embed-core/10.1.28/tomcat-embed-core-10.1.28-sources.jar
2024-08-24 22:19:13,952 [Worker-0: Download sources and javadoc] INFO  o.e.m.j.internal.DownloadSourcesJob - Downloaded sources for org.apache.tomcat.embed:tomcat-embed-core:10.1.28
2024-08-24 22:19:13,997 [Worker-0: Download sources and javadoc] INFO  o.e.m.c.i.e.AbstractTransferListenerAdapter - Downloading https://repo.maven.apache.org/maven2/org/apache/tomcat/embed/tomcat-embed-el/10.1.28/tomcat-embed-el-10.1.28-sources.jar
2024-08-24 22:19:14,022 [Worker-0: Download sources and javadoc] INFO  o.e.m.c.i.e.AbstractTransferListenerAdapter - Downloaded https://repo.maven.apache.org/maven2/org/apache/tomcat/embed/tomcat-embed-el/10.1.28/tomcat-embed-el-10.1.28-sources.jar
2024-08-24 22:19:14,025 [Worker-0: Download sources and javadoc] INFO  o.e.m.j.internal.DownloadSourcesJob - Downloaded sources for org.apache.tomcat.embed:tomcat-embed-el:10.1.28
2024-08-24 22:19:14,082 [Worker-0: Download sources and javadoc] INFO  o.e.m.c.i.e.AbstractTransferListenerAdapter - Downloading https://repo.maven.apache.org/maven2/org/apache/tomcat/embed/tomcat-embed-websocket/10.1.28/tomcat-embed-websocket-10.1.28-sources.jar
2024-08-24 22:19:14,108 [Worker-0: Download sources and javadoc] INFO  o.e.m.c.i.e.AbstractTransferListenerAdapter - Downloaded https://repo.maven.apache.org/maven2/org/apache/tomcat/embed/tomcat-embed-websocket/10.1.28/tomcat-embed-websocket-10.1.28-sources.jar
2024-08-24 22:19:14,111 [Worker-0: Download sources and javadoc] INFO  o.e.m.j.internal.DownloadSourcesJob - Downloaded sources for org.apache.tomcat.embed:tomcat-embed-websocket:10.1.28
2024-08-24 22:19:14,119 [Worker-9: Updating Maven Project] INFO  o.e.m.c.i.p.ProjectConfigurationManager - Update completed for 1 poms: local refresh takes 0.00 sec, refresh facades takes 1.00 sec, update config takes 0.00 sec 
2024-08-24 22:19:14,153 [Worker-0: Download sources and javadoc] INFO  o.e.m.c.i.e.AbstractTransferListenerAdapter - Downloading https://repo.maven.apache.org/maven2/org/springframework/spring-web/6.1.12/spring-web-6.1.12-sources.jar
2024-08-24 22:19:14,225 [Worker-0: Download sources and javadoc] INFO  o.e.m.c.i.e.AbstractTransferListenerAdapter - Downloaded https://repo.maven.apache.org/maven2/org/springframework/spring-web/6.1.12/spring-web-6.1.12-sources.jar
2024-08-24 22:19:14,228 [Worker-0: Download sources and javadoc] INFO  o.e.m.j.internal.DownloadSourcesJob - Downloaded sources for org.springframework:spring-web:6.1.12
2024-08-24 22:19:14,270 [Worker-0: Download sources and javadoc] INFO  o.e.m.c.i.e.AbstractTransferListenerAdapter - Downloading https://repo.maven.apache.org/maven2/io/micrometer/micrometer-observation/1.13.3/micrometer-observation-1.13.3-sources.jar
2024-08-24 22:19:14,282 [Worker-0: Download sources and javadoc] INFO  o.e.m.c.i.e.AbstractTransferListenerAdapter - Downloaded https://repo.maven.apache.org/maven2/io/micrometer/micrometer-observation/1.13.3/micrometer-observation-1.13.3-sources.jar
2024-08-24 22:19:14,285 [Worker-0: Download sources and javadoc] INFO  o.e.m.j.internal.DownloadSourcesJob - Downloaded sources for io.micrometer:micrometer-observation:1.13.3
2024-08-24 22:19:14,335 [Worker-0: Download sources and javadoc] INFO  o.e.m.c.i.e.AbstractTransferListenerAdapter - Downloading https://repo.maven.apache.org/maven2/io/micrometer/micrometer-commons/1.13.3/micrometer-commons-1.13.3-sources.jar
2024-08-24 22:19:14,344 [Worker-0: Download sources and javadoc] INFO  o.e.m.c.i.e.AbstractTransferListenerAdapter - Downloaded https://repo.maven.apache.org/maven2/io/micrometer/micrometer-commons/1.13.3/micrometer-commons-1.13.3-sources.jar
2024-08-24 22:19:14,347 [Worker-0: Download sources and javadoc] INFO  o.e.m.j.internal.DownloadSourcesJob - Downloaded sources for io.micrometer:micrometer-commons:1.13.3
2024-08-24 22:19:14,388 [Worker-0: Download sources and javadoc] INFO  o.e.m.c.i.e.AbstractTransferListenerAdapter - Downloading https://repo.maven.apache.org/maven2/org/springframework/spring-webmvc/6.1.12/spring-webmvc-6.1.12-sources.jar
2024-08-24 22:19:14,433 [Worker-0: Download sources and javadoc] INFO  o.e.m.c.i.e.AbstractTransferListenerAdapter - Downloaded https://repo.maven.apache.org/maven2/org/springframework/spring-webmvc/6.1.12/spring-webmvc-6.1.12-sources.jar
2024-08-24 22:19:14,436 [Worker-0: Download sources and javadoc] INFO  o.e.m.j.internal.DownloadSourcesJob - Downloaded sources for org.springframework:spring-webmvc:6.1.12
2024-08-24 22:19:14,476 [Worker-0: Download sources and javadoc] INFO  o.e.m.c.i.e.AbstractTransferListenerAdapter - Downloading https://repo.maven.apache.org/maven2/org/springframework/boot/spring-boot-devtools/3.3.3/spring-boot-devtools-3.3.3-sources.jar
2024-08-24 22:19:14,494 [Worker-0: Download sources and javadoc] INFO  o.e.m.c.i.e.AbstractTransferListenerAdapter - Downloaded https://repo.maven.apache.org/maven2/org/springframework/boot/spring-boot-devtools/3.3.3/spring-boot-devtools-3.3.3-sources.jar
2024-08-24 22:19:14,497 [Worker-0: Download sources and javadoc] INFO  o.e.m.j.internal.DownloadSourcesJob - Downloaded sources for org.springframework.boot:spring-boot-devtools:3.3.3
2024-08-24 22:19:14,590 [Worker-0: Download sources and javadoc] INFO  o.e.m.c.i.e.AbstractTransferListenerAdapter - Downloading https://repo.maven.apache.org/maven2/org/springframework/boot/spring-boot/3.3.3/spring-boot-3.3.3-sources.jar
2024-08-24 22:19:14,670 [Worker-0: Download sources and javadoc] INFO  o.e.m.c.i.e.AbstractTransferListenerAdapter - Downloaded https://repo.maven.apache.org/maven2/org/springframework/boot/spring-boot/3.3.3/spring-boot-3.3.3-sources.jar
2024-08-24 22:19:14,673 [Worker-0: Download sources and javadoc] INFO  o.e.m.j.internal.DownloadSourcesJob - Downloaded sources for org.springframework.boot:spring-boot:3.3.3
2024-08-24 22:19:14,715 [Worker-0: Download sources and javadoc] INFO  o.e.m.c.i.e.AbstractTransferListenerAdapter - Downloading https://repo.maven.apache.org/maven2/org/springframework/boot/spring-boot-autoconfigure/3.3.3/spring-boot-autoconfigure-3.3.3-sources.jar
2024-08-24 22:19:14,798 [Worker-0: Download sources and javadoc] INFO  o.e.m.c.i.e.AbstractTransferListenerAdapter - Downloaded https://repo.maven.apache.org/maven2/org/springframework/boot/spring-boot-autoconfigure/3.3.3/spring-boot-autoconfigure-3.3.3-sources.jar
2024-08-24 22:19:14,803 [Worker-0: Download sources and javadoc] INFO  o.e.m.j.internal.DownloadSourcesJob - Downloaded sources for org.springframework.boot:spring-boot-autoconfigure:3.3.3
2024-08-24 22:19:15,201 [Worker-0: Download sources and javadoc] INFO  o.e.m.c.i.e.AbstractTransferListenerAdapter - Downloading https://repo.maven.apache.org/maven2/org/projectlombok/lombok/1.18.34/lombok-1.18.34-sources.jar
2024-08-24 22:19:15,270 [Worker-0: Download sources and javadoc] INFO  o.e.m.c.i.e.AbstractTransferListenerAdapter - Downloaded https://repo.maven.apache.org/maven2/org/projectlombok/lombok/1.18.34/lombok-1.18.34-sources.jar
2024-08-24 22:19:15,273 [Worker-0: Download sources and javadoc] INFO  o.e.m.j.internal.DownloadSourcesJob - Downloaded sources for org.projectlombok:lombok:1.18.34
2024-08-24 22:19:15,275 [Worker-10: Building] INFO  o.a.m.s.f.DefaultMavenResourcesFiltering - Copying 1 resource from src/main/resources to target/classes
2024-08-24 22:19:15,311 [Worker-0: Download sources and javadoc] INFO  o.e.m.c.i.e.AbstractTransferListenerAdapter - Downloading https://repo.maven.apache.org/maven2/org/springframework/boot/spring-boot-starter-test/3.3.3/spring-boot-starter-test-3.3.3-sources.jar
2024-08-24 22:19:15,312 [Worker-10: Building] INFO  o.a.m.s.f.DefaultMavenResourcesFiltering - Copying 0 resource from src/main/resources to target/classes
2024-08-24 22:19:15,314 [Worker-0: Download sources and javadoc] INFO  o.e.m.c.i.e.AbstractTransferListenerAdapter - Downloaded https://repo.maven.apache.org/maven2/org/springframework/boot/spring-boot-starter-test/3.3.3/spring-boot-starter-test-3.3.3-sources.jar
2024-08-24 22:19:15,317 [Worker-0: Download sources and javadoc] INFO  o.e.m.j.internal.DownloadSourcesJob - Downloaded sources for org.springframework.boot:spring-boot-starter-test:3.3.3
2024-08-24 22:19:15,320 [Worker-10: Building] INFO  o.a.m.s.f.DefaultMavenResourcesFiltering - skip non existing resourceDirectory /Users/aaravrubral/Documents/workspace/SpringBoot2MediaTypeEx-4/src/test/resources
2024-08-24 22:19:15,363 [Worker-0: Download sources and javadoc] INFO  o.e.m.c.i.e.AbstractTransferListenerAdapter - Downloading https://repo.maven.apache.org/maven2/org/springframework/boot/spring-boot-test/3.3.3/spring-boot-test-3.3.3-sources.jar
2024-08-24 22:19:15,385 [Worker-0: Download sources and javadoc] INFO  o.e.m.c.i.e.AbstractTransferListenerAdapter - Downloaded https://repo.maven.apache.org/maven2/org/springframework/boot/spring-boot-test/3.3.3/spring-boot-test-3.3.3-sources.jar
2024-08-24 22:19:15,387 [Worker-0: Download sources and javadoc] INFO  o.e.m.j.internal.DownloadSourcesJob - Downloaded sources for org.springframework.boot:spring-boot-test:3.3.3
2024-08-24 22:19:15,430 [Worker-0: Download sources and javadoc] INFO  o.e.m.c.i.e.AbstractTransferListenerAdapter - Downloading https://repo.maven.apache.org/maven2/org/springframework/boot/spring-boot-test-autoconfigure/3.3.3/spring-boot-test-autoconfigure-3.3.3-sources.jar
2024-08-24 22:19:15,457 [Worker-0: Download sources and javadoc] INFO  o.e.m.c.i.e.AbstractTransferListenerAdapter - Downloaded https://repo.maven.apache.org/maven2/org/springframework/boot/spring-boot-test-autoconfigure/3.3.3/spring-boot-test-autoconfigure-3.3.3-sources.jar
2024-08-24 22:19:15,460 [Worker-0: Download sources and javadoc] INFO  o.e.m.j.internal.DownloadSourcesJob - Downloaded sources for org.springframework.boot:spring-boot-test-autoconfigure:3.3.3
2024-08-24 22:19:15,502 [Worker-0: Download sources and javadoc] INFO  o.e.m.c.i.e.AbstractTransferListenerAdapter - Downloading https://repo.maven.apache.org/maven2/org/slf4j/slf4j-api/2.0.16/slf4j-api-2.0.16-sources.jar
2024-08-24 22:19:15,515 [Worker-0: Download sources and javadoc] INFO  o.e.m.c.i.e.AbstractTransferListenerAdapter - Downloaded https://repo.maven.apache.org/maven2/org/slf4j/slf4j-api/2.0.16/slf4j-api-2.0.16-sources.jar
2024-08-24 22:19:15,518 [Worker-0: Download sources and javadoc] INFO  o.e.m.j.internal.DownloadSourcesJob - Downloaded sources for org.slf4j:slf4j-api:2.0.16
2024-08-24 22:19:15,559 [Worker-0: Download sources and javadoc] INFO  o.e.m.c.i.e.AbstractTransferListenerAdapter - Downloading https://repo.maven.apache.org/maven2/net/bytebuddy/byte-buddy/1.14.19/byte-buddy-1.14.19-sources.jar
2024-08-24 22:19:15,648 [Worker-0: Download sources and javadoc] INFO  o.e.m.c.i.e.AbstractTransferListenerAdapter - Downloaded https://repo.maven.apache.org/maven2/net/bytebuddy/byte-buddy/1.14.19/byte-buddy-1.14.19-sources.jar
2024-08-24 22:19:15,652 [Worker-0: Download sources and javadoc] INFO  o.e.m.j.internal.DownloadSourcesJob - Downloaded sources for net.bytebuddy:byte-buddy:1.14.19
2024-08-24 22:19:15,693 [Worker-0: Download sources and javadoc] INFO  o.e.m.c.i.e.AbstractTransferListenerAdapter - Downloading https://repo.maven.apache.org/maven2/org/awaitility/awaitility/4.2.2/awaitility-4.2.2-sources.jar
2024-08-24 22:19:15,710 [Worker-0: Download sources and javadoc] INFO  o.e.m.c.i.e.AbstractTransferListenerAdapter - Downloaded https://repo.maven.apache.org/maven2/org/awaitility/awaitility/4.2.2/awaitility-4.2.2-sources.jar
2024-08-24 22:19:15,714 [Worker-0: Download sources and javadoc] INFO  o.e.m.j.internal.DownloadSourcesJob - Downloaded sources for org.awaitility:awaitility:4.2.2
2024-08-24 22:19:15,777 [Worker-0: Download sources and javadoc] INFO  o.e.m.c.i.e.AbstractTransferListenerAdapter - Downloading https://repo.maven.apache.org/maven2/org/junit/jupiter/junit-jupiter/5.10.3/junit-jupiter-5.10.3-sources.jar
2024-08-24 22:19:15,780 [Worker-0: Download sources and javadoc] INFO  o.e.m.c.i.e.AbstractTransferListenerAdapter - Downloaded https://repo.maven.apache.org/maven2/org/junit/jupiter/junit-jupiter/5.10.3/junit-jupiter-5.10.3-sources.jar
2024-08-24 22:19:15,785 [Worker-0: Download sources and javadoc] INFO  o.e.m.j.internal.DownloadSourcesJob - Downloaded sources for org.junit.jupiter:junit-jupiter:5.10.3
2024-08-24 22:19:15,854 [Worker-0: Download sources and javadoc] INFO  o.e.m.c.i.e.AbstractTransferListenerAdapter - Downloading https://repo.maven.apache.org/maven2/org/junit/jupiter/junit-jupiter-api/5.10.3/junit-jupiter-api-5.10.3-sources.jar
2024-08-24 22:19:15,875 [Worker-0: Download sources and javadoc] INFO  o.e.m.c.i.e.AbstractTransferListenerAdapter - Downloaded https://repo.maven.apache.org/maven2/org/junit/jupiter/junit-jupiter-api/5.10.3/junit-jupiter-api-5.10.3-sources.jar
2024-08-24 22:19:15,877 [Worker-0: Download sources and javadoc] INFO  o.e.m.j.internal.DownloadSourcesJob - Downloaded sources for org.junit.jupiter:junit-jupiter-api:5.10.3
2024-08-24 22:19:15,918 [Worker-0: Download sources and javadoc] INFO  o.e.m.c.i.e.AbstractTransferListenerAdapter - Downloading https://repo.maven.apache.org/maven2/org/junit/platform/junit-platform-commons/1.10.3/junit-platform-commons-1.10.3-sources.jar
2024-08-24 22:19:15,930 [Worker-0: Download sources and javadoc] INFO  o.e.m.c.i.e.AbstractTransferListenerAdapter - Downloaded https://repo.maven.apache.org/maven2/org/junit/platform/junit-platform-commons/1.10.3/junit-platform-commons-1.10.3-sources.jar
2024-08-24 22:19:15,949 [Worker-0: Download sources and javadoc] INFO  o.e.m.j.internal.DownloadSourcesJob - Downloaded sources for org.junit.platform:junit-platform-commons:1.10.3
2024-08-24 22:19:16,035 [Worker-0: Download sources and javadoc] INFO  o.e.m.c.i.e.AbstractTransferListenerAdapter - Downloading https://repo.maven.apache.org/maven2/org/junit/jupiter/junit-jupiter-params/5.10.3/junit-jupiter-params-5.10.3-sources.jar
2024-08-24 22:19:16,049 [Worker-0: Download sources and javadoc] INFO  o.e.m.c.i.e.AbstractTransferListenerAdapter - Downloaded https://repo.maven.apache.org/maven2/org/junit/jupiter/junit-jupiter-params/5.10.3/junit-jupiter-params-5.10.3-sources.jar
2024-08-24 22:19:16,052 [Worker-0: Download sources and javadoc] INFO  o.e.m.j.internal.DownloadSourcesJob - Downloaded sources for org.junit.jupiter:junit-jupiter-params:5.10.3
2024-08-24 22:19:16,096 [Worker-0: Download sources and javadoc] INFO  o.e.m.c.i.e.AbstractTransferListenerAdapter - Downloading https://repo.maven.apache.org/maven2/org/junit/jupiter/junit-jupiter-engine/5.10.3/junit-jupiter-engine-5.10.3-sources.jar
2024-08-24 22:19:16,113 [Worker-0: Download sources and javadoc] INFO  o.e.m.c.i.e.AbstractTransferListenerAdapter - Downloaded https://repo.maven.apache.org/maven2/org/junit/jupiter/junit-jupiter-engine/5.10.3/junit-jupiter-engine-5.10.3-sources.jar
2024-08-24 22:19:16,116 [Worker-0: Download sources and javadoc] INFO  o.e.m.j.internal.DownloadSourcesJob - Downloaded sources for org.junit.jupiter:junit-jupiter-engine:5.10.3
2024-08-24 22:19:16,157 [Worker-0: Download sources and javadoc] INFO  o.e.m.c.i.e.AbstractTransferListenerAdapter - Downloading https://repo.maven.apache.org/maven2/org/junit/platform/junit-platform-engine/1.10.3/junit-platform-engine-1.10.3-sources.jar
2024-08-24 22:19:16,180 [Worker-0: Download sources and javadoc] INFO  o.e.m.c.i.e.AbstractTransferListenerAdapter - Downloaded https://repo.maven.apache.org/maven2/org/junit/platform/junit-platform-engine/1.10.3/junit-platform-engine-1.10.3-sources.jar
2024-08-24 22:19:16,183 [Worker-0: Download sources and javadoc] INFO  o.e.m.j.internal.DownloadSourcesJob - Downloaded sources for org.junit.platform:junit-platform-engine:1.10.3
2024-08-24 22:19:16,227 [Worker-0: Download sources and javadoc] INFO  o.e.m.c.i.e.AbstractTransferListenerAdapter - Downloading https://repo.maven.apache.org/maven2/net/bytebuddy/byte-buddy-agent/1.14.19/byte-buddy-agent-1.14.19-sources.jar
2024-08-24 22:19:16,253 [Worker-0: Download sources and javadoc] INFO  o.e.m.c.i.e.AbstractTransferListenerAdapter - Downloaded https://repo.maven.apache.org/maven2/net/bytebuddy/byte-buddy-agent/1.14.19/byte-buddy-agent-1.14.19-sources.jar
2024-08-24 22:19:16,260 [Worker-0: Download sources and javadoc] INFO  o.e.m.j.internal.DownloadSourcesJob - Downloaded sources for net.bytebuddy:byte-buddy-agent:1.14.19
2024-08-24 22:19:16,315 [Worker-0: Download sources and javadoc] INFO  o.e.m.c.i.e.AbstractTransferListenerAdapter - Downloading https://repo.maven.apache.org/maven2/org/skyscreamer/jsonassert/1.5.3/jsonassert-1.5.3-sources.jar
2024-08-24 22:19:16,325 [Worker-0: Download sources and javadoc] INFO  o.e.m.c.i.e.AbstractTransferListenerAdapter - Downloaded https://repo.maven.apache.org/maven2/org/skyscreamer/jsonassert/1.5.3/jsonassert-1.5.3-sources.jar
2024-08-24 22:19:16,329 [Worker-0: Download sources and javadoc] INFO  o.e.m.j.internal.DownloadSourcesJob - Downloaded sources for org.skyscreamer:jsonassert:1.5.3
2024-08-24 22:19:16,380 [Worker-0: Download sources and javadoc] INFO  o.e.m.c.i.e.AbstractTransferListenerAdapter - Downloading https://repo.maven.apache.org/maven2/org/springframework/spring-core/6.1.12/spring-core-6.1.12-sources.jar
2024-08-24 22:19:16,461 [Worker-0: Download sources and javadoc] INFO  o.e.m.c.i.e.AbstractTransferListenerAdapter - Downloaded https://repo.maven.apache.org/maven2/org/springframework/spring-core/6.1.12/spring-core-6.1.12-sources.jar
2024-08-24 22:19:16,465 [Worker-0: Download sources and javadoc] INFO  o.e.m.j.internal.DownloadSourcesJob - Downloaded sources for org.springframework:spring-core:6.1.12
2024-08-24 22:19:16,510 [Worker-0: Download sources and javadoc] INFO  o.e.m.c.i.e.AbstractTransferListenerAdapter - Downloading https://repo.maven.apache.org/maven2/org/springframework/spring-jcl/6.1.12/spring-jcl-6.1.12-sources.jar
2024-08-24 22:19:16,514 [Worker-0: Download sources and javadoc] INFO  o.e.m.c.i.e.AbstractTransferListenerAdapter - Downloaded https://repo.maven.apache.org/maven2/org/springframework/spring-jcl/6.1.12/spring-jcl-6.1.12-sources.jar
2024-08-24 22:19:16,517 [Worker-0: Download sources and javadoc] INFO  o.e.m.j.internal.DownloadSourcesJob - Downloaded sources for org.springframework:spring-jcl:6.1.12
2024-08-24 22:19:16,558 [Worker-0: Download sources and javadoc] INFO  o.e.m.c.i.e.AbstractTransferListenerAdapter - Downloading https://repo.maven.apache.org/maven2/org/springframework/spring-test/6.1.12/spring-test-6.1.12-sources.jar
2024-08-24 22:19:16,599 [Worker-0: Download sources and javadoc] INFO  o.e.m.c.i.e.AbstractTransferListenerAdapter - Downloaded https://repo.maven.apache.org/maven2/org/springframework/spring-test/6.1.12/spring-test-6.1.12-sources.jar
2024-08-24 22:19:16,603 [Worker-0: Download sources and javadoc] INFO  o.e.m.j.internal.DownloadSourcesJob - Downloaded sources for org.springframework:spring-test:6.1.12
2024-08-24 22:19:16,640 [Worker-0: Download sources and javadoc] INFO  o.e.m.c.i.e.AbstractTransferListenerAdapter - Downloading https://repo.maven.apache.org/maven2/org/springframework/security/spring-security-test/6.3.3/spring-security-test-6.3.3-sources.jar
2024-08-24 22:19:16,659 [Worker-0: Download sources and javadoc] INFO  o.e.m.c.i.e.AbstractTransferListenerAdapter - Downloaded https://repo.maven.apache.org/maven2/org/springframework/security/spring-security-test/6.3.3/spring-security-test-6.3.3-sources.jar
2024-08-24 22:19:16,663 [Worker-0: Download sources and javadoc] INFO  o.e.m.j.internal.DownloadSourcesJob - Downloaded sources for org.springframework.security:spring-security-test:6.3.3
2024-08-24 22:19:16,704 [Worker-0: Download sources and javadoc] INFO  o.e.m.c.i.e.AbstractTransferListenerAdapter - Downloading https://repo.maven.apache.org/maven2/org/springframework/security/spring-security-core/6.3.3/spring-security-core-6.3.3-sources.jar
2024-08-24 22:19:16,742 [Worker-0: Download sources and javadoc] INFO  o.e.m.c.i.e.AbstractTransferListenerAdapter - Downloaded https://repo.maven.apache.org/maven2/org/springframework/security/spring-security-core/6.3.3/spring-security-core-6.3.3-sources.jar
2024-08-24 22:19:16,745 [Worker-0: Download sources and javadoc] INFO  o.e.m.j.internal.DownloadSourcesJob - Downloaded sources for org.springframework.security:spring-security-core:6.3.3
2024-08-24 22:19:16,788 [Worker-0: Download sources and javadoc] INFO  o.e.m.c.i.e.AbstractTransferListenerAdapter - Downloading https://repo.maven.apache.org/maven2/org/springframework/security/spring-security-crypto/6.3.3/spring-security-crypto-6.3.3-sources.jar
2024-08-24 22:19:16,803 [Worker-0: Download sources and javadoc] INFO  o.e.m.c.i.e.AbstractTransferListenerAdapter - Downloaded https://repo.maven.apache.org/maven2/org/springframework/security/spring-security-crypto/6.3.3/spring-security-crypto-6.3.3-sources.jar
2024-08-24 22:19:16,806 [Worker-0: Download sources and javadoc] INFO  o.e.m.j.internal.DownloadSourcesJob - Downloaded sources for org.springframework.security:spring-security-crypto:6.3.3
2024-08-24 22:19:16,932 [Worker-10: Building] INFO  o.a.m.s.f.DefaultMavenResourcesFiltering - Copying 1 resource from src/main/resources to target/classes
2024-08-24 22:19:16,959 [Worker-10: Building] INFO  o.a.m.s.f.DefaultMavenResourcesFiltering - Copying 0 resource from src/main/resources to target/classes
2024-08-24 22:19:16,965 [Worker-10: Building] INFO  o.a.m.s.f.DefaultMavenResourcesFiltering - skip non existing resourceDirectory /Users/aaravrubral/Documents/workspace/SpringBoot2RestMediaTypeEx/src/test/resources
2024-08-24 22:19:17,933 [Worker-7: Building] INFO  o.a.m.s.f.DefaultMavenResourcesFiltering - Copying 1 resource from src/main/resources to target/classes
2024-08-24 22:19:17,959 [Worker-7: Building] INFO  o.a.m.s.f.DefaultMavenResourcesFiltering - Copying 0 resource from src/main/resources to target/classes
2024-08-24 22:19:17,965 [Worker-7: Building] INFO  o.a.m.s.f.DefaultMavenResourcesFiltering - skip non existing resourceDirectory /Users/aaravrubral/Documents/workspace/SpringSecurityDemo/src/test/resources
2024-08-24 22:20:07,665 [Worker-13: Building] INFO  o.a.m.s.f.DefaultMavenResourcesFiltering - Copying 1 resource from src/main/resources to target/classes
2024-08-24 22:20:07,717 [Worker-13: Building] INFO  o.a.m.s.f.DefaultMavenResourcesFiltering - Copying 0 resource from src/main/resources to target/classes
2024-08-24 22:20:07,722 [Worker-13: Building] INFO  o.a.m.s.f.DefaultMavenResourcesFiltering - skip non existing resourceDirectory /Users/aaravrubral/Documents/workspace/SpringSecurityDemo/src/test/resources
2024-08-24 22:22:13,042 [Worker-5: Launching SpringSecurityDemo - SpringSecurityDemoApplication] INFO  o.a.m.s.f.DefaultMavenResourcesFiltering - Copying 1 resource from src/main/resources to target/classes
2024-08-24 22:22:13,091 [Worker-5: Launching SpringSecurityDemo - SpringSecurityDemoApplication] INFO  o.a.m.s.f.DefaultMavenResourcesFiltering - Copying 0 resource from src/main/resources to target/classes
2024-08-24 22:22:13,095 [Worker-5: Launching SpringSecurityDemo - SpringSecurityDemoApplication] INFO  o.a.m.s.f.DefaultMavenResourcesFiltering - skip non existing resourceDirectory /Users/aaravrubral/Documents/workspace/SpringSecurityDemo/src/test/resources
2024-08-24 22:25:01,740 [Worker-14: Building] INFO  o.a.m.s.f.DefaultMavenResourcesFiltering - Copying 1 resource from src/main/resources to target/classes
2024-08-24 22:25:01,746 [Worker-14: Building] INFO  o.a.m.s.f.DefaultMavenResourcesFiltering - Copying 0 resource from src/main/resources to target/classes
2024-08-24 22:25:01,751 [Worker-14: Building] INFO  o.a.m.s.f.DefaultMavenResourcesFiltering - skip non existing resourceDirectory /Users/aaravrubral/Documents/workspace/SpringSecurityDemo/src/test/resources
2024-08-24 23:18:49,929 [Worker-19: Building] INFO  o.a.m.s.f.DefaultMavenResourcesFiltering - Copying 1 resource from src/main/resources to target/classes
2024-08-24 23:18:49,934 [Worker-19: Building] INFO  o.a.m.s.f.DefaultMavenResourcesFiltering - Copying 0 resource from src/main/resources to target/classes
2024-08-24 23:18:49,939 [Worker-19: Building] INFO  o.a.m.s.f.DefaultMavenResourcesFiltering - skip non existing resourceDirectory /Users/aaravrubral/Documents/workspace/SpringSecurityDemo/src/test/resources
